tree
version=v4
num_class=1
num_tree_per_iteration=1
label_index=0
max_feature_idx=192
objective=binary sigmoid:1
feature_names=従業員数 業界 上場種別 特徴 事業所数 工場数 店舗数 資本金 総資産 流動資産 固定資産 負債 短期借入金 長期借入金 純資産 自己資本 売上 営業利益 経常利益 当期純利益 営業CF 減価償却費 運転資本変動 投資CF 有形固定資産変動 無形固定資産変動(ソフトウェア関連) アンケート１ アンケート２ アンケート３ アンケート４ アンケート５ アンケート６ アンケート７ アンケート８ アンケート９ アンケート１０ アンケート１１ 自己資本比率 ROE ROA 売上高営業利益率 売上高経常利益率 流動資産比率 負債比率 有利子負債 有利子負債比率 一人当たり売上 一人当たり営業利益 事業所あたり従業員数 フリーCF 減価償却費率 無形固定資産変動率 有形固定資産変動率 ソフトウェア投資対有形固定資産比 DX前向きスコア合計 DX前向きスコア平均 DX抵抗感 戦略実感ギャップ 導入済みフラグ 既存ツール満足度欠損フラグ セキュリティ整備度 企業概要_len 組織図_len 今後のDX展望_len 企業名_len DXキーワード数_企業概要 DXキーワード数_DX展望 DX部署有無_組織図 組織図行数 工場数欠損フラグ 店舗数欠損フラグ 店舗数_事業所数比 工場数_事業所数比 企業概要_svd0 企業概要_svd1 企業概要_svd2 企業概要_svd3 企業概要_svd4 企業概要_svd5 企業概要_svd6 企業概要_svd7 企業概要_svd8 企業概要_svd9 企業概要_svd10 企業概要_svd11 企業概要_svd12 企業概要_svd13 企業概要_svd14 企業概要_svd15 企業概要_svd16 企業概要_svd17 企業概要_svd18 企業概要_svd19 企業概要_svd20 企業概要_svd21 企業概要_svd22 企業概要_svd23 企業概要_svd24 企業概要_svd25 企業概要_svd26 企業概要_svd27 企業概要_svd28 企業概要_svd29 企業概要_svd30 企業概要_svd31 企業概要_svd32 企業概要_svd33 企業概要_svd34 企業概要_svd35 企業概要_svd36 企業概要_svd37 企業概要_svd38 企業概要_svd39 今後のDX展望_svd0 今後のDX展望_svd1 今後のDX展望_svd2 今後のDX展望_svd3 今後のDX展望_svd4 今後のDX展望_svd5 今後のDX展望_svd6 今後のDX展望_svd7 今後のDX展望_svd8 今後のDX展望_svd9 今後のDX展望_svd10 今後のDX展望_svd11 今後のDX展望_svd12 今後のDX展望_svd13 今後のDX展望_svd14 今後のDX展望_svd15 今後のDX展望_svd16 今後のDX展望_svd17 今後のDX展望_svd18 今後のDX展望_svd19 今後のDX展望_svd20 今後のDX展望_svd21 今後のDX展望_svd22 今後のDX展望_svd23 今後のDX展望_svd24 今後のDX展望_svd25 今後のDX展望_svd26 今後のDX展望_svd27 今後のDX展望_svd28 今後のDX展望_svd29 今後のDX展望_svd30 今後のDX展望_svd31 今後のDX展望_svd32 今後のDX展望_svd33 今後のDX展望_svd34 今後のDX展望_svd35 今後のDX展望_svd36 今後のDX展望_svd37 今後のDX展望_svd38 今後のDX展望_svd39 組織図_svd0 組織図_svd1 組織図_svd2 組織図_svd3 組織図_svd4 組織図_svd5 組織図_svd6 組織図_svd7 組織図_svd8 組織図_svd9 組織図_svd10 組織図_svd11 組織図_svd12 組織図_svd13 組織図_svd14 組織図_svd15 組織図_svd16 組織図_svd17 組織図_svd18 組織図_svd19 組織図_svd20 組織図_svd21 組織図_svd22 組織図_svd23 組織図_svd24 組織図_svd25 組織図_svd26 組織図_svd27 組織図_svd28 組織図_svd29 組織図_svd30 組織図_svd31 組織図_svd32 組織図_svd33 組織図_svd34 組織図_svd35 組織図_svd36 組織図_svd37 組織図_svd38 組織図_svd39
feature_infos=[188:163584] -1:3:19:18:2:7:10:6:21:5:0:1:4:9:23:13:16:14:15:17:11:20:12:22:28:8:25 -1:1:2:0 -1:0:1:2 [1:1996] [1:203] [1:1970] [10:2191252] [2045:413082177] [1016:182792999] [1030:230289178] [1313:391919566] [0:2571806] [0:7189534] [-5025:36000857] [-5050:34955086] [6006:46209078] [-496655:5416709] [-34054:2163659] [-320490:5091601] [-295490:9433233] [20:1500000] [-200000:200000] [-870274:538] [-500000:30000] [-370274:-14] [1:5] [1:5] [1:5] [1:5] [1:5] [1:2] [1:5] [1:5] [1:5] [1:5] [1:5] [-0.72620074777106702:0.94471274555178109] [-2.0081707844329011:572.33333333333337] [-0.57481211569118651:0.32413160542043906] [-1.1239101091371586:0.63147520788420075] [-0.14074517988882229:0.73281710589995164] [0.14264881820895201:0.85948755424975021] [-16013:69.607784373372098] [0:9761340] [0:0.70664110162105631] [2.3394021739130433:4544.4089700996674] [-116.34010971281059:677.12091333679291] [0.36172344689378755:163584] [-350142:8802568] [0.0011817853783210139:0.086119107030979192] [-0.082882882882882883:-1.4712643961487998e-05] [-0.097840178069124081:0.01433938455361496] [-2327:-0.0066644451849383543] [8:31] [1.1428571428571428:4.4285714285714288] [1:5] [-4:4] [0:1] [0:1] [1:5] [17:731] [42:1615] [215:1224] [6:19] [0:7] [2:18] [0:1] [1:65] [0:1] [0:1] [0:1208] [0:28] [0.059291738461631549:0.42202494794091239] [-0.35648265517581335:0.26924672596573668] [-0.42548735653756142:0.39793895389761996] [-0.15843601711672553:0.75369143884612066] [-0.24500498607103469:0.44153778136663685] [-0.18518287509461154:0.55705899515015889] [-0.17939821446177659:0.52530911260025315] [-0.20026510536239742:0.29004973676596801] [-0.2332455215738444:0.38683284252406946] [-0.23214036987526554:0.39618191373005568] [-0.26162825122124495:0.34353516782484794] [-0.20307089173253598:0.29970663231028583] [-0.23768843768562603:0.29337698407156282] [-0.17688645016347296:0.30590661858832069] [-0.24749992180614969:0.18916525921779648] [-0.2355532571618385:0.29126837546431122] [-0.24278733497518279:0.18070551216666167] [-0.22608497816382084:0.25407861195746118] [-0.31400258217092902:0.38846327370801625] [-0.19719727062828599:0.20784095377798828] [-0.17565137607990586:0.21496913256485428] [-0.17485241897622078:0.23320382870949338] [-0.17575132336748886:0.22151094607801528] [-0.196044299529789:0.21687154130050879] [-0.24600700397496358:0.19799557888417568] [-0.22279645737345619:0.25975153373498394] [-0.21108226128222821:0.17066269502567988] [-0.24320068316049293:0.25552377351544925] [-0.17015386760577411:0.20542416504001085] [-0.15442240248741171:0.27828092304972279] [-0.23247500016155748:0.18545640617512144] [-0.16265707435453797:0.18790968569614597] [-0.15769659826149116:0.20016460144794987] [-0.17780461649981899:0.18346268341211547] [-0.1619766787168006:0.17511012853740957] [-0.1659412102654888:0.17804675703404779] [-0.22354717239264865:0.21009428031976207] [-0.22011258068020656:0.19325727171261853] [-0.17192281157996636:0.19349653072519271] [-0.1902745964351398:0.18699562207039905] [0.14771338078972335:0.36039217116531347] [-0.23735908458237173:0.22638595548551438] [-0.19341622235949515:0.19409702885958921] [-0.17817714954407887:0.18010742333771093] [-0.18030633378723834:0.18274182288905316] [-0.15443644564959716:0.18380045634580522] [-0.15834202159673669:0.21584408891445844] [-0.14662038324709797:0.18124369835490395] [-0.17944279453224604:0.20252676593841162] [-0.17027300617707677:0.19261377973667088] [-0.17148223474809426:0.13291803083570458] [-0.16934216713698325:0.17113845939237191] [-0.13614742121483581:0.19059282648283835] [-0.14361760344238284:0.18229728606181803] [-0.12913997304761343:0.16521901125787825] [-0.16042954493250083:0.23610457391255282] [-0.12727183954817506:0.16331278310375552] [-0.1506064205373798:0.13428772490591723] [-0.16723186370262849:0.14279876354713106] [-0.14121480566803044:0.1617944616452173] [-0.1672965711014853:0.15246979455241466] [-0.15123844575152803:0.14176310722150445] [-0.13495592966491601:0.15513562597108163] [-0.14540803701812691:0.13751211674500682] [-0.14694196215014918:0.14745131713558027] [-0.14346374967714859:0.11929310325090105] [-0.16645544771201387:0.21614937752624128] [-0.14706981423392282:0.1311380201915279] [-0.14153752740084957:0.18676860132399353] [-0.14299847053928746:0.16492997370129048] [-0.15461929961790988:0.14807956503996192] [-0.14251763691211969:0.12671889735872074] [-0.14573910671114981:0.14978561138257848] [-0.15206840980275105:0.15075933446268872] [-0.1285436377177385:0.14903456994048125] [-0.13825788082389059:0.12884431534719501] [-0.13306668441963962:0.15983336114468735] [-0.13120932842003374:0.11885187356145889] [-0.13476658710753631:0.13998698478931904] [-0.13193598730061287:0.11858737742221878] [0.068860621976153794:0.57856855795026529] [-0.40924145919437793:0.31284282384538992] [-0.35257961987954251:0.29090132290248594] [-0.34195151399647417:0.35940517028114971] [-0.38883531749102085:0.2468543941648049] [-0.26193688297110979:0.32452402039588968] [-0.30418894141987063:0.37961158857485522] [-0.2758698308710506:0.36908057888426932] [-0.19392700596800472:0.62087050526130261] [-0.28776639018162753:0.41398392922718763] [-0.23368671809128888:0.24740662997478219] [-0.34187432817711139:0.29074365291925952] [-0.21171717777901172:0.22704561036911344] [-0.23791908964390041:0.28423618597306755] [-0.17787298556362224:0.32173026064731264] [-0.21858381575654415:0.217873923575538] [-0.28160711416056616:0.23664392114981661] [-0.22564747265355664:0.38257002034435733] [-0.24054793349993572:0.25637294491560492] [-0.19227975073655609:0.25224188676720899] [-0.19869380208562634:0.29725083589083562] [-0.26458448604851731:0.21701792835225928] [-0.18969550374761143:0.27018055148524922] [-0.206752854311472:0.27754548042784688] [-0.22317911213689415:0.30574444077139468] [-0.18081673267390325:0.26802047254778544] [-0.24427634430466688:0.26238863506183585] [-0.20692992526906889:0.3028182275314289] [-0.22925689146892031:0.20940832064186118] [-0.18796364735151458:0.20199307289288251] [-0.18123824716582432:0.18592182728078546] [-0.1995744815395962:0.21669701914339201] [-0.2262093408002154:0.20108238600854986] [-0.16996634869374852:0.19375166806291932] [-0.17031835097033352:0.31889065821201495] [-0.19348421550583497:0.27073647226750375] [-0.19151106587767194:0.21470880508599877] [-0.21438044212206844:0.22650792020992377] [-0.20144337753846037:0.20788931559365728] [-0.15699239699721815:0.17781776926436971]
tree_sizes=1684 1712 1701 1722 1717 1718 1723 1720 1719 1722 1727 1725 1718 1722 1720 1725 1725 1715 1721 1732 1727 1715 1715 1718 1724 1726 1735 1725 1725 1713 1737 1721 1727 1720 1721 1719 1720 1718 1726 1723 1724 1723 1722 1739 1730 1721 1730 1723 1720 1740 1732 1752 1729 1730 1750 1730 1718 1727 1740 1729 1724 1725 1734 1731 1727 1721 1721 1751 1731 1728 1734 1730 1719 1737 1731 1733 1725 1729 1729 1744 1729 1738 1721 1730 1761 1730 1739 1737 1741 1745 1732 1741 1733 1740 1730 1750 1724 1738 1731 1751 1752 1745 1755 1740 1755 1743 1751 1751 1747 1741 1749 1743 1752 1770 1751 1763 1763 1760 1753 1748 1749 1754 1769 1756

Tree=0
num_leaves=15
num_cat=0
split_feature=114 41 75 40 164 192 117 95 161 115 83 146 164 39
split_gain=223.403 110.792 58.3532 41.9385 37.4756 31.4785 29.4665 20.6714 17.9229 15.5533 15.2446 27.3768 14.1954 13.8905
threshold=-0.12263837469701476 0.07916835669970769 -0.016013518036353997 0.055698979584662058 -0.011686288011946684 0.0039704998826483795 -0.035506150668408877 1.0000000180025095e-35 -0.11636210519900321 -0.074206882538978711 -0.063521115891237503 0.028371846384747833 -0.17660655088865787 0.039492836195100543
decision_type=2 8 2 8 2 2 2 2 2 2 2 2 2 2
left_child=3 10 6 5 7 13 -3 -4 -6 -10 11 -2 -5 -1
right_child=1 2 4 12 8 -7 -8 -9 9 -11 -12 -13 -14 -15
leaf_value=-1.214476370960744 -1.214476370960744 -1.0647229806460443 -1.0620702486165263 -1.214476370960744 -1.2144763709607438 -0.99516347756095958 -1.214476370960744 -1.214476370960744 -1.2144763709607438 -0.97956235672922842 -1.2088948116314842 -1.0187262761328331 -0.95809142680141091 -1.0472598815016463
leaf_weight=3.6556926369667035 4.021261900663375 5.2507182508707038 6.1911911219358462 0.5483538955450048 0.91392315924167888 6.45362488925457 8.773662328720091 3.4729080051183701 0.73113852739334362 19.413974091410637 28.175383016467094 3.2135375887155533 34.96292120218277 1.8809457421302793
leaf_count=20 22 18 21 3 5 16 48 19 4 44 152 9 69 6
internal_value=-1.07527 -1.12619 -1.0739 -0.98935 -1.03532 -1.0702 -1.15841 -1.11684 -0.997913 -0.988088 -1.19227 -1.12753 -0.96205 -1.15767
internal_weight=127.659 80.1577 44.7475 47.5015 30.7231 11.9903 14.0244 9.6641 21.059 20.1451 35.4102 7.2348 35.5113 5.53664
internal_count=456 342 159 114 93 42 66 40 53 48 183 31 72 26
is_linear=0
shrinkage=1


Tree=1
num_leaves=15
num_cat=0
split_feature=76 51 10 39 79 97 40 130 23 0 132 93 129 138
split_gain=81.676 66.1526 70.464 36.6683 31.039 29.8811 35.7083 25.791 32.2041 18.2306 24.0533 17.9188 17.8861 11.5162
threshold=-0.046137567622267145 -0.0095927726654544253 1794079.0000000002 0.042123558619624017 -0.012475864279211072 0.06327741156236906 0.34698835987247684 -0.016781749589900547 -4582.4999999999991 851.00000000000011 -0.017814698790041592 -0.052862648625549631 -0.009375732311409252 0.053568469740017145
decision_type=2 2 2 2 2 2 10 2 2 2 2 2 2 2
left_child=7 3 5 4 12 6 -3 8 -1 10 -5 -6 -2 -4
right_child=1 2 13 9 11 -7 -8 -9 -10 -11 -12 -13 -14 -15
leaf_value=0.11654757002772892 0.01857493739466452 -0.057907473608422348 0.083696129839979289 0.14669635944443607 0.084984509421985932 0.1037413261545086 0.16139517953386115 -0.047226898133508208 -0.065424286340719562 0.15778316946173468 -0.022531231426299564 -0.065674141349306978 0.14803915825588082 0.17931356144598429
leaf_weight=6.8450580388307571 3.7149641811847678 19.395522236824043 6.2468174993991834 5.1149042248725891 3.1018413752317429 4.5822552591562262 2.0526225566864005 17.172140121459961 3.7706243991851824 36.842510804533958 3.5620880126953107 5.4259866923093778 9.4646117240190524 6.350050613284111
leaf_count=19 16 104 20 11 10 13 4 91 21 74 17 30 21 11
internal_value=0.0669378 0.0869649 0.0348197 0.116927 0.063453 -0.0121586 -0.0369199 -0.00935311 0.0519123 0.142427 0.0772249 -0.0108748 0.111547 0.131897
internal_weight=133.642 105.854 38.6273 67.2269 21.7074 26.0304 21.4481 27.7878 10.6157 45.5195 8.67699 8.52783 13.1796 12.5969
internal_count=462 331 152 179 77 121 108 131 40 102 28 40 37 31
is_linear=0
shrinkage=0.05


Tree=2
num_leaves=15
num_cat=0
split_feature=114 39 49 76 19 191 161 4 101 75 27 189 37 62
split_gain=182.988 75.0999 55.4901 43.9999 22.3574 22.2817 22.1151 21.4375 21.538 16.4565 19.3649 32.8771 10.5488 9.8389
threshold=-0.052559491032606521 0.099047736002543282 186572.00000000003 -0.060444242867131716 103.00000000000001 0.11488468621699385 0.040633666242072659 58.500000000000007 0.016697425704508616 -0.044502025367536203 1.5000000000000002 0.054770084053298813 0.67913322375484553 127.00000000000001
decision_type=2 2 2 2 2 2 2 10 2 2 2 2 2 2
left_child=3 2 5 6 -5 7 -1 -2 -9 10 -6 -12 -3 -11
right_child=1 12 -4 4 9 -7 -8 8 -10 13 11 -13 -14 -15
leaf_value=-0.04138094028305888 -0.061395755521280071 0.06532154046745961 0.12525987290481269 -0.066044559356789739 0.1530956096357316 0.093421018364254038 0.14151236047815527 -0.065991470995987997 0.12942979527471404 -0.066236526323859887 -0.066720833996484555 0.13770256841523176 0.16552836244598823 0.14614610700433509
leaf_weight=6.278522387146948 40.754028141498566 4.6716217100620252 5.6425998955965033 1.4638655930757511 5.6162364780902845 2.9323795884847632 2.2434457838535309 2.5491473823785773 3.1549591869115829 0.55100314319133659 4.0899564623832703 3.7889626920223236 5.998715341091156 52.836768060922623
leaf_count=32 227 15 13 8 10 9 5 14 7 3 22 8 10 98
internal_value=0.0615261 0.000256481 -0.0232817 0.113896 0.127254 -0.0402518 0.00676653 -0.048689 0.0420966 0.131485 0.0821543 0.0315861 0.121656 0.143954
internal_weight=142.572 65.7035 55.0331 76.8688 68.3468 49.3905 8.52197 46.4581 5.70411 66.8829 13.4952 7.87892 10.6703 53.3878
internal_count=481 295 270 186 149 257 37 248 21 141 40 30 25 101
is_linear=0
shrinkage=0.05


Tree=3
num_leaves=15
num_cat=0
split_feature=114 39 17 40 53 138 187 86 43 109 4 152 129 173
split_gain=169.825 49.4702 63.7325 25.7027 24.2307 23.1099 26.6939 16.7638 28.5698 12.1174 10.2552 8.51224 7.07018 7.12237
threshold=-0.052559491032606521 0.099047736002543282 248485.50000000003 0.065048042347855203 -4.6363065845320461 -0.047366943964383137 -0.044548592911594444 -0.070616531906723137 0.56248454610854204 -0.089676777180066183 70.000000000000014 -0.083446868765129606 -0.068737212888595953 -0.096338665835300305
decision_type=2 2 10 8 2 2 2 2 2 2 10 2 2 2
left_child=3 2 7 4 -1 -6 -7 8 -2 -5 -9 -11 -13 -14
right_child=1 -3 -4 9 5 6 -8 10 -10 11 -12 12 13 -15
leaf_value=0.13827350648182954 0.11198034338418138 0.10270773915375274 0.14389121718500647 -0.067917554165908806 0.11650306371500946 0.083286324003378154 -0.066550729558003341 -0.064589734761328274 -0.064617199583033746 -0.065826579443877029 0.02775903120313988 -0.071616140321288532 -0.070631732930637389 0.1379607653369985
leaf_weight=8.1989990472793597 4.3239728808402997 8.9754399508237821 5.0911372303962699 0.77132813632488151 5.8386906087398556 5.0802029520273235 7.1642732769250825 35.209874153137207 4.869264617562294 0.53805787861347099 3.2868782728910437 0.41349068284034629 0.41296897828578849 45.198408052325249
leaf_count=15 11 21 9 4 13 14 39 203 28 3 13 2 2 76
internal_value=0.0553308 -0.00581278 -0.0242667 0.106624 0.0669752 0.0346482 -0.00438371 -0.0422184 0.0184442 0.128639 -0.0567049 0.131895 0.134206 0.136072
internal_weight=135.373 61.7566 52.7811 73.6164 26.2822 18.0832 12.2445 47.69 9.19324 47.3343 38.4968 46.5629 46.0249 45.6114
internal_count=453 285 264 168 81 66 53 255 39 87 216 83 80 78
is_linear=0
shrinkage=0.05


Tree=4
num_leaves=15
num_cat=0
split_feature=75 113 53 47 66 40 116 0 80 177 165 80 124 93
split_gain=68.5439 45.6483 34.9957 27.8141 27.1361 25.2182 33.0209 21.3422 19.8269 18.0559 13.0599 11.5261 11.357 17.4589
threshold=-0.037021073113341164 0.29454176256520365 -0.17287060765321632 1.8941389579687453 8.5000000000000018 0.059198057836569333 0.064300021734663496 981.50000000000011 0.10838128008230845 0.040901433721191822 -0.12322624410662743 -0.12270167922104121 -0.0080137129575996533 0.010021337139018635
decision_type=2 2 2 10 2 8 2 2 2 2 2 2 2 2
left_child=1 3 5 -1 -5 6 8 9 -2 12 -9 -12 -7 -14
right_child=2 -3 -4 4 -6 7 -8 10 -10 -11 11 -13 13 -15
leaf_value=-0.044386992561294247 -0.064297021579100014 -0.064226102223451903 -0.064497297440920212 -0.032356200079154789 0.10687436924232196 0.11747590287781545 0.098419792298571229 -0.070274794468076413 0.084145813070847231 -0.066868599524928643 -0.065356666800933882 0.11600840128620507 0.086518325181469624 -0.067236964096917873
leaf_weight=7.0894032120704678 8.5541881024837512 17.813933148980141 4.4271250516176215 4.6701902151107815 13.961961165070532 6.5379448533058175 10.086553171277044 0.9912264347076406 3.0520283281803122 2.9562160521745673 0.89118053019046684 51.5104720890522 4.8714499473571786 2.9730589538812637
leaf_count=37 50 105 26 24 32 13 25 5 9 16 5 98 12 16
internal_value=0.0494059 -0.00270424 0.0728298 0.0399038 0.0719759 0.0794078 0.0322468 0.0938717 -0.0252618 0.045675 0.109523 0.112924 0.0688075 0.0282453
internal_weight=140.387 43.5355 96.8514 25.7216 18.6322 92.4243 21.6928 70.7315 11.6062 17.3387 53.3929 52.4017 14.3825 7.84451
internal_count=473 198 275 93 56 249 84 165 59 57 108 103 41 28
is_linear=0
shrinkage=0.05


Tree=5
num_leaves=15
num_cat=0
split_feature=114 40 40 146 75 0 114 38 86 63 121 48 168 192
split_gain=128.888 43.8119 39.2702 40.2367 27.2523 20.6188 25.0723 17.9888 17.9603 17.9531 16.1162 13.8791 13.1152 5.53794
threshold=-0.032341764833718673 0.079702500770126875 0.056298359982385353 -0.003836188436946194 -0.02623281775724726 1001.5000000000001 -0.12263837469701476 0.13381490633344953 -0.076571845893560822 824.50000000000011 0.0055250670897741576 550.50000000000011 -0.078766106967168126 -0.12181553595632512
decision_type=2 10 8 2 2 2 2 2 2 2 2 8 2 2
left_child=2 8 3 -1 -3 6 12 9 -2 -6 11 -5 -4 -7
right_child=1 4 5 10 7 13 -8 -9 -10 -11 -12 -13 -14 -15
leaf_value=-0.065449376411058899 0.051527316891013031 -0.04329167828230323 -0.07263754418739031 -0.064401913019651091 0.077749345834666195 -0.067149701509848017 -0.036394234031958635 0.11425521796267063 -0.063377122309147535 -0.065728421566044207 0.12812005661491474 0.081066446374149434 0.11335933393874656 0.12498203215974329
leaf_weight=7.2833775579929378 3.9058250188827541 7.2789647728204754 1.0338059216737772 2.7421219944953901 5.2339059114456195 0.37785549461841483 4.8274985253810874 10.567837476730345 26.301009252667427 3.7369761019945145 7.7024814337491989 4.0784887224435806 11.388875707983969 50.526005044579506
leaf_count=41 14 40 5 16 15 2 23 18 160 21 14 11 19 76
internal_value=0.0515828 -0.00722507 0.0888601 0.030458 0.0392882 0.107546 0.0603037 0.0700526 -0.0485197 0.0179812 0.0785558 0.0225831 0.0978808 0.123556
internal_weight=146.985 57.0245 89.9605 21.8065 26.8177 68.154 17.2502 19.5387 30.2068 8.97088 14.5231 6.82061 12.4227 50.9039
internal_count=475 268 207 82 94 125 47 54 174 36 41 27 24 78
is_linear=0
shrinkage=0.05


Tree=6
num_leaves=15
num_cat=0
split_feature=114 32 84 86 171 168 41 120 116 146 52 139 129 118
split_gain=127.405 42.0272 27.4939 26.755 26.5779 18.5146 18.1683 23.2879 17.9898 17.6809 13.4672 6.36871 6.03622 5.01378
threshold=-0.090812229693249952 2.5000000000000004 0.02462719351317046 -0.020449305314498002 -0.072076569435444257 -0.037186644722965422 0.071109326459011218 0.0055746777429577388 -1.0000000180025095e-35 0.040572977340358814 -0.0073962336446871642 0.022466744125436165 -0.07404679019695054 0.093548754782409871
decision_type=2 8 2 2 2 2 8 2 2 2 2 2 2 2
left_child=6 2 9 4 -3 8 7 10 -6 -2 -1 -9 -8 -5
right_child=1 3 -4 13 5 -7 12 11 -10 -11 -12 -13 -14 -15
leaf_value=-0.067083902069968823 -0.063919302829338998 0.08326737666233254 0.10952927669497287 -0.063844252640412449 0.10281366436101831 -0.064618713378136947 -0.075909181511241292 0.056914479658436358 -0.064437215586761507 0.09087297360573944 0.065061790326061825 0.12807567187114263 0.1099496413409369 0.02965754372379872
leaf_weight=4.7838436514139175 5.2882197499275225 8.7309374660253543 11.841105356812475 25.844926014542583 4.317381352186203 10.695527777075766 0.44062492251396079 5.8562490046024305 2.5618037581443813 2.8330992013216019 3.2296571135520953 6.789246991276741 51.08080381155014 1.5179281681776036
leaf_count=26 32 21 25 157 9 63 2 17 15 7 8 10 80 6
internal_value=0.0452705 -0.00100461 0.0609335 -0.024043 0.0119625 -0.023461 0.0924755 0.0528608 0.0405296 -0.00992045 -0.0138256 0.0951202 0.10836 -0.0586573
internal_weight=145.811 73.6309 19.9624 53.6685 26.3057 17.5747 72.1804 20.659 6.87919 8.12132 8.0135 12.6455 51.5214 27.3629
internal_count=478 335 64 271 108 87 143 61 24 39 34 27 82 163
is_linear=0
shrinkage=0.05


Tree=7
num_leaves=15
num_cat=0
split_feature=114 39 17 19 144 86 37 76 183 15 182 38 79 128
split_gain=100.139 47.1239 40.2631 30.5191 18.5153 17.6338 19.0874 16.4687 12.9228 12.3517 9.01988 7.65473 5.98011 5.729
threshold=-0.034881434293937287 0.099047736002543282 248485.50000000003 1545.0000000000002 -0.011866341844120021 -0.070616531906723137 0.54156393017348414 -0.060444242867131716 0.031848433205330061 6263.5000000000009 -0.13316886896224933 0.020436573632189772 -0.10691116816125835 0.019649782257131102
decision_type=2 2 10 2 2 2 2 2 2 2 2 2 2 2
left_child=3 2 5 4 9 6 -2 8 -5 -1 -9 -12 -13 -3
right_child=1 13 -4 7 -6 -7 -8 10 -10 -11 11 12 -14 -15
leaf_value=0.10524304479795804 -0.062788865641313904 0.053869081461876391 0.10741220803326657 -0.067544680599529283 -0.065832576158545306 -0.058089563801276292 0.089124194581093136 -0.069905540140280567 0.080825560352997539 -0.019722676365158138 -0.073890112352797716 -0.065602649114925818 0.10208556117131387 0.12566537559119001
leaf_weight=4.9448843598365766 3.6746428757905942 5.9219690114259702 5.0205078124999991 2.7959237545728675 5.1154911369085303 34.448889806866646 4.7284845262765884 0.79706659913062949 3.088987410068512 3.2949328273534775 0.63273781538009544 0.53577053546905418 69.511843413114548 5.2344992160797119
leaf_count=8 23 16 9 15 29 217 11 4 9 16 3 3 116 7
internal_value=0.0457016 -0.00498662 -0.026553 0.0786839 0.00888514 -0.0422483 0.0226934 0.0907335 0.0103348 0.0552718 0.0973529 0.0992391 0.100803 0.0875552
internal_weight=149.747 59.029 47.8725 90.7176 13.3553 42.852 8.40313 77.3623 5.88491 8.23982 71.4774 70.6804 70.0476 11.1565
internal_count=486 283 260 203 53 251 34 150 24 24 126 122 119 23
is_linear=0
shrinkage=0.05


Tree=8
num_leaves=15
num_cat=0
split_feature=114 41 29 39 0 64 138 190 80 111 130 132 101 134
split_gain=82.4473 44.7331 23.747 19.2715 17.7191 14.1032 13.3336 12.4008 10.519 9.85976 8.10076 11.8805 7.66712 5.46599
threshold=-0.12112697003563729 0.071872622011431381 3.5000000000000004 0.11151864193298067 1018.5000000000001 10.500000000000002 -0.066054410721174225 0.082393970970247282 -0.12270167922104121 -0.067637535998820331 0.020324658312671582 -0.022081723064888016 -0.090396800876926683 0.0041699216534204905
decision_type=2 8 2 2 2 2 2 2 2 2 2 2 2 2
left_child=8 6 4 7 5 -3 -2 -4 -1 -6 -11 -12 -10 -14
right_child=1 2 3 -5 9 -7 -8 -9 12 10 11 -13 13 -15
leaf_value=-0.066092129055726354 0.04279678185420091 -0.064348139254924094 -0.06436459487474866 0.087384798077881992 -0.064656104411497162 0.05902255178848427 -0.055694096040880631 0.069689660236399914 0.00023937354099170616 0.095311419287083976 0.078221452233891042 -0.062373650936518192 0.076069805731084517 0.10724464721358702
leaf_weight=1.0770374685525883 4.053415626287463 4.6433214247226697 10.596919864416124 3.6849782168865195 1.202342197299006 4.6227486878633499 22.572698518633842 2.0606145560741416 2.2162542641162863 23.578242868185047 4.7700479477643967 2.1935252696275702 23.190375477075577 35.714393347501755
leaf_count=6 15 28 63 7 7 14 145 5 9 46 10 14 47 51
internal_value=0.0451738 0.0128574 0.0377217 -0.0132447 0.0580318 -0.00279975 -0.0407004 -0.0425409 0.0888068 0.0757884 0.0813173 0.033934 0.0915364 0.0949713
internal_weight=146.177 83.9789 57.3527 16.3425 41.0102 9.26607 26.6261 12.6575 62.1981 31.7442 30.5418 6.96357 61.121 58.9048
internal_count=467 354 194 75 119 42 160 68 113 77 70 24 107 98
is_linear=0
shrinkage=0.05


Tree=9
num_leaves=15
num_cat=0
split_feature=114 39 17 75 86 37 38 157 137 15 118 17 4 107
split_gain=83.2592 23.0611 30.0559 22.7314 21.7569 20.1419 18.6252 18.6195 13.7878 6.63488 7.93239 14.6692 5.98598 5.95199
threshold=-0.032341764833718673 0.11151864193298067 248485.50000000003 -0.056799575407517199 -0.070616531906723137 0.54156393017348414 0.020436573632189772 0.069464453136612314 0.058658040015587255 169237.50000000003 -0.0038447751789120123 4446.0000000000009 12.500000000000002 0.12167439628359036
decision_type=2 2 10 2 2 2 2 2 2 2 2 10 10 2
left_child=3 2 4 7 5 -2 -5 8 -1 10 -8 -12 -13 -6
right_child=1 -3 -4 6 13 -7 9 -9 -10 -11 11 12 -14 -15
leaf_value=-0.066655390714621301 -0.061728011859125999 0.077399251038388003 0.089486463614726022 -0.067612896728681635 -0.061779367464258064 0.09234973671247311 0.094625207841210424 0.071922822631891745 0.086688246248348977 0.10465096204030742 -0.032228947298023655 0.033556042568365078 0.092270261234113748 0.042733404398261302
leaf_weight=6.7580806463956851 3.4852288514375669 6.7937179505825034 5.3668682426214209 2.0281945765018454 28.892967477440838 5.419177457690239 23.73750151693821 8.1697110533714277 1.8719319403171537 29.149927243590355 4.1053251922130611 6.6441792398691204 12.522780761122702 1.4296797811985005
leaf_count=38 23 14 10 11 193 11 40 20 4 40 19 19 19 6
internal_value=0.0428532 -0.00841603 -0.0214897 0.0705895 -0.0366729 0.0320429 0.0819273 0.0178218 -0.0333937 0.0859097 0.0742885 0.0535453 0.0719171 -0.0568517
internal_weight=146.375 51.3876 44.5939 94.9876 39.2271 8.90441 78.1879 16.7997 8.63001 76.1597 47.0098 23.2723 19.167 30.3226
internal_count=467 257 243 210 233 34 148 62 42 137 97 57 38 199
is_linear=0
shrinkage=0.05


Tree=10
num_leaves=15
num_cat=0
split_feature=114 41 32 76 130 38 38 140 171 164 129 97 116 94
split_gain=73.0301 33.5303 19.6769 17.2294 16.5141 15.08 12.5124 17.2187 8.15264 7.63421 7.75585 6.50085 5.70546 8.71582
threshold=-0.052559491032606521 0.1210860258455468 1.5000000000000002 -0.046137567622267145 1.0000000180025095e-35 0.020436573632189772 0.12726452491863108 -0.0079874083096206378 -0.043478487517886084 -0.13033640888243217 -0.07404679019695054 0.022954717927974197 0.078920467568029229 0.023877531965737404
decision_type=2 8 8 2 2 2 2 2 2 2 2 2 2 2
left_child=3 2 -2 4 11 -5 7 8 -3 -7 -11 -1 -4 -14
right_child=1 6 12 5 -6 9 -8 -9 -10 10 -12 -13 13 -15
leaf_value=0.013718709486865389 0.058244365609539175 0.10154320240986675 -0.061438461524950673 -0.066346835636759693 -0.06423599836859141 -0.070928954491410637 0.07566939707816811 -0.062158807780905358 0.002430680710954133 -0.082281528545874213 0.085666228469604519 0.11079823165122467 -0.063180236505689907 0.079483216095352194
leaf_weight=3.6052337288856489 4.7234710007905951 4.1496772319078445 24.119624331593517 1.7502809464931477 4.346322700381279 0.80437232553958793 12.466599270701407 5.48890342563391 4.1496161222457868 0.69433291256427665 69.022548452019691 3.3056256324052811 2.3829439282417288 1.9439524859189985
leaf_count=14 17 7 168 10 26 4 26 36 18 3 114 6 15 5
internal_value=0.0395229 -0.00284706 -0.0362617 0.0696661 0.0121279 0.0786284 0.0393686 0.00654721 0.0519873 0.0822265 0.0839936 0.0601541 -0.0519542 0.000914428
internal_weight=142.954 59.4248 33.17 83.5287 11.2572 72.2715 26.2548 13.7882 8.29929 70.5213 69.7169 6.91086 28.4465 4.3269
internal_count=469 292 205 177 46 131 87 61 25 121 117 20 188 20
is_linear=0
shrinkage=0.05


Tree=11
num_leaves=15
num_cat=0
split_feature=75 89 0 132 38 53 88 45 50 180 111 138 141 29
split_gain=37.6957 24.3654 22.1037 21.4765 14.716 11.9548 16.9341 11.0596 15.331 9.48001 9.22094 12.9208 8.12534 6.6028
threshold=-0.056799575407517199 -0.072819473579673444 851.00000000000011 -0.0097596469515487602 0.020436573632189772 -0.25287318173533535 0.046504320981739865 0.21640120852325323 0.01846904463292463 -0.0062801212588689094 0.046873883130324569 0.014838007969169958 -0.031739731847227642 3.5000000000000004
decision_type=2 2 2 2 2 2 2 2 2 2 2 2 2 2
left_child=1 9 3 12 -4 7 -7 13 -9 -1 -3 -12 -2 -6
right_child=2 10 4 -5 5 6 -8 8 -10 -11 11 -13 -14 -15
leaf_value=-0.018907995221260382 -0.06320667855935333 -0.063261003652162667 -0.063433370232347727 -0.050872940411975244 0.086573946854082956 -0.064253500000011177 0.10302994121537042 -0.065336076558325643 0.072655577715848282 0.090440561754472251 -0.061861327387840996 0.089813789279743483 0.066079345202665798 0.054603974087170742
leaf_weight=2.9184355959296227 1.3814687207341183 15.045306064188482 2.3033072203397742 9.5763805061578733 48.854270353913307 4.0015003383159629 2.4325053691864014 3.4567930996417982 4.8186135441064835 6.1778276786208171 2.8914163038134566 2.7296671494841576 10.102578744292261 24.126083739101887
leaf_count=15 9 99 15 57 87 26 4 21 10 12 20 6 26 62
internal_value=0.0371383 -0.0128329 0.0505307 0.00441943 0.0613218 0.0645987 -0.00100863 0.0697936 0.0150139 0.0553573 -0.0428467 0.011794 0.0505269 0.0760052
internal_weight=140.816 29.7627 111.054 21.0604 89.9931 87.6898 6.43401 81.2558 8.27541 9.09626 20.6664 5.62108 11.484 72.9804
internal_count=469 152 317 92 225 210 30 180 31 27 125 26 35 149
is_linear=0
shrinkage=0.05


Tree=12
num_leaves=15
num_cat=0
split_feature=114 39 25 47 125 134 146 111 192 0 114 144 174 168
split_gain=63.3966 26.597 23.6034 13.6106 16.8654 11.2746 8.43983 12.5211 7.43588 7.17279 10.689 10.6275 10.8403 5.74104
threshold=-0.032341764833718673 0.11151864193298067 -32760.499999999996 1.8036801730195018 -0.0080907844312244782 0.097470553005286772 0.059138956164757679 0.030708507927889529 0.02437100617298181 851.00000000000011 -0.12405606470139939 -0.068397719233744714 -0.090961554060751834 0.15896326684796427
decision_type=2 2 2 8 2 2 2 2 2 2 2 2 2 2
left_child=3 2 -2 4 8 6 13 -8 -1 10 -5 -11 -13 -4
right_child=1 -3 5 9 -6 -7 7 -9 -10 11 -12 12 -14 -15
leaf_value=-0.0020207557598205393 0.084744095591012383 0.064491665554113439 -0.060954167713250233 0.064131634210017871 -0.063944638816659405 0.074491090780437044 -0.060373891868233692 0.090490074975766999 0.087936001769124209 -0.065954813851447233 -0.035196845447619106 -0.0660575865482083 0.083598541090394371 0.042829166052375557
leaf_weight=3.7694185525178892 4.2397353053092948 9.7131948918104154 29.364915147423748 9.639401510357855 4.5527037754654875 2.0501524731516829 2.9108000993728629 2.6072899699211121 5.8818814158439636 1.2720819562673558 3.7669680044054976 1.2378993481397618 53.726584225893021 1.3958670124411572
leaf_count=15 7 19 210 18 28 6 21 5 10 7 18 7 85 6
internal_value=0.033045 -0.0101661 -0.0272012 0.0599889 0.0153824 -0.039584 -0.0460304 0.0109091 0.0528024 0.0690866 0.036222 0.0769213 0.080228 -0.0562447
internal_weight=136.129 52.282 42.5688 83.8469 14.204 38.329 36.2789 5.51809 9.6513 69.6429 13.4064 56.2366 54.9645 30.7608
internal_count=462 274 255 188 53 248 242 26 25 135 36 99 92 216
is_linear=0
shrinkage=0.05


Tree=13
num_leaves=15
num_cat=0
split_feature=114 37 24 40 45 52 80 75 68 0 96 191 179 119
split_gain=56.1515 19.3174 24.3319 18.1451 15.2764 14.4404 13.3619 12.1838 11.7976 6.87442 9.91076 6.34725 5.99806 5.52379
threshold=-0.0034212131905876648 0.76011940336359629 -54999.999999999993 0.056298359982385353 0.24581420706143498 -0.028098526500983139 0.0052924119791989514 -0.012331491318431228 32.500000000000007 1001.5000000000001 0.0092065661251596095 0.042335890644746327 0.07308522097054683 -0.030099199965710265
decision_type=2 2 2 8 2 2 2 2 2 2 2 2 2 2
left_child=3 2 -2 4 6 7 8 -4 -1 10 -5 -3 -12 -8
right_child=1 11 5 9 -6 -7 13 -9 -10 -11 12 -13 -14 -15
leaf_value=-0.063158534227311242 0.076677452337978569 0.0092409238401985686 -0.063050029095198815 0.067614424378520374 -0.064103099475957132 -0.055343273148656259 0.10618189985649351 0.074450233272977631 0.085908435452947726 0.079559511508256131 -0.06930444228111049 0.098390474234252789 0.042023178701076296 0.042956611067590779
leaf_weight=4.6017318516969743 5.358663782477378 3.3684652820229513 2.5032320097088814 12.102011725306513 4.2287926897406569 26.033012159168724 5.4163035750389126 4.5203529894351915 1.8653273582458494 58.443709224462509 2.5721218287944785 4.9023197665810585 2.2844631671905518 9.5380853861570305
leaf_count=30 10 15 18 24 26 187 7 10 4 94 14 8 6 28
internal_value=0.0381177 -0.00723303 -0.0221566 0.0590696 0.0227431 -0.0381781 0.0398874 0.0254446 -0.0201624 0.0714271 0.0434005 0.0620823 -0.0169376 0.0658561
internal_weight=147.739 46.686 38.4153 101.053 25.6502 33.0566 21.4214 7.02358 6.46706 75.4023 16.9586 8.27079 4.85658 14.9544
internal_count=481 248 225 233 95 215 69 28 34 138 44 23 20 35
is_linear=0
shrinkage=0.05


Tree=14
num_leaves=15
num_cat=0
split_feature=40 113 56 23 66 13 102 172 107 24 120 134 157 113
split_gain=29.2825 20.5675 16.4713 15.1182 21.1388 13.9298 13.0358 12.6503 11.2028 10.1078 8.12034 7.86696 7.07713 6.81588
threshold=0.069939674961942366 0.29482970708306488 3.5000000000000004 -10475.999999999998 12.500000000000002 31588.000000000004 -0.06743934429024058 -0.033986870482336028 -0.012836761784034268 -54999.999999999993 0.023482315243183789 0.021908445047066617 0.12619578104637805 0.32783640551628768
decision_type=8 2 2 2 2 2 2 2 2 2 2 2 2 2
left_child=3 -2 7 5 6 -1 8 -3 -5 -7 -6 13 -4 -9
right_child=1 2 12 4 10 9 -8 11 -10 -11 -12 -13 -14 -15
leaf_value=0.074858517514330314 0.066478538707767251 -0.037221885540842124 -0.06516352022266135 0.079214613248305851 -0.0061151119922244427 0.078119315852670401 -0.061400911895660798 -0.031800376621323664 -0.060465539314816269 -0.062194196479647947 0.090963539766026946 0.083466255372578596 0.034795812300710202 0.0744587414928332
leaf_weight=10.758146829903128 60.325312823057175 4.2558659613132539 6.8807109370827657 3.5879000350832939 3.7770759463310224 1.8393717557191855 18.835433535277843 3.5482182279229191 2.3928395658731487 4.2471901476383191 5.0131573975086212 11.403118401765822 2.3843150064349174 2.626064695417881
leaf_count=22 119 24 43 7 15 4 138 19 18 29 9 20 8 5
internal_value=0.0325767 0.0494511 0.0164207 0.00199823 -0.0173796 0.0406584 -0.0409807 0.0401251 0.0233299 -0.0197912 0.0492498 0.0588525 -0.0394394 0.0133941
internal_weight=141.875 91.4236 31.0983 50.4511 33.6064 16.8447 24.8162 21.8333 5.98074 6.08656 8.79023 17.5774 9.26503 6.17428
internal_count=480 238 119 242 187 55 163 68 25 33 24 44 51 24
is_linear=0
shrinkage=0.05


Tree=15
num_leaves=15
num_cat=0
split_feature=114 41 75 38 54 138 140 39 62 180 148 152 41 162
split_gain=59.1431 21.8883 15.6765 15.633 12.6973 12.4325 12.9361 12.0301 9.53509 8.61713 8.34586 6.70857 6.04038 5.70396
threshold=-0.024315392895458171 0.13815192206934632 -0.044502025367536203 0.020436573632189772 21.500000000000004 0.0036324367824818802 -0.04172230026861324 0.15048604539378529 187.50000000000003 -0.10345623748853218 0.0015778202629544728 0.049593555426555032 0.074691478577049469 -0.19772875051694369
decision_type=2 8 2 2 2 2 2 2 2 2 2 2 8 2
left_child=2 7 5 -4 10 6 -1 9 -7 -2 11 -3 -10 -5
right_child=1 4 3 13 -6 8 -8 -9 12 -11 -12 -13 -14 -15
leaf_value=0.059247749846612921 0.030609761256830376 -0.061921666818933956 -0.062266647201938509 -0.0693339036965466 -0.041372347202050824 0.090593263973863428 -0.064995514833320278 0.092552493941458813 -0.063698468371639727 -0.059999701517130626 0.076955835779788345 0.065618286433414316 0.044896253995272493 0.070912777506782099
leaf_weight=3.0674548596143723 2.9444104507565561 2.4079713299870518 2.3297631889581671 0.7327747642993917 5.0034666433930388 6.6361462175846082 6.6089592725038546 1.5624407529830922 2.1602756902575493 24.109066240489483 9.7212983295321447 1.8030939251184461 3.144378125667572 68.232476226985455
leaf_count=7 14 16 15 4 28 11 40 2 14 188 20 4 7 118
internal_value=0.0305996 -0.014752 0.0538102 0.0651193 0.0269497 0.0165119 -0.02561 -0.0423471 0.0506461 -0.0501381 0.0514859 -0.00731161 0.000671966 0.0694226
internal_weight=140.464 47.5517 92.9122 71.295 18.9358 21.6172 9.67641 28.6159 11.9408 27.0535 13.9324 4.21107 5.30465 68.9653
internal_count=488 272 216 137 68 79 47 204 32 202 40 20 21 122
is_linear=0
shrinkage=0.05


Tree=16
num_leaves=15
num_cat=0
split_feature=114 17 32 29 117 57 114 178 192 78 32 122 142 154
split_gain=40.8726 24.5607 20.3148 16.5369 12.9919 11.6235 14.0651 7.3981 6.09596 5.69416 5.82087 7.00561 6.98058 4.70033
threshold=-0.12263837469701476 2476.0000000000005 3.5000000000000004 3.5000000000000004 -0.043468165496748909 -1.0000000180025095e-35 0.031710248497468146 -0.039203347121065234 -0.10021413360308845 -0.1225735673909389 3.5000000000000004 -0.019258548998463822 -0.067745569593075636 0.26533562231360336
decision_type=2 8 10 2 2 2 2 2 2 2 10 2 2 2
left_child=8 13 3 5 -5 -3 7 -7 -1 -10 12 -12 -11 -2
right_child=1 2 -4 4 -6 6 -8 -9 9 10 11 -13 -14 -15
leaf_value=-0.018405321646590891 -0.060268942879482146 0.073259875675810923 -0.049596283782574871 0.048924550564095837 -0.04881796889484756 -0.068509576499017524 -0.06018991783829758 0.059834593674848217 -0.064740363866382961 -0.073130180349296844 0.073662467446853327 -0.0093411823277636599 0.079074414566540421 0.042848243927878692
leaf_weight=2.1960786059498778 13.146505668759344 22.334122329950326 8.7344333454966527 5.4020852819085112 9.1721709221601468 1.2596947997808445 4.2779592871665946 10.333170935511594 0.81366464495658775 0.76669107377529044 5.3869414180517197 4.8136511892080289 43.175933226943016 1.2065352723002423
leaf_count=9 103 48 58 15 60 8 33 24 5 4 8 16 68 5
internal_value=0.0313502 0.00729423 0.0210363 0.0327253 -0.0125888 0.0500115 0.0172953 0.0458886 0.0632828 0.066547 0.06852 0.0344931 0.0764188 -0.0516008
internal_weight=133.02 75.8667 61.5136 52.7792 14.5743 38.2049 15.8708 11.5929 57.153 54.9569 54.1432 10.2006 43.9426 14.353
internal_count=464 354 246 188 75 113 65 32 110 101 96 24 72 108
is_linear=0
shrinkage=0.05


Tree=17
num_leaves=15
num_cat=0
split_feature=114 50 35 19 181 122 73 121 80 190 177 139 192 32
split_gain=41.0358 20.9987 20.8033 17.1972 13.4619 11.0612 10.1721 7.37983 7.01384 6.87159 5.75032 5.6361 9.34182 5.09191
threshold=-0.12263837469701476 0.01498913292602083 4.5000000000000009 1731.5000000000002 0.045695179746311231 0.042123590473570595 0.209984740410781 -0.033413537766546882 -0.12270167922104121 0.021450450302082858 -0.10028939672336205 0.0017687138797147369 0.015724862240240823 1.5000000000000002
decision_type=2 2 2 2 2 2 2 2 2 2 2 2 2 8
left_child=8 6 3 -3 7 -6 9 -5 -1 -2 -10 -9 -13 -8
right_child=1 2 -4 4 5 -7 13 11 10 -11 -12 12 -14 -15
leaf_value=-0.066293623805323346 -0.027760865262159425 -0.059554295724498774 -0.064403283046734719 -0.0058390449249551297 -0.062127498729212263 0.06568020105214982 0.016679776293821915 0.083510792669685696 -0.069736500646274777 0.076248112978329577 0.06679380067768291 -0.029255683307581899 0.082647697809088552 -0.055208069166054002
leaf_weight=1.0357433930039395 3.0135340467095402 4.074941709637641 5.5614762753248206 3.5681042745709375 4.459501050412654 2.7287547662854195 2.8599354550242451 21.35832694917918 0.7816670686006536 3.3570609912276268 57.658284455537796 3.336859129369258 4.2282846122980118 17.759369552135468
leaf_count=6 17 32 37 16 31 6 13 38 4 7 102 19 8 135
internal_value=0.0315474 0.0072801 0.0266842 0.0382619 0.0483072 -0.01361 -0.0281752 0.0620054 0.0626818 0.0270479 0.0649676 0.0703749 0.033289 -0.0452371
internal_weight=135.782 76.3061 49.3162 43.7548 39.6798 7.18826 26.9899 32.4916 59.4757 6.3706 58.44 28.9235 7.56514 20.6193
internal_count=471 359 187 150 118 37 172 81 112 24 106 65 27 148
is_linear=0
shrinkage=0.05


Tree=18
num_leaves=15
num_cat=0
split_feature=114 38 185 19 191 15 47 125 115 98 128 107 62 25
split_gain=42.1541 20.6797 12.6633 12.0924 10.4912 9.43766 13.0654 10.5172 8.67167 8.80498 6.69759 6.23207 5.46618 5.41562
threshold=-0.013503507224400994 0.12726452491863108 -0.027438887231005973 232.50000000000003 0.11730932773659146 152319.00000000003 9.5453347575010863 0.030657969363548993 0.092087187106059135 0.061802795681806626 -0.015585562906317829 0.057911532090474761 135.50000000000003 -11237.499999999998
decision_type=2 2 2 2 2 2 8 2 2 2 2 2 2 2
left_child=3 4 -3 -1 13 6 7 8 12 -10 -4 -9 -5 -2
right_child=1 2 10 5 -6 -7 -8 11 9 -11 -12 -13 -14 -15
leaf_value=-0.06012388210039752 0.0095045246005350161 -0.063428936301032121 -0.018511827247368835 -0.071427994568099187 0.068634637354872019 0.070625629014271982 -0.044959031844918257 -0.069067395666692163 -0.064386286735491904 0.061608891067174591 0.070999902398929463 0.044173673207664937 0.064500056241532142 -0.05865685463526981
leaf_weight=2.5573365539312354 3.374449327588084 2.8597768396139154 2.6214603334665307 0.7553863525390615 2.0391294732689849 34.049994632601738 4.474367879331111 3.0277782157063475 2.9599692001938811 2.6087065190076828 10.303444512188429 2.0292527079582214 35.423604682087898 21.363458044826988
leaf_count=19 16 20 15 4 6 61 20 17 20 6 21 6 67 181
internal_value=0.0272288 -0.0136146 0.0317791 0.0470085 -0.0403736 0.0502193 0.0366692 0.0444726 0.0527217 -0.00536248 0.0528449 -0.0236268 0.061662 -0.0493591
internal_weight=130.448 42.5617 15.7847 87.8864 26.777 85.3291 51.2791 46.8047 41.7477 5.56868 12.9249 5.05703 36.179 24.7379
internal_count=479 259 56 220 203 201 140 120 97 26 36 23 71 197
is_linear=0
shrinkage=0.05


Tree=19
num_leaves=15
num_cat=0
split_feature=114 39 17 191 76 187 149 38 109 4 115 157 163 188
split_gain=34.8688 16.1072 15.9504 17.2068 11.1501 13.0261 9.74406 9.43443 6.376 5.69349 5.33981 4.74715 4.44194 4.44698
threshold=-0.032341764833718673 0.11151864193298067 248485.50000000003 0.11488468621699385 -0.046137567622267145 0.0089701540789423294 -0.069404692271417698 0.020436573632189772 -0.10727900664187025 4.5000000000000009 0.13624787676808089 -0.22733769615303706 -0.15662546806239866 -0.12002375365516159
decision_type=2 2 10 2 2 2 2 2 2 8 2 2 2 2
left_child=4 2 3 6 5 9 -2 -6 -9 -1 -8 -10 -13 -14
right_child=1 -3 -4 -5 7 -7 10 8 11 -11 -12 12 13 -15
leaf_value=-0.016586027610717848 0.027785421804149502 0.057725973583019119 0.073402792139873232 0.092298107343828234 -0.060911300353764346 -0.064534860441194997 -0.058560777371826737 -0.070774339368914252 -0.069309878701212316 0.078372514495922641 0.053234799547306803 -0.066690305893170085 -0.071878689065559859 0.063757224600051704
leaf_weight=2.4155476540327054 4.2970324829220763 8.3718616515398008 4.1236929744482032 2.6003195345401755 1.6869705468416203 4.3835105001926422 24.247264638543136 0.9400637298822393 0.7003873735666265 4.5553956851363182 1.1173306629061688 0.66997535526752372 0.6093377023935308 73.163349188864231
leaf_count=12 20 17 7 5 12 28 210 5 4 10 4 4 3 131
internal_value=0.0312017 -0.00480576 -0.0191935 -0.0310291 0.0492844 0.00300008 -0.0418407 0.0560419 0.058635 0.0454678 -0.0536361 0.060254 0.061473 0.0626369
internal_weight=133.882 44.7575 36.3856 32.2619 89.1245 11.3545 29.6616 77.7701 76.0831 6.97094 25.3646 75.143 74.4427 73.7727
internal_count=472 263 246 239 209 50 234 159 147 22 214 142 138 134
is_linear=0
shrinkage=0.05


Tree=20
num_leaves=15
num_cat=0
split_feature=114 121 40 184 152 50 0 116 188 18 115 164 109 83
split_gain=37.4341 15.8576 11.9721 12.1415 12.3469 11.5761 10.0222 12.5662 8.66986 8.56278 8.31659 6.88932 6.77762 4.47621
threshold=-0.0034212131905876648 0.017282464293728952 0.061941230390204848 -0.0074439528049299137 -0.019024292655222368 0.015989006507799466 1001.5000000000001 0.025853540129938225 -0.046322891585348823 8589.5000000000018 -0.067013283828979364 -0.035375229819228089 0.061335851277967791 0.017913503858666278
decision_type=2 2 8 2 2 2 2 2 2 10 2 2 2 2
left_child=2 -2 3 9 -5 -3 7 -4 -7 10 -1 -10 -12 -9
right_child=1 5 6 4 -6 8 -8 13 11 -11 12 -13 -14 -15
leaf_value=0.068607124161173941 -0.047757851997495576 -0.041995616230375288 -0.04991911532911969 0.035478742086092939 -0.063952924320785809 -0.060828485011612012 0.068056022372054395 0.079863123443906225 -0.056938632902521491 0.081192121584115248 -0.062187716664005646 0.067009876249286851 0.052716240251954261 0.018278740009175221
leaf_weight=4.0359655916690826 17.565841279923916 5.9560664668679264 4.33426405489445 5.787471681833269 6.7792211621999705 1.8434622064232851 51.423473201692104 6.0094156712293607 1.2403246536850936 8.8217359483242017 3.9365124553442055 11.660109497606747 1.9041272699832914 5.7967760413885117
leaf_count=7 141 49 20 19 44 14 87 9 12 14 28 28 4 16
internal_value=0.0291715 -0.0128169 0.0454291 0.0198467 -0.0181606 0.0168337 0.0572673 0.0228944 0.0405988 0.0453905 0.0134127 0.0550927 -0.0247275 0.0496255
internal_weight=137.095 38.2658 98.829 31.265 12.5667 20.7 67.5639 16.1405 14.7439 18.6983 9.87661 12.9004 5.84064 11.8062
internal_count=492 244 248 116 63 103 132 45 54 53 39 40 32 25
is_linear=0
shrinkage=0.05


Tree=21
num_leaves=15
num_cat=0
split_feature=114 80 50 40 116 135 40 26 141 23 0 132 127 112
split_gain=36.652 16.8383 13.4796 10.0313 12.7263 12.4527 8.22412 7.57602 11.6552 9.52881 6.37814 8.82272 6.067 9.95515
threshold=-0.032341764833718673 0.01827368967955743 0.014817730305977482 0.056298359982385353 -0.049244296329002103 -0.038374621121986356 0.34698835987247684 4.5000000000000009 0.064773466706854868 -358.99999999999994 981.50000000000011 -0.013981780574977438 0.018615993877656063 0.00092453336203839954
decision_type=2 2 2 8 2 2 10 2 2 2 2 2 2 2
left_child=3 6 -3 4 -1 -6 -2 8 9 -4 11 -5 -7 -14
right_child=1 2 7 10 5 12 -8 -9 -10 -11 -12 -13 13 -15
leaf_value=-0.062424242003109247 -0.052034975734927207 -0.057816412351331274 -0.060197549497637795 0.058486483520747423 -0.063494881306943238 0.072646250146905775 0.067327132017444349 0.089259410831576069 0.077087964000731285 0.076032531857965657 0.06685947790263197 -0.02727235026417163 -0.066272637599324988 0.064703576334001464
leaf_weight=3.9136288687586811 18.656030513346199 4.3363401964306858 4.950231514871124 8.2239126637577993 2.7194932624697747 11.561006411910055 1.564088076353072 5.4923021718859664 4.8272663131356239 1.7329734042286853 46.889491692185402 4.7205103114247313 2.4709546715021125 3.5139475241303444
leaf_count=27 160 41 39 16 18 21 3 9 9 4 77 19 15 8
internal_value=0.0283001 -0.010107 0.0208735 0.0472992 0.0201204 0.0360614 -0.042802 0.0409424 0.0178876 -0.0248727 0.0582823 0.0272124 0.0514919 0.0106281
internal_weight=125.572 41.5592 21.3391 84.0129 24.179 20.2654 20.2201 17.0028 11.5105 6.6832 59.8339 12.9444 17.5459 5.9849
internal_count=466 265 102 201 89 62 163 61 52 43 112 35 44 23
is_linear=0
shrinkage=0.05


Tree=22
num_leaves=15
num_cat=0
split_feature=114 29 0 41 106 27 44 41 114 164 135 63 129 84
split_gain=34.5515 16.4062 16.4595 15.7182 9.87409 6.49633 8.37563 6.19414 5.6221 5.59036 5.52874 5.04911 4.73907 4.46285
threshold=-0.12405606470139939 3.5000000000000004 802.50000000000011 0.061083325134770154 -0.050477606284288531 3.5000000000000004 304.50000000000006 0.21254732784311536 -0.013503507224400994 -0.17660655088865787 0.032885003360928179 698.50000000000011 -0.057078641960768874 -0.12165354286603455
decision_type=2 2 2 8 2 2 2 10 2 2 2 2 2 2
left_child=9 2 -2 -4 10 -5 -7 -6 -8 -1 -3 -11 -13 -14
right_child=1 4 3 5 7 6 8 -9 -10 11 -12 12 13 -15
leaf_value=-0.067868650977258735 -0.046460502300038328 -0.026862047356839787 -0.041425679196973264 0.062451580139621966 -0.06056711832394001 0.06416450694288571 0.033243501783438843 0.029602856403524492 -0.060092688871092627 -0.077460723165519163 0.068050581920258688 -0.018479160524925566 -0.10005040668923555 0.064337423652650771
leaf_weight=0.89385963976383109 7.8062060177326194 2.876964025199416 6.0204143449664125 21.82672306150198 15.703010782599451 5.1543021872639638 2.7845238596200943 2.1674558371305457 3.8360242396593094 0.67657217383384605 3.2877144664525986 1.85319573432207 0.41636419296264549 49.187997572124004
leaf_count=5 61 17 52 53 130 12 7 7 31 3 7 7 2 88
internal_value=0.0255358 0.00284528 0.0198997 0.0329738 -0.0308079 0.046304 0.0163716 -0.0496307 -0.0208366 0.0561148 0.0237563 0.0582405 0.0600247 0.0629576
internal_weight=124.491 71.4633 47.4282 39.622 24.0351 33.6016 11.7749 17.8705 6.62055 53.028 6.16468 52.1341 51.4576 49.6044
internal_count=482 377 216 155 161 103 50 137 38 105 24 100 97 90
is_linear=0
shrinkage=0.05


Tree=23
num_leaves=15
num_cat=0
split_feature=114 0 41 56 157 148 157 161 161 85 101 24 35 44
split_gain=30.5663 20.2247 14.8406 9.60865 9.20917 8.11352 8.07693 7.99648 8.29694 6.55642 5.81211 5.55165 4.91187 11.1533
threshold=-0.12263837469701476 1018.5000000000001 0.053534920590179599 3.5000000000000004 0.040612542818855388 -0.059300770016218536 0.061466179025724918 0.08560027406180977 0.094637695474665773 -0.13666091698421287 -0.1039551406545574 -349.99999999999994 3.5000000000000004 2559.0000000000005
decision_type=2 2 8 2 2 2 2 2 2 2 2 2 2 2
left_child=9 7 -3 5 -5 -4 -6 -2 -9 -1 -11 -8 -7 -14
right_child=1 2 3 4 6 12 11 8 -10 10 -12 -13 13 -15
leaf_value=-0.074486076969873791 -0.059486438481426221 -0.057544242065528495 -0.066633887562765379 -0.060831835081712693 0.07884717481876817 0.060456010530933628 -0.060467000006463191 0.075716449242498596 -0.060125546271684087 -0.064340913317585111 0.057741255325852225 0.0519738463621243 0.065026251157131829 -0.060521963590234977
leaf_weight=0.9923260360956182 14.784034729003908 5.7056527212262154 1.5982174724340463 5.0306842625141135 3.7913767546415311 22.705624386668209 2.9868217334151268 2.5660764724016181 2.0002753213047981 0.99475286900997062 48.899415105581284 1.7357250079512594 4.2947752103209487 3.0079008564352989
leaf_count=5 133 57 11 41 6 54 23 5 17 6 92 4 10 24
internal_value=0.0232695 0.00188295 0.0184365 0.028038 -0.00719683 0.0431375 0.0244949 -0.0416231 0.0162113 0.0527762 0.0553073 -0.0191405 0.0489838 0.0133142
internal_weight=121.094 70.2072 50.8568 45.1511 13.5446 31.6065 8.51392 19.3504 4.56635 50.8865 49.8942 4.72255 30.0083 7.30268
internal_count=488 385 230 173 74 99 33 155 22 103 98 27 88 34
is_linear=0
shrinkage=0.05


Tree=24
num_leaves=15
num_cat=0
split_feature=114 75 121 40 135 80 14 116 53 191 174 4 25 54
split_gain=24.9223 15.5468 12.0364 11.7041 14.0183 9.30443 8.29059 8.92361 7.77512 5.44868 4.76702 4.66086 6.69318 4.07745
threshold=-0.032341764833718673 -0.02623281775724726 -0.021266958475474568 0.065048042347855203 -0.029213811065721965 -0.027393645326254448 61581.000000000007 0.086694497461357004 -0.83660421650494599 0.11066963634410672 -0.13230033325349136 6.5000000000000009 -3273.4999999999995 17.500000000000004
decision_type=2 2 2 8 2 2 2 2 2 2 2 8 2 2
left_child=3 9 -3 4 -1 13 7 -6 -7 -2 -5 12 -8 -4
right_child=1 2 5 10 6 8 11 -9 -10 -11 -12 -13 -14 -15
leaf_value=-0.062548798765598518 -0.057754643318738676 -0.059132131606737463 0.051224376558149189 -0.078851104282373741 -0.067066099085803008 -0.028404838894717524 -0.022450685994287848 0.042675391144957879 0.059631179097281439 0.05951450711813569 0.059130534405660511 0.075643967345885202 0.065401547016355338 -0.058652893567307962
leaf_weight=4.5169104188680675 12.193489916622637 4.3634657114744213 1.1087414324283624 0.63333037495612998 3.6616873964667347 2.9566604122519555 4.0222256258130127 3.7490113377571106 16.527307629585263 1.0780982449650753 53.764271877706051 9.4029619842767698 4.7030553519725764 3.5404941812157631
leaf_count=33 121 38 4 3 25 23 18 9 43 4 100 15 9 33
internal_value=0.0280635 -0.00352889 0.0172888 0.0436882 0.018647 0.0311063 0.0330076 -0.0115488 0.0462719 -0.0482285 0.0575241 0.0512219 0.024903 -0.0324496
internal_weight=126.222 41.7683 28.4967 84.4535 30.0559 24.1332 25.5389 7.4107 19.484 13.2716 54.3976 18.1282 8.72528 4.64924
internal_count=478 266 141 212 109 103 76 34 66 125 103 42 27 37
is_linear=0
shrinkage=0.05


Tree=25
num_leaves=15
num_cat=0
split_feature=114 39 84 112 49 109 134 182 45 118 101 136 84 17
split_gain=21.5611 18.1535 15.9982 9.48234 10.78 9.02801 7.62358 7.18813 9.62911 5.70957 5.66059 5.16139 4.2389 3.48641
threshold=-0.12263837469701476 0.092046259730604804 -0.0017010980298998127 0.013695241036612743 2124.0000000000005 0.059041983579912416 0.091531268803896379 -0.021893430138054722 0.085671203354108924 -0.057947563944143098 -0.1039551406545574 0.077764156287872713 -0.12165354286603455 5527.5000000000009
decision_type=2 2 2 2 2 2 2 2 2 2 2 2 2 10
left_child=7 2 6 5 -5 11 -2 8 13 -6 -9 -4 -12 -1
right_child=1 -3 3 4 9 -7 -8 10 -10 -11 12 -13 -14 -15
leaf_value=0.0086717993262378276 -0.053667442845319213 0.052085994732146992 -0.059183627374018881 -0.058955734301966947 -0.060281177236836139 0.059378994830735256 0.056071541124776997 -0.063134974480016107 -0.050004689870899316 0.059643923884003414 -0.095778064096487647 0.043906509144386013 0.063714452098277544 0.069891322460025926
leaf_weight=4.0638265311717969 18.076672427356247 15.995841532945631 8.0558074638247508 2.5605886764824417 1.0638035461306579 2.7408329471945754 1.7344768494367588 0.92552939802408118 3.8528823032975188 14.80372483283281 0.42116290330886741 1.4296192079782475 38.394255764782429 5.437156155705452
leaf_count=12 165 36 75 24 9 7 5 6 18 39 2 5 67 9
internal_value=0.0246493 0.00567088 -0.00904112 0.0135905 0.0362415 -0.0205504 -0.0440597 0.0484056 0.0166685 0.0516038 0.05907 -0.0436461 0.0619839 0.0437061
internal_weight=119.556 66.4614 50.4655 30.6544 18.4281 12.2263 19.8111 53.0948 13.3539 15.8675 39.7409 9.48543 38.8154 9.50098
internal_count=479 365 329 159 72 87 170 114 39 48 75 80 69 21
is_linear=0
shrinkage=0.05


Tree=26
num_leaves=15
num_cat=0
split_feature=76 38 4 181 165 128 53 183 45 122 80 139 120 84
split_gain=11.4105 9.92543 8.26978 7.57218 7.07518 10.8747 7.63784 6.83174 5.23641 6.99092 4.56645 6.03175 3.32847 6.20767
threshold=-0.068393677260782729 0.020436573632189772 70.000000000000014 0.11339033965104721 0.095551615679939486 0.030869078313132275 -0.17736172280257426 -0.10470427315183352 0.19814201931053688 -0.034645910798585623 -0.094581296227067999 0.053452324512380453 0.014884004071204986 -0.048293399997956878
decision_type=2 2 8 2 2 2 2 2 2 2 2 2 2 2
left_child=2 -2 -1 4 6 -6 7 -3 10 -10 11 -9 -12 -14
right_child=1 3 -4 -5 5 -7 -8 8 9 -11 12 -13 13 -15
leaf_value=-0.048401552208630599 -0.059750118785955611 -0.036292247130334791 0.048904288008325254 -0.037820308590410877 -0.064367087360087283 0.051222059428835488 -0.030204046302363282 -0.061321749179011925 0.04713580593646198 -0.042063998491085532 0.060897734429314669 0.060407071803296963 -0.071253605912544912 0.043645957194055313
leaf_weight=8.3862447142600978 3.0002481788396826 2.6490092352032653 2.9521662443876275 3.677011512219905 4.2630644440650922 3.8929237797856331 3.7558809109032145 2.0712290965020648 5.1923428028821945 3.8071711361408216 44.588241405785084 2.0005812048912048 1.2455798834562326 20.900711223483086
leaf_count=74 29 17 8 25 32 13 30 16 16 27 100 4 9 61
internal_value=0.0244949 0.0298319 -0.0230662 0.0325732 0.0353161 -0.00919539 0.0395271 0.0427034 0.0453255 0.00940055 0.0498916 -0.00151337 0.0530281 0.0371836
internal_weight=112.382 101.044 11.3384 98.0437 94.3667 8.15599 86.2107 82.4549 79.8059 8.99951 70.8063 4.07181 66.7345 22.1463
internal_count=461 379 82 350 325 45 280 250 233 43 190 20 170 70
is_linear=0
shrinkage=0.05


Tree=27
num_leaves=15
num_cat=0
split_feature=114 75 114 175 5 139 142 116 32 45 63 139 56 184
split_gain=21.561 13.6563 13.1271 12.0137 7.08437 7.75646 6.4267 9.72171 4.92185 5.27098 7.30598 4.68492 3.63766 8.62918
threshold=0.083325708841798282 -0.049763855267535066 -0.12112697003563729 0.08777973740708496 5.5000000000000009 0.016247464379646828 -0.040542817213531458 0.042242140837780766 3.5000000000000004 0.016988631323722296 770.50000000000011 0.020084730217866418 3.5000000000000004 0.019814557495939526
decision_type=2 2 2 2 10 2 2 2 10 2 2 2 2 2
left_child=1 2 4 -2 5 -1 7 11 12 -10 -11 -3 -8 -14
right_child=3 6 -4 -5 -6 -7 8 -9 9 10 -12 -13 13 -15
leaf_value=-0.066330407094661176 -0.057395728905676568 -0.015521837361692376 -0.058327677542308137 0.036302091045049077 0.075283877550129621 0.038766689067297952 0.061204023897444948 -0.071961848332832215 0.059608015087025928 0.051668545032003091 -0.076066819776328232 0.055673744064715695 0.052270124651521532 -0.038319497293202581
leaf_weight=2.9898596554994601 12.219988729804756 3.5063768327236158 7.6091448590159407 4.7511590756475917 4.4961405843496323 4.2526649013161659 36.585548684000969 2.9215447604656211 3.1868182718753806 1.8914467357099054 2.7426009029150009 6.7759000062942505 11.801967710256575 3.3821010887622824
leaf_count=18 130 19 75 19 7 10 78 19 7 5 19 16 30 21
internal_value=0.0206246 0.0301634 -0.00717361 -0.0311645 0.0259851 -0.0046195 0.0400871 0.00852591 0.0470803 0.0101098 -0.02393 0.0313952 0.0526655 0.0320922
internal_weight=109.113 92.1421 19.3478 16.9711 11.7387 7.24252 72.7943 13.2038 59.5905 7.82087 4.63405 10.2823 51.7696 15.1841
internal_count=473 324 110 149 35 28 214 54 160 31 24 35 129 51
is_linear=0
shrinkage=0.05


Tree=28
num_leaves=15
num_cat=0
split_feature=114 75 115 38 112 102 169 97 54 38 47 182 80 157
split_gain=19.2666 15.879 9.62178 10.5554 6.75455 8.72426 7.71146 6.72427 6.57494 6.5206 5.57089 5.51688 5.47118 4.88109
threshold=-0.12263837469701476 -0.065676557320295245 0.035339392680255967 0.11920474897825355 0.015093644311575618 0.022848502202529639 -0.031381796954514395 -0.015056107338633251 20.500000000000004 0.022039547449702063 21.47407639144134 -0.11112762274743233 -0.12270167922104121 0.19180151314790927
decision_type=2 2 2 2 2 2 2 2 2 2 10 2 2 2
left_child=9 13 3 10 5 6 -4 -8 -5 -1 -3 -11 -13 -2
right_child=1 2 4 8 -6 -7 7 -9 -10 11 -12 12 -14 -15
leaf_value=-0.064694321306201827 -0.058193437240149609 -0.057619354669369453 -0.062515835459216573 0.057787848914144638 0.057543594488284534 -0.064690563786778357 -0.029176167330291387 0.067467696798681573 -0.031443139936833633 -0.071584379942134888 0.0296700180280649 -0.066800372209000217 0.051352296353250088 0.058489269224453244
leaf_weight=1.3429922685027111 10.900650277733799 9.7594004981219786 1.9352363049983967 6.4607801623642427 14.950315766036509 3.0931644216179839 2.3097473829984656 8.153006426990034 3.033843107521534 0.96497234702110191 2.2490894272923461 0.99904225021600623 50.850105077028275 0.9765762388706215
leaf_count=9 115 99 15 16 37 24 15 17 17 5 9 6 105 3
internal_value=0.02217 0.00355713 0.0154828 -0.0101213 0.033569 0.0104313 0.0291734 0.0461327 0.0292756 0.0441045 -0.0412708 0.0468711 0.0490757 -0.0485995
internal_weight=117.979 63.8218 51.9446 21.5031 30.4415 15.4912 12.398 10.4628 9.49462 54.1571 12.0085 52.8141 51.8491 11.8772
internal_count=492 367 249 141 108 71 47 32 33 125 108 116 111 118
is_linear=0
shrinkage=0.05


Tree=29
num_leaves=15
num_cat=0
split_feature=114 39 32 29 45 78 75 14 43 32 161 129 84 164
split_gain=16.2655 14.4633 14.1518 9.45041 9.08883 9.12626 8.54926 6.01576 7.08156 7.17055 8.70383 4.70823 4.01437 3.94055
threshold=-0.0535315074036012 0.11151864193298067 3.5000000000000004 3.5000000000000004 0.22590092012571319 0.026307137485618314 -0.051032166623097508 151728.50000000003 1.243746304293271 3.5000000000000004 0.068558691227609145 -0.068737212888595953 -0.07756869515736492 0.1145730748810966
decision_type=2 2 8 2 2 2 2 2 2 10 2 2 2 2
left_child=4 2 3 6 7 -6 -2 8 9 11 -11 -1 -13 -4
right_child=1 -3 13 -5 5 -7 -8 -9 -10 10 -12 12 -14 -15
leaf_value=-0.080114306599453108 -0.055500751823175237 0.054852937754194066 -0.056740616576571756 -0.057756176119198248 -0.053757701121733503 0.054629778851748613 0.055612225610269489 0.062269943058112356 -0.040166551533773943 -0.080438463286435335 0.048224880425447536 -0.064063201212380183 0.057194622724786648 0.014351127579470893
leaf_weight=0.67996734380722657 2.0782792568206778 8.6859215050935727 15.693687506020071 3.3321431688964358 5.0554887652397138 3.1536004990339279 10.365100607275961 25.425243467092514 3.2600836902856818 2.5890532732009879 2.669950395822525 0.7044978253543438 21.914968572556973 2.2256396524608126
leaf_count=3 25 18 176 34 30 8 30 48 17 15 6 5 46 12
internal_value=0.0214557 -0.00267698 -0.0175071 0.0170282 0.0370817 -0.0121196 0.0370543 0.0441374 0.0296482 0.0376179 -0.0151172 0.049521 0.053418 -0.0479108
internal_weight=107.834 42.3808 33.6949 15.7755 65.4529 8.20909 12.4434 57.2438 31.8185 28.5584 5.259 23.2994 22.6195 17.9193
internal_count=473 295 277 89 178 38 55 140 92 75 21 54 51 188
is_linear=0
shrinkage=0.05


Tree=30
num_leaves=15
num_cat=0
split_feature=181 41 51 135 32 120 152 132 35 132 5 57 157 124
split_gain=11.6534 8.41851 15.5244 9.58578 7.15368 9.43393 6.40087 7.21679 4.974 8.70612 4.09273 3.25499 6.02426 2.84179
threshold=0.086297201482160593 0.078003152472083823 -0.011398337741852308 -0.027137365981971747 3.5000000000000004 -0.024676335986725136 1.0000000180025095e-35 -0.03336975945485126 4.5000000000000009 -0.0053913803243752769 3.5000000000000004 -1.0000000180025095e-35 -0.024177936088366939 -1.0000000180025095e-35
decision_type=2 8 2 2 10 2 2 2 2 2 10 2 2 2
left_child=1 2 3 -1 8 -6 -5 -8 11 -10 -2 -3 -13 -14
right_child=10 4 -4 6 5 -7 7 -9 9 -11 -12 12 13 -15
leaf_value=-0.059684471243579611 -0.062497879847232596 0.062520904292759458 -0.059083190986348094 0.050161703310059494 0.037576611173346118 -0.057794056362162782 0.051424629689652217 -0.060689161987325435 0.053256834783086106 -0.062767629096136354 0.024236461478294134 -0.029816902203352126 0.059224333588958566 0.021690285167668053
leaf_weight=3.0109299048781422 5.1485249251127234 25.062063425779339 7.0858977772295466 17.547359265387062 6.6047398298978806 4.2690044529736024 2.6023539155721664 3.2008855380117884 3.7790846601128578 2.8258288614451876 1.8483948111534116 2.9701067470014086 14.338055968284607 7.778854601085194
leaf_count=28 45 51 81 49 24 26 8 31 10 21 8 24 31 32
internal_value=0.0228183 0.0271381 0.00661959 0.0242803 0.0372862 0.000134329 0.0351071 -0.0104138 0.0444043 0.00361723 -0.039585 0.0497762 0.0370442 0.046023
internal_weight=108.072 101.075 33.4474 26.3615 67.6277 10.8737 23.3506 5.80324 56.754 6.60491 6.99692 50.1491 25.087 22.1169
internal_count=469 416 197 116 219 50 88 39 169 31 53 138 87 63
is_linear=0
shrinkage=0.05


Tree=31
num_leaves=15
num_cat=0
split_feature=114 75 159 38 37 20 180 56 181 174 137 123 98 92
split_gain=17.2482 8.40583 10.9079 8.79762 8.16747 9.9292 7.14775 7.42426 5.99312 4.26016 3.91272 2.9717 5.97222 3.03952
threshold=-0.0034212131905876648 -0.044502025367536203 0.01735289688035083 0.020436573632189772 0.57858548054524783 724388.00000000012 0.03480914695121555 3.5000000000000004 0.011811451151463058 -0.13230033325349136 0.019745973227503048 0.023214962080246797 0.028790620821380095 -0.11520169708895481
decision_type=2 2 2 2 2 2 2 2 2 2 2 2 2 2
left_child=1 2 -1 -3 5 -2 7 -6 -4 -5 -10 13 -13 -11
right_child=4 3 8 9 6 -7 -8 -9 10 11 -12 12 -14 -15
leaf_value=-0.048605983464152736 -0.055834843937604822 -0.06114391117063836 0.053482764416390549 -0.067261887847260629 0.050955797409723752 0.062857499284664942 -0.058805680623103089 -0.0346258544574823 -0.064845965388397861 -0.075853562709608718 0.037160578754796877 0.051116869825241197 -0.024018531705945197 0.058381417625378379
leaf_weight=5.9647657275199917 11.350368790328504 1.868353996425866 9.6919198557734472 0.77556131780147453 10.307380992919208 2.0858103632926932 2.7223609872162333 3.3603016659617415 2.1592307165265079 0.42592018842697044 1.6649584025144575 9.3167234472930414 3.6931439936161032 42.662915773689747
leaf_count=43 140 15 23 5 34 4 29 35 15 2 6 23 16 89
internal_value=0.0238406 0.0361762 0.00771427 0.0456151 -0.0085113 -0.0374092 0.0151786 0.0299149 0.0325688 0.0491221 -0.0204348 0.0507312 0.029788 0.0570545
internal_weight=108.05 78.2235 19.4809 58.7426 29.8262 13.4362 16.39 13.6677 13.5161 56.8743 3.82419 56.0987 13.0099 43.0888
internal_count=479 237 87 150 242 144 98 69 44 135 21 130 39 91
is_linear=0
shrinkage=0.05


Tree=32
num_leaves=15
num_cat=0
split_feature=114 75 0 76 188 80 149 103 37 157 103 53 86 28
split_gain=21.9399 9.06282 7.62794 8.72369 7.23518 7.03198 6.34741 4.06195 10.0225 4.2138 3.87506 3.84456 3.66727 6.40434
threshold=-0.034881434293937287 -0.018239860947965984 1001.5000000000001 -0.034279483635910712 0.030860201635477643 -0.027393645326254448 0.017112713013922021 -0.049999468286257821 0.61977860059303558 0.099906535928961815 -0.072236281277901063 -0.026823581566436324 -0.034948898133606979 3.5000000000000004
decision_type=2 2 2 2 2 2 2 2 2 2 2 2 2 2
left_child=2 11 3 -1 -5 10 12 8 9 -4 -3 -2 -7 -14
right_child=1 5 7 4 -6 6 -8 -9 -10 -11 -12 -13 13 -15
leaf_value=-0.066017580204284262 -0.056217484644270524 0.051462591431523243 -0.078569264426906094 0.040321724533845194 -0.044732161809684465 0.064377528961490502 -0.036911939346211863 0.055095658510399027 0.062883572545837901 0.021125618662325756 -0.057491566546880701 0.056650543223692944 -0.060012006010347979 0.043297130595599642
leaf_weight=3.0881289057433632 10.524343375116585 0.97137679159641255 2.5715524628758413 14.126216951757671 3.0380982458591452 6.6771128140389937 3.5905452817678443 39.171359654515982 5.766773410141468 1.8030732274055479 5.10444247722626 0.8127392940223207 2.1226999834179878 5.1151286214590073
leaf_count=23 131 5 15 38 16 15 34 89 12 6 53 3 20 19
internal_value=0.0209506 -0.0113888 0.0371835 0.0113479 0.0252671 0.00627328 0.022359 0.047794 0.0195911 -0.0374784 -0.0400724 -0.0481261 0.037653 0.0129988
internal_weight=104.484 34.9184 69.5652 20.2524 17.1643 23.5813 17.5055 49.3128 10.1414 4.37463 6.07582 11.3371 13.9149 7.23783
internal_count=479 280 199 77 54 146 88 122 33 21 58 134 54 39
is_linear=0
shrinkage=0.05


Tree=33
num_leaves=15
num_cat=0
split_feature=114 50 0 93 75 13 27 98 85 32 176 164 40 84
split_gain=16.0805 11.1306 9.26735 9.11943 7.08 8.2553 5.3008 5.00976 4.47999 3.35268 5.65922 3.73514 6.76071 3.15422
threshold=-0.12112697003563729 0.010453891474334684 901.50000000000011 0.094536618675160555 -0.065676557320295245 2075148.0000000002 4.5000000000000009 0.066186887593765828 -0.083398745894126783 3.5000000000000004 -0.031743476654466619 -0.011686288011946684 0.095007624986817113 -0.12165354286603455
decision_type=2 2 2 2 2 2 2 2 2 10 2 2 10 2
left_child=7 -2 3 -3 5 -4 9 8 -1 11 -11 12 -6 -10
right_child=1 2 4 -5 6 -7 -8 -9 13 10 -12 -13 -14 -15
leaf_value=-0.0049665705025650608 -0.050239948158616682 -0.057905555430065737 -0.057426671668970745 0.052114873766473162 -0.058265251051735689 0.079165643159272006 -0.028142638119320537 -0.0049449930032752594 -0.085383995297455634 0.068546905179387163 -0.060767592601668453 0.05766706408909348 0.055391493229897761 0.055514884226224415
leaf_weight=3.4669857919216147 7.6999810747802249 7.1759293116629106 4.5452729649841777 2.5537748076021671 2.1406719647347918 1.4619581103324888 3.0164076387882224 4.6277465000748625 0.40103629231452842 1.4913344681262972 1.9553936831653107 20.169790092855699 3.3653368204832077 41.604098498821259
leaf_count=13 89 80 52 9 21 2 20 16 2 3 18 48 8 89
internal_value=0.0240743 0.0055557 0.0145294 -0.0290283 0.0256394 -0.0241847 0.0349523 0.0446169 0.0496609 0.0414874 -0.00481564 0.0477032 0.0112031 0.0541697
internal_weight=105.676 55.5759 47.8759 9.7297 38.1462 6.00723 32.1389 50.0999 45.4721 29.1225 3.44673 25.6758 5.50601 42.0051
internal_count=470 350 261 89 172 54 118 120 104 98 21 77 29 91
is_linear=0
shrinkage=0.05


Tree=34
num_leaves=15
num_cat=0
split_feature=114 75 0 40 106 168 50 113 80 32 29 186 32 97
split_gain=13.1378 10.6446 9.49436 8.46144 8.43226 7.93522 5.71935 5.06826 4.88194 4.73522 3.78297 5.74636 4.38052 3.28158
threshold=-0.12263837469701476 -0.065676557320295245 1018.5000000000001 0.24997614655429115 -0.11541400654408289 -0.11374630234511124 0.010453891474334684 0.27812647937725282 -0.12270167922104121 3.5000000000000004 3.5000000000000004 0.032865982540143994 2.5000000000000004 -0.12674284055667498
decision_type=2 2 2 10 2 2 2 2 2 10 2 2 8 2
left_child=8 3 4 -2 -3 -6 7 -4 -1 10 -8 12 -12 -10
right_child=1 2 6 -5 5 -7 9 -9 13 -11 11 -13 -14 -15
leaf_value=-0.063775530858228804 -0.056760695344765834 0.068523862899023721 0.061026658353990765 0.06949928048180129 0.061420663274342237 -0.058709052966874502 0.05423478807961038 -0.058600362570296272 -0.071264254957882425 -0.025078681617924804 0.046118815067610869 0.058451285130732694 -0.059468755364652098 0.046126956977320402
leaf_weight=1.0667315870523442 9.3160980232059938 2.161837898194789 1.2365834787487973 1.5473413467407215 1.6287705935537804 8.8114847578108293 20.342575632035739 3.1176822893321514 0.60371571779250999 2.8403263017535201 1.4659064635634402 3.9142874218523502 2.9774525426328182 42.816106587648392
leaf_count=7 121 5 3 3 5 92 53 34 3 20 5 11 28 103
internal_value=0.0213553 0.00595955 0.0159806 -0.0387768 -0.0213565 -0.0399678 0.0290891 -0.0246271 0.0418985 0.0365047 0.0425994 0.0142786 -0.0246344 0.0444947
internal_weight=103.847 59.3603 48.4969 10.8634 12.6021 10.4403 35.8948 4.35427 44.4866 31.5405 28.7002 8.35765 4.44336 43.4198
internal_count=493 380 256 124 102 97 154 37 113 117 97 44 33 106
is_linear=0
shrinkage=0.05


Tree=35
num_leaves=15
num_cat=0
split_feature=76 32 19 14 27 118 11 25 45 39 99 80 192 183
split_gain=16.2781 9.02521 6.59574 9.13388 5.91282 5.86037 5.44351 6.48306 5.00256 6.03828 4.97876 4.69617 4.60168 3.11467
threshold=-0.046137567622267145 3.5000000000000004 1545.0000000000002 6895.5000000000009 1.5000000000000002 -0.0074413414481974147 8171.5000000000009 -1786.4999999999998 0.11720787035880764 0.043788069537124552 0.024234112689036018 -0.11998361142535456 0.079592932743807618 0.030964571579218943
decision_type=2 10 2 2 2 2 2 2 2 2 2 2 2 2
left_child=4 2 3 -2 5 -1 -3 10 11 12 13 -4 -10 -8
right_child=1 6 8 -5 -6 -7 7 -9 9 -11 -12 -13 -14 -15
leaf_value=-0.057760084287092298 0.038000866999212513 0.052276208259072345 -0.058546718019019652 -0.05936664695896289 -0.050803101066521222 0.061550314437634535 -0.070250721492044949 -0.07219962567584505 -0.048179779864747987 0.042696679498144596 0.046445146817868536 0.051903631626073282 0.054822408974378956 0.022693864445410921
leaf_weight=1.6128955222666261 5.7784332223236543 3.0078205838799468 0.98352830857037687 4.1301982589066029 10.063305683434008 2.8440910987555972 2.3767678700387473 4.2792991176247588 4.4625767208635798 8.5033897794783098 3.6794432513415813 44.772148326039321 1.4323797971010206 1.4520499259233473
leaf_count=21 20 7 10 47 108 8 18 35 35 26 14 123 4 6
internal_value=0.0193506 0.0277214 0.0352146 -0.00258467 -0.0295692 0.0183742 -0.00776263 -0.0230827 0.041441 0.015737 0.00491129 0.0495295 -0.0231519 -0.0350022
internal_weight=99.3783 84.858 70.0627 9.90863 14.5203 4.45699 14.7954 11.7876 60.154 14.3983 7.50826 45.7557 5.89496 3.82882
internal_count=482 345 265 67 137 29 80 73 198 65 38 133 39 24
is_linear=0
shrinkage=0.05


Tree=36
num_leaves=15
num_cat=0
split_feature=114 37 17 129 15 13 157 191 37 121 61 46 148 151
split_gain=10.5715 10.2365 7.11648 6.7164 5.4663 8.92314 5.21569 5.93418 4.86219 7.33002 4.42682 4.08902 6.18963 3.95997
threshold=-0.032341764833718673 0.57858548054524783 841257.00000000012 0.033358701310246493 150952.00000000003 15072.000000000002 0.017805531563813554 0.11488468621699385 0.5081846224465254 0.0050464475075057648 667.50000000000011 53.833259337139374 -0.020865483484817319 -0.034365614573967272
decision_type=2 2 10 2 2 2 2 2 2 2 2 2 2 2
left_child=4 2 10 6 5 8 7 -3 9 -1 -2 -10 -13 -8
right_child=1 3 -4 -5 -6 -7 13 -9 11 -11 -12 12 -14 -15
leaf_value=-0.067254907212307494 -0.0555668282592226 -0.056135007683537047 0.065191388731329167 -0.057288897049835918 0.051623387940341783 -0.054434259381266947 -0.017493662280769259 0.066747502357414154 0.05107622883435569 0.030936615260266906 0.067881302864485904 -0.053667710572592613 0.036626668589181045 0.060136890361072615
leaf_weight=3.0110810101032239 11.411597013473507 2.9116637893021169 1.576244831085204 2.3784516751766196 24.352936200797558 3.5166944935917845 1.9341699443757558 1.4828143194317815 20.04183100163937 5.1537052467465401 0.77556590735912401 2.6491270735859871 6.6932906284928304 10.902276184409851
leaf_count=24 153 39 3 28 61 20 17 3 50 18 2 15 20 28
internal_value=0.0211727 -0.00172715 -0.0347808 0.0214725 0.0328549 0.0217247 0.0323442 -0.0146712 0.0288575 -0.00527531 -0.0477108 0.0383417 0.0110229 0.0484397
internal_weight=98.7914 33.3728 13.7634 19.6094 65.4187 41.0657 17.2309 4.39448 37.549 8.16479 12.1872 29.3842 9.34242 12.8364
internal_count=481 273 158 115 208 147 87 42 127 42 155 85 35 45
is_linear=0
shrinkage=0.05


Tree=37
num_leaves=15
num_cat=0
split_feature=44 114 20 161 32 23 65 139 53 129 83 29 80 189
split_gain=10.0481 7.99904 6.7201 6.6484 6.14554 6.03682 5.29056 4.96215 4.58555 4.26588 5.48501 3.2908 3.0261 3.81312
threshold=192.50000000000003 0.062947245392363363 3100.5000000000005 0.11405868705461668 3.5000000000000004 -11799.499999999998 1.0000000180025095e-35 0.047118500057690721 -0.27050222917171551 -0.028110755588658408 0.015877012531542105 2.5000000000000004 -0.12270167922104121 -0.094602050435383139
decision_type=2 2 2 2 10 2 2 2 2 2 2 2 2 2
left_child=8 2 6 -3 7 -6 -2 9 12 10 -4 -10 -1 -14
right_child=1 3 4 -5 5 -7 -8 -9 11 -11 -12 -13 13 -15
leaf_value=-0.055547170236206395 -0.060775717971777068 -0.055368648310932737 0.031618242310887675 0.042385060762128349 0.023345841655585679 -0.079495685992054102 0.029616054824374301 -0.027839071532450591 0.032054454204468778 0.04632481395660832 -0.063700636969427113 -0.060821789652832484 -0.064236996032908111 0.052161237865341548
leaf_weight=0.70373540371656673 4.7124985940754405 7.9299217835068685 4.9179100655019274 2.2280750386416912 3.0147716514766216 2.7093591801822177 2.4657643921673298 3.300560947507619 2.0539839826524253 24.84056789055467 2.1774899028241634 1.7805039733648298 0.72101437300443905 29.137275222688913
leaf_count=9 50 117 17 8 14 19 10 18 12 73 15 17 5 80
internal_value=0.019037 0.00639188 0.0148998 -0.0339272 0.0227203 -0.0253314 -0.0297258 0.0305262 0.0404685 0.0365582 0.00236607 -0.0110716 0.046935 0.0493505
internal_weight=92.6934 58.2969 48.1389 10.158 40.9607 5.72413 7.17826 35.2365 34.3965 31.936 7.0954 3.83449 30.562 29.8583
internal_count=464 341 216 125 156 33 60 123 123 105 32 29 94 85
is_linear=0
shrinkage=0.05


Tree=38
num_leaves=15
num_cat=0
split_feature=114 49 32 181 76 75 159 148 0 161 0 154 115 171
split_gain=11.0043 10.4599 8.30647 7.12553 6.22705 4.46311 8.40385 3.68438 3.63165 3.74219 3.23845 3.03666 3.01678 2.30002
threshold=-0.12263837469701476 1989.5000000000002 3.5000000000000004 0.086297201482160593 -0.068393677260782729 -0.044502025367536203 0.016141403555797896 -0.059300770016218536 605.00000000000011 -0.11636210519900321 665.50000000000011 0.27665413293146496 -0.074206882538978711 -0.08096424902785411
decision_type=2 2 10 2 2 2 2 2 2 2 2 2 2 2
left_child=5 11 3 4 -3 6 -1 -6 -9 -10 -7 -2 -11 -12
right_child=1 2 -4 -5 7 10 -8 8 9 12 13 -13 -14 -15
leaf_value=-0.065829954799863519 -0.056212996276354815 -0.036715450591616919 -0.0448556803995801 -0.05905698461298086 -0.027192103359117221 -0.0036866396432955195 0.03487049976140718 -0.058698916465760802 -0.059180923947152464 -0.017983031686965349 0.0082382767856475983 0.051767728464979457 0.050053853018653664 0.05651530849335093
leaf_weight=2.7714922279119483 8.0528581663966143 3.4403843954205469 5.4892347119748583 2.5807402469217768 2.2646132223308078 2.9037574827671078 8.2070019245147687 0.91950702294708264 0.87951344996691005 1.7424982972443164 2.734703145921233 0.70836833864450532 25.074588757008311 25.214016765356064
leaf_count=17 114 39 56 26 16 9 23 9 8 14 9 3 76 58
internal_value=0.0178067 0.00225183 0.0125307 0.0210671 0.0270919 0.0368277 0.00944893 0.0342006 0.0390591 0.0423046 0.0465701 -0.0474825 0.045633 0.0517915
internal_weight=92.9833 51.1523 42.3911 36.9018 34.3211 41.831 10.9785 30.8807 28.6161 27.6966 30.8525 8.76123 26.8171 27.9487
internal_count=477 361 244 188 162 116 40 123 107 98 76 117 90 67
is_linear=0
shrinkage=0.05


Tree=39
num_leaves=15
num_cat=0
split_feature=29 45 50 114 95 76 114 41 178 111 139 53 148 72
split_gain=10.6738 6.60661 8.8603 7.52598 6.12587 6.38541 6.08077 5.71461 5.30766 4.21408 4.11108 3.89384 2.91155 4.20454
threshold=3.5000000000000004 0.014004157461930089 0.010453891474334684 -0.013503507224400994 -0.018594454424188635 -0.046137567622267145 -0.043565270543389926 0.18664900752130398 -0.018238898270458669 -0.042144166444809041 0.08480235895905068 -4.9491719392544811 0.034457705111945687 0.34057971014492755
decision_type=2 2 2 2 2 2 2 10 2 2 2 2 2 8
left_child=1 -1 11 9 10 -6 -7 -8 -5 -4 -2 -3 -11 -14
right_child=4 2 3 8 5 6 7 -9 -10 12 -12 -13 13 -15
leaf_value=0.050013532524199135 -0.06254553490441328 0.045187115582167731 -0.035511828292951554 0.021845279390177105 -0.058840612728402214 0.043318769905045525 -0.056726151058542097 0.044937745942569718 -0.056511741744236434 0.057430655352837812 0.035628294047799991 -0.060367236803652136 -0.026348504966654307 0.055228067930469318
leaf_weight=25.376607358455658 6.2206276226788786 1.0776833221316335 1.6761391237378145 4.8857630640268299 3.0532778501510682 10.270009275525814 3.8321267664432446 2.1621830277144909 3.8753998968750247 16.895143587142233 1.2869792133569715 4.6161182522773734 2.9225871451199046 3.4371597394347191
leaf_count=81 65 4 8 34 37 28 50 7 49 41 5 48 15 9
internal_value=0.0191327 0.0301182 0.0172995 0.0270485 -0.00738896 0.00750659 0.0199619 -0.0200554 -0.012815 0.0410572 -0.0457162 -0.0403886 0.0465761 0.01774
internal_weight=91.5878 64.7626 39.386 33.6922 26.8252 19.3176 16.2643 5.99431 8.76116 24.931 7.50761 5.6938 23.2549 6.35975
internal_count=481 289 208 156 192 122 85 57 83 73 70 52 65 24
is_linear=0
shrinkage=0.05


Tree=40
num_leaves=15
num_cat=0
split_feature=17 158 89 124 113 154 75 157 124 188 184 0 103 80
split_gain=7.46044 7.89569 6.59149 5.10207 4.99573 8.01193 5.95904 6.67735 4.70329 2.89149 4.45702 2.80235 2.44262 2.34226
threshold=2342.5000000000005 -0.004513378978429467 0.10917077586910004 -0.014479219130765839 0.2868963094912596 0.22009981721378061 -0.02623281775724726 0.13272998151432738 0.078310908479921226 0.038734133409071093 -0.045685077813008144 665.50000000000011 -0.049999468286257821 0.012182278420524556
decision_type=8 2 2 2 2 2 2 2 2 2 2 2 2 2
left_child=1 3 4 -1 11 6 7 8 -6 -8 -11 -2 -13 -5
right_child=2 -3 -4 13 5 -7 9 -9 -10 10 -12 12 -14 -15
leaf_value=-0.061708501124511088 -0.023449801392324651 -0.058246887571109976 -0.046141773110422953 -0.01631213580022112 -0.059294179938309793 -0.064066033148232435 0.042278952821955179 0.050461939809075235 0.057508904371381446 0.044735749307156625 -0.05945239135289615 0.012599838179638008 0.053041744781400627 0.051909262378010627
leaf_weight=1.6401144806295631 1.4514959529042233 5.6167456638067952 2.940465595573186 1.6359127592295388 5.21220944449305 2.7464675344526759 24.356598071753986 3.0314826443791389 1.0325963981449602 2.2432393133640289 1.8924185410141934 4.3161795511841801 27.663975264877081 5.4485624618828297
leaf_count=19 10 76 23 20 63 29 83 10 3 8 17 18 75 17
internal_value=0.0210982 -0.0120087 0.0272735 0.0177586 0.0301928 0.0183874 0.0243833 -0.010424 -0.0399805 0.0357155 -0.00293927 0.0444995 0.0475835 0.0361559
internal_weight=91.2285 14.3413 76.8871 8.72459 73.9467 40.515 37.7685 9.27629 6.24481 28.4923 4.13566 33.4317 31.9802 7.08448
internal_count=471 132 339 56 316 213 184 76 66 108 25 103 93 37
is_linear=0
shrinkage=0.05


Tree=41
num_leaves=15
num_cat=0
split_feature=114 121 75 159 38 181 67 175 0 83 159 92 87 92
split_gain=12.335 8.63407 7.93442 11.4965 5.62576 5.5768 4.56782 3.945 3.83952 5.24378 3.93238 2.56634 2.07683 3.17299
threshold=-0.0034212131905876648 0.034549247814354776 -0.04371688548572656 0.046119205980841953 0.020436573632189772 0.013790405598843604 1.0000000180025095e-35 0.13236008104637534 981.50000000000011 0.0097341699357568357 -0.088640679434470612 0.011986899670819564 -0.057441142624362236 -0.0081183676477168711
decision_type=2 2 2 2 2 2 2 2 2 2 2 2 2 2
left_child=2 7 3 -1 -4 -5 -3 -2 9 11 -11 -6 -8 -14
right_child=1 6 4 5 8 -7 12 -9 -10 10 -12 -13 13 -15
leaf_value=-0.05173474936702032 -0.055370918651602596 -0.05472360127447129 -0.060770287707970931 0.052839509714039223 0.0082707298334845202 -0.034894509246348765 0.063956823154801931 0.027260797784543711 0.050166845717395915 0.02188162588010497 -0.068228194878092507 0.059683117955580123 -0.059113776303072366 0.037885869969710169
leaf_weight=6.8513821512460735 10.351771257817747 1.6982989069074372 1.4054276309907425 7.7059876620769483 3.9313485361635667 2.367863092571497 3.5633390098810196 1.6786484234035004 33.40222879871726 2.4257080443203449 2.4172735437750807 6.3444049507379532 1.1417614035308359 3.2227979507297277
leaf_count=56 155 26 13 20 15 16 9 9 92 9 16 13 12 19
internal_value=0.0171943 -0.0156007 0.0278183 -0.00176655 0.0378477 0.0322176 0.0196929 -0.043841 0.0407042 0.019798 -0.0230948 0.0400135 0.0356342 0.0125109
internal_weight=88.5082 21.6566 66.8516 16.9252 49.9264 10.0739 9.6262 12.0304 48.521 15.1187 4.84298 10.2758 7.9279 4.36456
internal_count=480 230 250 92 158 36 66 164 145 53 25 28 40 31
is_linear=0
shrinkage=0.05


Tree=42
num_leaves=15
num_cat=0
split_feature=75 113 164 114 45 47 52 41 38 103 41 39 93 134
split_gain=10.6237 8.95023 5.6441 5.02517 6.97528 4.96268 4.80688 5.3015 4.65835 4.46271 3.3954 9.06544 2.71601 3.45911
threshold=-0.028938921058493484 0.2868963094912596 -0.035375229819228089 -0.0034212131905876648 0.044764651221313921 1.8036801730195018 -0.024405538871719264 0.16144951167435415 0.020436573632189772 0.10487722198941775 0.066766092262292534 0.026510260939525902 0.023680788869670791 0.0069680970922073914
decision_type=2 2 2 2 2 10 2 8 2 2 8 2 2 2
left_child=1 2 -1 8 6 -4 -5 -8 -2 -3 11 -10 -12 -14
right_child=3 9 5 4 -6 -7 7 -9 10 -11 12 -13 13 -15
leaf_value=-0.059987089903298978 -0.060275164197802371 -0.057724797207494155 -0.030469330988408285 0.05819414064587243 -0.055094649006362864 0.050258119212103818 -0.056070970596274416 0.032766253396552508 0.042640897422159804 0.052012714009142397 0.053813564084757383 -0.068491230095657316 -0.02702242719548581 0.043336931238984466
leaf_weight=2.0849220193922511 1.2466571778058995 9.7979478817433101 2.5298596099019068 5.0450998097658148 4.0088429152965537 7.6925776451826096 2.9902015179395676 3.8309354335069647 6.3676612153649348 1.0232158489525307 24.05192681401968 2.5779942087829113 2.6144747100770465 5.2640898823738098
leaf_count=22 12 136 18 12 62 22 38 14 20 4 64 16 12 17
internal_value=0.0144749 -0.0141774 0.014988 0.025901 0.001927 0.0302796 0.021191 -0.00617758 0.0349362 -0.0473484 0.03784 0.0106144 0.0454675 0.0199884
internal_weight=81.1264 23.1285 12.3074 57.9979 15.8751 10.2224 11.8662 6.82114 42.1228 10.8212 40.8761 8.94566 31.9305 7.87856
internal_count=469 202 62 267 126 40 64 52 141 140 129 36 93 29
is_linear=0
shrinkage=0.05


Tree=43
num_leaves=15
num_cat=0
split_feature=114 164 76 52 86 38 65 102 120 149 174 127 40 165
split_gain=10.9862 7.28553 6.91974 6.69979 7.05898 4.33618 4.29668 3.92772 4.28141 2.86196 2.5971 2.05521 1.92676 1.14345
threshold=-0.10582630223512206 -0.0054415113031287968 -0.025496415101979451 -0.022058613734544246 -0.015744882063917529 0.020436573632189772 1.0000000180025095e-35 0.02045703172932405 -0.015168126425746772 -0.055842452936064484 0.086573146317838273 -0.056179913155915973 0.050218264800317873 0.038431861244265376
decision_type=2 2 2 2 2 2 2 2 2 2 2 2 10 2
left_child=5 3 6 4 -2 -1 -3 12 -9 -7 11 -11 -4 -13
right_child=1 2 7 -5 -6 9 -8 8 -10 10 -12 13 -14 -15
leaf_value=-0.060946901567414627 0.052574998808582254 -0.055298921534988943 0.004549972761821547 -0.055967642275302903 -0.056477335924496747 -0.012052094409648351 0.052265776861099345 0.038115798272625664 -0.059155833625873483 0.018877518103261434 0.0029379713616870719 0.058401818169728226 0.052822554177797493 0.032515896800975323
leaf_weight=1.1029249541461457 3.9389105383306742 4.3786714188754585 2.5190096702426699 8.8137738201767188 2.3808916844427577 2.504609949886798 1.178209815174341 2.3161971196532249 2.211192298680543 5.1703311204910234 3.5950274169445029 21.620736837387092 11.523195799440144 5.3147736079990855
leaf_count=10 16 70 19 124 32 10 5 12 26 17 13 52 34 18
internal_value=0.0181074 -0.000600999 0.0164578 -0.0277968 0.0114912 0.0367928 -0.0324923 0.0311059 -0.009392 0.0396143 0.043239 0.0477517 0.044163 0.0532941
internal_weight=78.5685 39.2601 24.1265 15.1336 6.3198 39.3084 5.55688 18.5696 4.52739 38.2055 35.7009 32.1058 14.0422 26.9355
internal_count=458 338 166 172 48 120 75 91 38 110 100 87 53 70
is_linear=0
shrinkage=0.05


Tree=44
num_leaves=15
num_cat=0
split_feature=45 114 29 121 146 171 39 14 109 180 96 113 161 43
split_gain=10.4857 6.53591 8.97409 6.8882 5.46995 5.16529 4.97036 4.28416 5.42696 3.41265 3.30582 3.09068 2.38424 2.12108
threshold=0.12409542732226246 -0.064689798996989761 3.5000000000000004 -0.0034699892607014805 -0.012651288182180717 -0.1267786144811944 0.025741293866457429 96765.000000000015 0.066806423147528646 0.087822280347909995 0.098286858603393215 0.29146000041246994 -0.092814276645004426 0.13170700318399997
decision_type=2 2 2 2 2 2 2 2 2 2 2 2 2 2
left_child=1 9 3 5 10 -3 -6 8 -8 12 -2 -5 -1 -4
right_child=4 2 13 11 6 -7 7 -9 -10 -11 -12 -13 -14 -15
leaf_value=0.0017038556840558751 -0.061092915613729516 0.065219415162778543 0.049384459501409197 -0.031148304497739018 -0.056445395788732894 -0.059253634668554912 -0.055742094410550447 0.050042966314079555 0.057930663408375327 -0.0094271151020437812 0.037030121152864685 0.048538057234912668 0.049680818421158665 -0.055770754724409954
leaf_weight=2.8444125950336483 6.6568922251462963 1.0954489707946775 0.52586169540882011 1.3437104187905777 2.6176898404955855 3.4849072899669471 2.9394448548555356 5.6182621791958809 1.6334749236702917 3.1190703064203253 0.98544528335332859 12.885374302044509 28.901611678302288 5.4453769456595182
leaf_count=13 74 2 2 13 41 46 25 20 5 14 4 47 80 80
internal_value=0.0159317 0.026525 0.00689265 0.0238459 -0.0149635 -0.0294844 0.00501023 0.0207956 -0.0151375 0.0404788 -0.0484404 0.0410129 0.0453821 -0.0465102
internal_weight=80.097 59.6458 24.7807 18.8094 20.4512 4.58036 12.8089 10.1912 4.57292 34.8651 7.64234 14.2291 31.746 5.97124
internal_count=466 297 190 108 169 48 91 50 30 107 78 60 93 82
is_linear=0
shrinkage=0.05


Tree=45
num_leaves=15
num_cat=0
split_feature=114 157 164 35 116 49 104 178 13 84 43 128 32 187
split_gain=8.8543 7.03023 6.33933 5.11967 4.83606 4.71574 4.30977 4.10153 7.31355 3.08444 2.71119 3.81924 2.05756 2.70317
threshold=-0.12112697003563729 -0.045658513686594272 -0.055333612511908964 3.5000000000000004 0.0070385712210657208 2422.5000000000005 0.0065495019877478923 0.04558261184751386 118.00000000000001 0.14667806793707328 1.243746304293271 0.023923391560092263 2.5000000000000004 0.039711516690063349
decision_type=2 2 2 2 2 2 2 2 2 2 2 2 10 2
left_child=7 9 -3 5 -5 -4 -6 10 -9 -2 -1 -12 -7 -14
right_child=1 2 3 4 6 12 -8 8 -10 -11 11 -13 13 -15
leaf_value=0.051406643778103757 -0.055588357882356512 -0.055034505555085246 -0.053657703200253086 -0.057841176100442593 0.048119718879608309 0.044664652590699024 -0.034057957155127924 0.04562574736024555 -0.055847312505375293 0.058008211654599323 -0.027088587235051753 0.053187984811810675 -0.054891852873572899 0.056088651706744208
leaf_weight=22.918233476579193 6.2585232704877845 3.32614867016673 1.4905477706342996 3.6111623384058458 3.8616828601807356 16.83997982181609 2.7186975888907909 4.0819121301174155 3.1428844220936298 0.66064532846212376 2.9326485469937316 2.9945152550935745 1.2567300200462335 0.9738643318414687
leaf_count=62 106 51 30 43 16 61 25 11 18 2 13 8 18 3
internal_value=0.0171048 0.00120825 0.0105377 0.0176299 -0.0113471 0.031993 0.0141678 0.0351731 0.00148359 -0.0447421 0.0436111 0.0134687 0.0386874 -0.00643842
internal_weight=77.0682 40.998 34.0788 30.7527 10.1915 20.5611 6.58038 36.0702 7.2248 6.91917 28.8454 5.92716 19.0706 2.23059
internal_count=467 355 247 196 84 112 41 112 29 108 83 21 82 21
is_linear=0
shrinkage=0.05


Tree=46
num_leaves=15
num_cat=0
split_feature=75 35 29 133 159 116 93 153 178 25 46 45 191 158
split_gain=7.10102 5.5604 5.28914 5.72622 4.90955 4.46851 4.2085 3.60685 3.70127 3.15258 8.58449 2.62867 4.36501 1.91317
threshold=-0.056799575407517199 3.5000000000000004 3.5000000000000004 -0.016367561240105376 0.037926253597545159 -0.092269980344793598 -0.093082546871902122 0.34324015207772057 -0.038205054827634241 -518.99999999999989 26.866515544041455 0.15436442716612955 -0.0081184262603404816 -0.051240942894996748
decision_type=2 2 2 2 2 2 2 2 2 2 2 2 2 2
left_child=1 4 9 -4 6 -5 -1 -7 -9 11 -11 -2 -13 -6
right_child=2 -3 3 5 13 7 -8 8 -10 10 -12 12 -14 -15
leaf_value=0.061554169242012249 0.047676910807991801 -0.060168300661962375 -0.052803452076244463 -0.067525918424781062 -0.020472584436948275 0.044608607001836165 -0.058350575905672046 0.04298520273019335 -0.044240577195359211 0.05238631941697483 -0.059020526814818987 0.044371174316169243 -0.042562356843433874 0.047856032748978393
leaf_weight=0.92437484860420127 31.283953152596951 4.2287110127508631 3.5426108837127712 1.4028277210891271 1.269182104617357 9.1978993657976336 3.5127786360681048 2.0761507414281359 2.9361722115427256 4.1029728278517714 2.9886799864470959 3.8759305849671364 2.3012614883482447 5.3125984910875559
leaf_count=2 104 56 39 11 15 36 52 10 32 13 38 15 19 25
internal_value=0.0192222 -0.0114281 0.0265579 0.00458674 0.00727683 0.0176086 -0.0333713 0.0260131 -0.00811085 0.0360045 0.00543543 0.0417914 0.0119848 0.03468
internal_weight=78.9561 15.2476 63.7085 19.1557 11.0189 15.6131 4.43715 14.2102 5.01232 44.5528 7.09165 37.4611 6.17719 6.58178
internal_count=467 150 317 128 94 89 54 78 42 189 51 138 34 40
is_linear=0
shrinkage=0.05


Tree=47
num_leaves=15
num_cat=0
split_feature=32 162 114 41 138 57 0 76 143 45 29 80 119 29
split_gain=6.61943 7.72683 5.90841 8.86002 5.73509 4.5941 4.42264 4.52153 3.18561 2.86183 4.52549 2.65085 2.41282 2.09624
threshold=3.5000000000000004 -0.044950447747593977 -0.12112697003563729 0.071872622011431381 -0.080731626262810843 -1.0000000180025095e-35 1242.0000000000002 0.011171069013293891 -0.068314751593092957 0.21640120852325323 1.5000000000000002 -0.087385334429688891 0.017097469634790332 3.5000000000000004
decision_type=10 2 2 8 2 2 2 2 2 2 2 2 2 2
left_child=2 12 9 4 -4 11 -7 -8 -3 -1 -11 -5 -2 -13
right_child=1 8 3 5 -6 6 7 -9 -10 10 -12 13 -14 -15
leaf_value=0.04816984216117684 -0.0076230367256597837 0.03571747874532976 0.045118254413857466 -0.056572065183915471 -0.055247964025037379 -0.042396604002680575 -0.044977531988324229 0.038460406916521771 -0.066611336441365673 0.049527088872166058 -0.043170375480509865 0.055818891009148733 0.060551875648988222 0.0079256246068422978
leaf_weight=23.552062712609771 2.4478041604161263 0.87752892449498165 1.8033566679805515 0.64831085130572397 6.7541535291820782 3.9002723246812812 2.0637269336730224 7.6145784147083759 5.7062399461865407 2.9073532670736304 2.4064550921320915 12.021969389170403 2.7624977454543114 2.8207903299480686
leaf_count=70 18 4 8 8 125 41 24 31 64 7 14 34 7 18
internal_value=0.0175519 -0.0169697 0.0236751 0.0106206 -0.0340974 0.0237847 0.00255403 0.0206687 -0.0529723 0.0406918 0.00754735 0.0423943 0.0285232 0.046717
internal_weight=78.2871 11.7941 66.493 37.6272 8.55751 29.0696 13.5786 9.67831 6.58377 28.8659 5.31381 15.4911 5.2103 14.8428
internal_count=473 93 380 289 133 156 96 55 68 91 21 60 25 52
is_linear=0
shrinkage=0.05


Tree=48
num_leaves=15
num_cat=0
split_feature=181 33 129 32 163 45 78 29 114 37 121 0 114 75
split_gain=5.92194 5.69389 6.8133 5.67605 4.52995 4.37173 6.2185 3.372 3.78856 5.04424 2.75847 2.72373 2.35463 2.32856
threshold=0.11339033965104721 4.5000000000000009 0.0048366958766914827 3.5000000000000004 -0.050397560141631076 0.16558545449771853 0.0076125672248844407 3.5000000000000004 -0.043565270543389926 0.80335540610277556 0.019218028565383762 605.00000000000011 -0.17922349638196436 0.04770700802104217
decision_type=2 2 2 10 2 2 2 2 2 2 2 2 2 2
left_child=1 3 13 5 -5 7 -7 11 -9 -10 -4 -1 -6 -3
right_child=-2 2 10 4 12 6 -8 8 9 -11 -12 -13 -14 -15
leaf_value=-0.055913831958594756 -0.05968029087808624 -0.069228880833027223 -0.018331592851154252 0.031134709190708917 0.014738915897504352 -0.047670660344665293 0.036362487329783137 0.039947422145048324 -0.054236556194209154 0.052344774378190018 0.049872550837869956 0.050155178848476825 -0.063313914861490184 0.00075867555594131761
leaf_weight=0.61772895045578735 2.4158615302294484 4.2704801950603706 2.3465716503560543 3.6053218673914671 1.3164225369691847 3.8117442447692138 5.2115096002817154 7.1624426543712616 3.189101452007888 1.7029143311083315 4.0258493348956108 29.934612518176436 3.632332928478716 1.646746754646301
leaf_count=10 28 40 17 21 5 50 31 23 58 6 12 109 43 11
internal_value=0.0173294 0.0198965 -0.0111173 0.0262295 -0.0114944 0.0324796 0.000863889 0.0391752 0.0167817 -0.0171355 0.0247571 0.0480106 -0.042551 -0.0497516
internal_weight=74.8896 72.4738 12.2896 60.1841 8.55408 51.6301 9.02325 42.6068 12.0545 4.89202 6.37242 30.5523 4.94876 5.91723
internal_count=464 436 80 356 69 287 81 206 87 64 29 119 48 51
is_linear=0
shrinkage=0.05


Tree=49
num_leaves=15
num_cat=1
split_feature=1 103 136 52 4 164 0 132 66 62 106 131 46 185
split_gain=5.8543 6.86505 5.99194 4.52027 4.23278 4.11002 4.06831 6.53799 3.57265 3.55225 2.75609 3.98039 2.69322 2.27298
threshold=0 0.050256903309290737 0.01182201995876757 -0.017867992740804691 30.500000000000004 -0.042201657424331233 1001.5000000000001 -0.010345537126382429 7.5000000000000009 581.50000000000011 0.016888300997779104 0.016603829538470481 25.591218883109878 0.047988525113067171
decision_type=9 2 2 2 10 2 2 2 2 2 2 2 2 2
left_child=6 2 9 -4 -5 -3 7 -1 13 -2 -10 -12 -9 -8
right_child=1 5 3 4 -6 -7 8 12 10 -11 11 -13 -14 -15
leaf_value=0.032918631432414407 -0.060026949934552126 -0.060099886042209311 0.04158909449994324 -0.059794365707618147 0.047781828927381392 0.042081012799043888 -0.057581019444706553 0.034822847689075558 0.05271387937247967 0.012210485188144752 0.042088574703321502 -0.038633842802555628 -0.062115697486158965 0.037896399439521174
leaf_weight=7.7064865790307522 9.1144224330782944 1.1183655317872752 4.7842028196901083 3.1427098046988231 1.2896181624382732 8.1978396382182819 1.4910907670855551 0.89372554421424677 21.888330858200792 2.0925643872469655 4.8912723697721949 2.2203688807785511 3.6133434027433395 1.0711508728563783
leaf_count=38 124 17 23 38 6 40 17 5 70 14 21 17 42 6
internal_value=0.015206 -0.00430615 -0.0219788 0.00788525 -0.0284943 0.0298147 0.0239699 0.00494235 0.0389275 -0.0465388 0.0439278 0.0168857 -0.0428933 -0.0176665
internal_weight=73.5155 29.7397 20.4235 9.21653 4.43233 9.31621 43.7758 12.2136 31.5622 11.207 29 7.11164 4.50707 2.56224
internal_count=478 262 205 67 44 57 216 85 131 138 108 38 47 23
cat_boundaries=0 1
cat_threshold=13369481
is_linear=0
shrinkage=0.05


Tree=50
num_leaves=15
num_cat=0
split_feature=114 43 186 17 99 40 159 63 188 115 147 138 42 183
split_gain=7.00668 6.722 5.24143 4.16257 3.88608 5.83121 4.13338 3.72565 3.48845 3.21259 2.40482 2.2115 1.45042 1.14204
threshold=-0.032341764833718673 0.65739710660356876 -0.012158183123038012 841257.00000000012 0.016017578962456949 0.063599530248273375 0.024085470293632602 808.50000000000011 -0.053214514607453793 -0.056316682825410157 -0.042881129173024397 0.039227741798006956 0.44141114221155969 -0.036506414106513348
decision_type=2 2 2 10 2 8 2 2 2 2 2 2 2 2
left_child=4 2 -2 -3 5 6 13 -7 -6 -4 -8 -9 -11 -1
right_child=1 3 9 -5 8 7 10 11 -10 12 -12 -13 -14 -15
leaf_value=-0.002709123964231609 -0.043837012698432459 -0.053987815724997404 -0.055211575390229396 0.060416392114017628 -0.014759409103085559 -0.013230473093898826 0.05867101135285379 0.050815659616150193 0.049548689660187752 0.0034406805352785279 -0.017854818056579104 0.0032839958275510533 0.052413110025966006 -0.063250858977974542
leaf_weight=0.98087094351649273 2.8958272859454146 7.6113108303397876 0.9415830597281446 0.88783758878707875 2.3661215677857426 3.9630303606391015 1.9108566939830778 12.111031971871851 19.39321824349463 1.9262675140053049 2.2185062542557716 3.066837564110755 7.0289158709347248 3.7840020991861802
leaf_count=8 52 148 15 2 14 17 5 35 64 19 16 13 23 34
internal_value=0.0164361 -0.00756978 0.0153295 -0.0420369 0.0267009 0.0143952 -0.019057 0.0299395 0.0425558 0.0326418 0.0175574 0.0412114 0.0418791 -0.0507881
internal_weight=71.0862 21.2917 12.7926 8.49915 49.7945 28.0351 8.89424 19.1409 21.7593 9.89677 4.12936 15.1779 8.95518 4.76487
internal_count=465 259 109 150 206 128 63 65 78 57 21 48 42 42
is_linear=0
shrinkage=0.05


Tree=51
num_leaves=15
num_cat=1
split_feature=1 29 0 159 114 114 103 127 65 55 121 178 132 150
split_gain=6.30817 5.62296 4.23099 4.2053 4.70756 3.76899 4.42191 3.7037 3.49854 3.39694 3.08255 1.96786 2.91382 1.777
threshold=0 3.5000000000000004 802.50000000000011 0.037926253597545159 -0.12520761099807184 -0.014789058631218219 0.043848933811560721 -0.079493158927947796 1.0000000180025095e-35 3.5000000000000004 -0.077821144518345542 0.076096659635190356 -0.029079633990972829 -0.073646352965645548
decision_type=9 2 2 2 2 2 2 2 2 2 2 2 2 2
left_child=7 2 8 -3 -5 9 -7 -1 -2 -4 -9 13 -13 -12
right_child=1 3 5 4 -6 6 -8 10 -10 -11 11 12 -14 -15
leaf_value=-0.06174117843763869 -0.052631317678884862 -0.061891545365608272 0.039297344405061614 0.0480665566970256 -0.040972569595094856 -0.054325006516558319 0.025883711396235427 -0.060727499905958583 0.054069733536749147 -0.020611663634077581 -0.058574079836594607 0.055203373203770612 -0.036806273923613866 0.048740459721155774
leaf_weight=0.91898300871253269 3.9773079641163376 5.5667168814688903 15.77242143079639 2.6614678204059601 3.3567847516387701 3.336717488244175 3.5427715703845024 0.73968380317092552 0.95213489234447468 2.783777803182601 0.39148469641805661 1.6439197808504107 1.8055332675576199 26.355717329308384
leaf_count=9 52 77 58 8 48 61 19 7 4 14 5 4 17 101
internal_value=0.0155161 -0.000753062 0.0103744 -0.030569 -0.00159656 0.0185908 -0.0130194 0.028295 -0.0320217 0.0303099 0.0401158 0.042586 0.00704314 0.0471698
internal_weight=73.8054 41.9501 30.3651 11.585 6.01825 25.4357 6.87949 31.8553 4.92944 18.5562 30.9363 30.1967 3.44945 26.7472
internal_count=484 341 208 133 56 152 80 143 56 72 134 127 21 106
cat_boundaries=0 1
cat_threshold=13369473
is_linear=0
shrinkage=0.05


Tree=52
num_leaves=15
num_cat=0
split_feature=114 50 0 136 85 92 150 122 45 159 94 101 187 142
split_gain=5.02686 4.67706 4.57509 4.56887 3.28151 3.23809 3.23505 3.08168 2.89322 3.40434 4.60249 2.75127 2.69543 4.3472
threshold=-0.12263837469701476 0.010453891474334684 1018.5000000000001 -0.0099963232528518069 -0.083398745894126783 -0.03675805658955731 0.00325221893111863 0.044918083906955911 0.0099572861876199188 0.029487638573664508 -0.010907847823077828 -1.0000000180025095e-35 0.002627455265367598 -0.0211218152136529
decision_type=2 2 2 2 2 2 2 2 2 2 2 2 2 2
left_child=4 -2 3 6 -1 7 -3 -4 -6 10 -10 -12 -7 -14
right_child=1 2 5 -5 8 12 -8 -9 9 -11 11 -13 13 -15
leaf_value=-0.014106009296609169 -0.042981391096877014 -0.054181921790925583 -0.060534007005557805 -0.057810156268431723 0.056501780102438552 0.043528769172031689 0.037189640457912544 0.0288162857986227 -0.058965512070527859 0.045943298295726888 -0.011563220907969837 0.057184903431398121 0.0394220013885897 -0.044561456699097161
leaf_weight=3.6397339776158359 4.78538511134684 1.3207372846081851 2.1105846073478456 4.2526646610349399 10.82466045022011 12.8223067522049 3.6345651540905237 1.7779400423169134 2.3362143859267279 8.1975275650620443 2.8057897835969969 3.0235244035720754 3.6111680027097464 2.6876572202891102
leaf_count=17 94 26 30 61 35 62 21 13 14 25 15 9 17 32
internal_value=0.0155664 0.00314252 0.00999345 -0.0197915 0.0304791 0.0219127 0.0128364 -0.0196806 0.0364479 0.0231816 0.000330647 0.0240948 0.0303713 0.00358695
internal_weight=67.8305 37.003 32.2176 9.20797 30.8275 23.0097 4.9553 3.88852 27.1877 16.3631 8.16553 5.82931 19.1211 6.29883
internal_count=471 356 262 108 115 154 47 43 98 63 38 24 111 49
is_linear=0
shrinkage=0.05


Tree=53
num_leaves=15
num_cat=0
split_feature=75 114 142 51 10 137 32 163 56 133 91 30 169 50
split_gain=7.11402 5.46573 4.64228 4.05918 3.47081 3.27517 2.89516 4.51924 2.39829 3.17783 2.57333 3.58963 1.74245 1.69675
threshold=-0.056799575407517199 -0.15141408220657795 -0.040542817213531458 -0.022282556214842108 1794079.0000000002 0.019745973227503048 3.5000000000000004 -0.022069351780059952 3.5000000000000004 -0.022154420576032591 0.0012527741900850542 4.5000000000000009 -0.071691390889965165 0.0085741983255793203
decision_type=2 2 2 2 2 2 10 2 2 2 2 2 2 2
left_child=1 5 3 -2 -5 -1 8 -8 13 -10 11 -11 -9 -4
right_child=2 -3 6 4 -6 -7 7 12 9 10 -12 -13 -14 -15
leaf_value=-0.024718134199333275 0.044067778792418605 -0.049411193553483522 -0.016147092110499413 -0.050419680341937813 0.032900183268778083 0.054320337578599442 0.036807222890139414 0.016183787300679781 -0.054652039619029591 -0.060335380022448475 0.044599983984256367 0.045310360359139892 -0.063238772149753056 0.046472040035509886
leaf_weight=2.3977220058441162 2.5815752185881138 6.7427996834740025 1.1311201881617332 5.0338070634752494 1.6627585440874098 2.8910050019621849 4.1055827010422945 0.95940462686121497 1.3949626311659802 1.6959006953984481 6.3490746226161718 1.5289638489484787 2.4645978640764943 24.806104363873601
leaf_count=13 10 136 12 56 8 8 21 7 24 21 31 6 28 95
internal_value=0.0151869 -0.019565 0.022971 -0.00919727 -0.0297313 0.0184871 0.0296877 0.00143218 0.0354524 0.0158527 0.0261255 -0.0102469 -0.0409846 0.0437412
internal_weight=65.7454 12.0315 53.7139 9.27814 6.69657 5.28873 44.4357 7.52959 36.9061 10.9689 9.57394 3.22486 3.424 25.9372
internal_count=476 157 319 74 64 21 245 56 189 82 58 27 35 107
is_linear=0
shrinkage=0.05


Tree=54
num_leaves=15
num_cat=1
split_feature=1 27 137 61 0 57 114 77 95 190 103 153 52 86
split_gain=5.21008 5.63097 5.48263 4.52129 3.56436 4.5129 3.99572 3.91433 3.40109 2.80293 2.78165 2.23425 2.13787 2.33115
threshold=0 1.5000000000000002 0.015861657520277597 369.50000000000006 1001.5000000000001 -1.4999999999999998 -0.17145195095579105 -0.11938553801840077 0.072249424775140389 -1.0000000180025095e-35 0.075579711894090254 0.11690839723562017 -0.019577018678510826 0.022732339866762163
decision_type=9 2 2 2 2 2 2 2 2 2 2 2 2 2
left_child=4 9 -3 12 5 -1 -7 -8 11 -2 -11 -6 -4 -14
right_child=1 2 3 -5 8 6 7 -9 -10 10 -12 -13 13 -15
leaf_value=0.044169544304967723 0.051812378787797986 -0.058266626967940716 0.052291961318743176 -0.057742598872667986 -0.062929183835936611 0.03939784629837377 0.051818552450985794 -0.059532731639903649 -0.020084146126780524 -0.056506441724007372 0.056964470076006038 0.041329328203639291 -0.061875155925116714 0.038511407038436571
leaf_weight=4.2435241937637329 4.2996657583862543 7.3794207088649255 3.2417938765138388 2.2638484928756952 0.52329497039318695 2.0902050659060478 0.94376754760742176 4.8201054725795967 2.6150149535387746 1.5150600057095318 0.83929890021681774 28.511578023433685 1.1326901819556954 1.1815732233226297
leaf_count=20 20 118 14 35 5 8 3 65 18 25 3 124 14 7
internal_value=0.0136259 -0.00724509 -0.0273536 0.00181817 0.0209247 0.00262322 -0.0198241 -0.0413002 0.0345314 0.027799 -0.0160555 0.0394503 0.0260866 -0.0106217
internal_weight=65.6008 21.8534 15.1993 7.81991 43.7475 12.0976 7.85408 5.76387 31.6499 6.65402 2.35436 29.0349 5.55606 2.31426
internal_count=479 236 188 70 243 96 76 68 147 48 28 129 35 21
cat_boundaries=0 1
cat_threshold=13410441
is_linear=0
shrinkage=0.05


Tree=55
num_leaves=15
num_cat=0
split_feature=19 159 182 144 81 114 164 171 169 75 186 83 143 50
split_gain=4.87911 5.75956 5.05551 3.83273 3.5629 3.05137 5.83022 3.09945 3.00446 2.44628 2.26864 2.2506 3.03511 1.70823
threshold=4343.5000000000009 -0.030307095180786125 -0.031942089239196329 0.074582777382945734 -0.086301613962600957 -0.024315392895458171 0.014752657894238679 -0.1267786144811944 -0.042848208196537708 0.20540878894328779 0.051629728815610697 0.023568971190136345 -0.015788601049941176 0.02229665459493935
decision_type=2 2 2 2 2 2 2 2 2 2 2 2 2 2
left_child=1 9 -3 5 -4 11 7 -7 10 -1 -6 -2 -13 -8
right_child=3 2 4 -5 8 6 13 -9 -10 -11 -12 12 -14 -15
leaf_value=-0.059189131419365416 0.048034980815627078 -0.049236533340957921 -0.054890453591341128 -0.036591925833539422 -0.06093370020979251 0.047190456388973276 0.010094642364915765 -0.053801561962594495 0.042277109944840435 0.015888706780999698 0.036340114063571176 -0.029867872250864316 0.037433122245628947 0.053490953556252469
leaf_weight=5.0631661433726576 19.168154843151573 2.8259554132819238 1.3151914374902869 2.3554939720779648 1.3882925957441359 0.94266520440578094 4.1872070804238302 3.9145039347931769 11.167761971242713 1.3808899912983177 1.0548133291304109 2.4536660648882389 5.2802680209279051 4.9466543830931187
leaf_count=77 65 39 25 17 17 3 37 77 62 9 7 18 22 17
internal_value=0.0153677 -0.00261185 0.0120858 0.0254267 0.023696 0.028999 0.0100599 -0.0342013 0.0312896 -0.0431008 -0.0189356 0.0388488 0.0160812 0.0335969
internal_weight=67.4447 24.1961 17.752 43.2486 14.9261 40.8931 13.991 4.85717 13.6109 6.44406 2.44311 26.9021 7.73393 9.13386
internal_count=492 236 150 256 111 239 134 80 86 86 24 105 40 54
is_linear=0
shrinkage=0.05


Tree=56
num_leaves=15
num_cat=0
split_feature=114 17 85 17 35 43 4 120 32 50 32 45 109 147
split_gain=5.70198 6.28503 5.64425 4.2698 4.98045 4.60901 4.60308 3.2726 3.2791 2.08018 1.76396 2.64219 1.54264 1.25444
threshold=-0.12628643888325083 2476.0000000000005 -0.083398745894126783 248485.50000000003 4.5000000000000009 0.69512156286100835 45.500000000000007 0.023729304668568398 2.5000000000000004 0.012695740453537181 3.5000000000000004 0.022748920490692649 0.091561643301016016 -0.039880170899331414
decision_type=2 8 2 10 2 2 8 2 8 2 10 2 2 2
left_child=2 -2 -1 4 5 7 12 9 -9 -3 -4 -12 -7 -8
right_child=1 3 10 -5 -6 6 13 8 -10 -11 11 -13 -14 -15
leaf_value=-0.032458731442323439 -0.054026499875389877 -0.018676426531698417 0.045832988951613599 0.053878479935074143 -0.056126790549016252 -0.055497454464371099 0.060398609759741588 0.049979086529410799 -0.061716273379422773 0.046836848704042491 0.045789513756517047 -0.027723233285294521 0.013041858650774575 -0.000468731428857038
leaf_weight=3.1352114789187935 4.6496804635971785 1.3789201322943068 18.937627114355568 4.409216232597827 3.3625367237254968 5.0585232842713568 1.6099304854869845 1.0323674157261842 1.8076147716492412 9.9894978981465083 2.6789349466562262 2.2479682564735413 0.98001921549439419 1.7850661184638745
leaf_count=17 113 18 69 14 50 82 4 5 26 44 10 10 8 18
internal_value=0.0132373 0.000228356 0.0306132 0.00825886 0.000810214 0.00890823 -0.0181854 0.0268968 -0.0211137 0.0388905 0.0388993 0.0122483 -0.0443739 0.028395
internal_weight=63.0631 36.0634 26.9997 31.4137 27.0045 23.6419 9.43354 14.2084 2.83998 11.3684 23.8645 4.9269 6.03854 3.395
internal_count=488 382 106 269 255 205 112 93 31 62 89 20 90 22
is_linear=0
shrinkage=0.05


Tree=57
num_leaves=15
num_cat=0
split_feature=79 76 25 77 113 96 143 172 121 113 73 38 66 30
split_gain=3.81181 3.8613 4.08168 3.41196 3.38016 2.91151 3.54086 2.50672 2.03044 2.84866 2.07618 1.97115 1.85078 2.68759
threshold=0.068734781676867973 -0.03831330804162824 -911.49999999999989 -0.046549937923019202 0.30280850618825539 0.040148065028639039 0.022525673537994721 0.0089803854772139129 -0.041823975535367153 0.28289219423594825 0.31843036857159951 0.022039547449702063 11.500000000000002 4.5000000000000009
decision_type=2 2 2 2 2 2 2 2 2 2 2 2 2 2
left_child=1 2 4 -2 12 8 7 -7 9 -3 -11 -10 13 -1
right_child=3 5 -4 -5 -6 6 -8 -9 11 10 -12 -13 -14 -15
leaf_value=-0.055533949191791103 0.034719076035590962 0.036725421463446595 -0.057938301593145891 -0.045432910352985141 -0.05546580652080825 0.037751833687658359 -0.051920807010511043 -0.028984818021950305 -0.060284110806993398 -0.057461448107136132 0.027080797649243166 0.039005348637739537 0.048630449869271064 0.047588821902021572
leaf_weight=1.3244688473641872 1.8836735114455221 3.7608759030699686 2.9561067093163711 4.4988748580217353 1.5466231890022752 4.8943420685827714 2.4056931901723146 1.9748102333396671 0.50854762271047249 2.0543980542570357 1.1232631690800188 29.277017107233405 3.8723161518573761 1.2081547770649195
leaf_count=22 15 19 61 51 30 27 25 18 10 31 7 153 13 6
internal_value=0.0148622 0.0189717 -0.00777456 -0.0217778 0.0108745 0.025314 0.00028306 0.0185657 0.0316357 0.00727674 -0.0275768 0.0373101 0.026894 -0.00634059
internal_weight=63.2892 56.9066 10.9077 6.38255 7.95156 45.9989 9.27485 6.86915 36.7241 6.93854 3.17766 29.7856 6.40494 2.53262
internal_count=488 422 132 66 71 290 70 45 220 57 38 163 41 28
is_linear=0
shrinkage=0.05


Tree=58
num_leaves=15
num_cat=1
split_feature=1 0 114 49 54 77 75 38 116 87 50 99 114 32
split_gain=5.40222 4.95035 5.05119 3.74102 3.67843 2.78777 2.47992 2.42062 2.3251 2.25266 2.52246 2.14126 2.07519 3.51288
threshold=0 851.00000000000011 -0.069153885034086135 108216.00000000001 23.500000000000004 0.021872798227050242 0.15564803703005015 0.020436573632189772 -0.11185397086857192 -0.0018482869683653107 0.018731140667858148 0.081286948207631216 0.12623670164675516 1.5000000000000002
decision_type=9 2 2 2 2 2 2 2 2 2 2 2 2 8
left_child=7 11 4 6 9 -6 -4 -1 -9 10 -3 -2 -10 -14
right_child=1 2 3 -5 5 -7 -8 8 12 -11 -12 -13 13 -15
leaf_value=-0.059183137663429822 -0.059696602129115123 -0.03049045835555618 -0.056250976834506798 0.023735813724499236 -0.065384592273671452 0.031624210844941207 0.045556282633041491 -0.061800345957809658 0.041495122582869477 0.049785647551388118 0.052125053339235818 0.021104431177712876 0.062423080971017036 -0.054101862001038552
leaf_weight=0.69466550834477203 4.8928686156868961 2.255024459213018 5.6909981807693804 2.8086549062281847 1.8307647332549106 1.2436826601624487 0.6684199459850787 0.6046948097646262 26.39430148340762 8.266145735979082 1.5652519613504408 0.9849906414747237 1.1193592548370355 1.532048989087343
leaf_count=11 81 19 116 18 14 7 4 6 121 30 5 9 3 32
internal_value=0.0140941 -0.00373851 0.00497294 -0.0243244 0.0226896 -0.0261424 -0.0455503 0.0248789 0.035239 0.0351111 0.00335895 -0.0461563 0.0372593 -0.0049079
internal_weight=60.5519 30.2068 24.3289 9.16807 15.1609 3.07445 6.35942 30.3451 29.6504 12.0864 3.82028 5.87786 29.0457 2.65141
internal_count=476 303 213 138 75 21 120 173 162 54 24 90 156 35
cat_boundaries=0 1
cat_threshold=15474817
is_linear=0
shrinkage=0.05


Tree=59
num_leaves=15
num_cat=0
split_feature=114 115 50 81 92 47 136 157 89 0 133 5 82 175
split_gain=5.61258 3.73641 3.76474 3.71682 3.23764 3.18933 4.32262 3.39694 3.03261 2.59769 2.46114 1.57547 1.45967 1.31864
threshold=-0.12263837469701476 -0.056316682825410157 0.010453891474334684 0.047855380270216928 -0.03675805658955731 4.636659287021704 0.005532563019300411 0.091333615241015645 0.06430134115570009 605.00000000000011 -0.042842689096732819 4.5000000000000009 0.011454366613270428 -0.064715918276648979
decision_type=2 2 2 2 2 8 2 2 2 2 2 10 2 2
left_child=5 -2 -3 4 13 6 7 -1 9 -6 -5 -11 -8 -4
right_child=1 2 3 10 8 -7 12 -9 -10 11 -12 -13 -14 -15
leaf_value=-0.056521406203066352 -0.048163882326283644 -0.044789164895062752 0.031599960326898741 0.040531420320302769 -0.056579968460654176 0.045472181110709303 0.051940965852793779 0.026978567356416475 -0.031879518427119682 0.045058147436376816 -0.049907941440323796 -0.0011334152188991501 0.0048168637047673003 -0.054983009726294121
leaf_weight=3.143154460936783 3.7559717865660778 3.3652904508635428 0.57896645925939116 0.96215602383017529 0.74821185879409924 14.571602433919908 4.7814944088459015 1.9886626601219175 1.925199357792734 13.575634825974701 3.4480608040466896 2.1364764906465998 2.5037372186779976 1.8287145057693184
leaf_count=22 74 77 6 5 10 57 17 9 23 70 50 18 13 33
internal_value=0.0127729 -0.00128102 0.00488274 0.0115152 0.0203581 0.0296056 0.0109858 -0.0241638 0.0274979 0.0344427 -0.0301772 0.0387772 0.0357457 -0.0341627
internal_weight=59.3133 32.3247 28.5687 25.2034 20.7932 26.9887 12.417 5.13182 18.3855 16.4603 4.41022 15.7121 7.28523 2.40768
internal_count=484 366 292 215 160 118 61 31 121 98 55 88 30 39
is_linear=0
shrinkage=0.05


Tree=60
num_leaves=15
num_cat=0
split_feature=4 114 182 93 181 117 38 37 0 110 169 115 114 111
split_gain=4.24281 4.34501 3.59216 3.33428 3.24162 3.68445 2.88407 2.84332 2.6676 3.64651 1.71952 1.66378 1.96568 3.2816
threshold=4.5000000000000009 -0.12263837469701476 -0.031942089239196329 0.079510430937935 0.086297201482160593 0.11125297506145719 0.020436573632189772 0.66279585056533186 739.50000000000011 0.032489279938874509 -0.10416161695352137 0.095880043209600932 0.062947245392363363 0.046873883130324569
decision_type=10 2 2 2 2 2 2 2 2 2 2 2 2 2
left_child=1 2 -1 10 5 6 -2 -6 9 -8 -3 12 -10 -14
right_child=4 3 -4 -5 7 -7 8 -9 11 -11 -12 -13 13 -15
leaf_value=-0.022224556755901837 -0.057994087110066796 0.015253112366293507 0.039243314319468037 0.02695804752501459 -0.057625773484639875 -0.043510266934258642 -0.057723140279549369 0.051795999396786058 0.04852763406613169 0.043844702356079623 -0.055106773408984379 -0.005311148851900655 -0.019731022393303196 0.057191729664480266
leaf_weight=3.656531423330307 0.8739083856344213 1.0094610396772621 6.7914217412471789 2.0516944769769907 2.0939477616921063 1.709767436608671 1.7724627079442137 0.82862333022057999 22.565512394532568 1.7623678334057329 6.2121056774631125 1.9938128208741535 3.035574158653616 2.5521952733397484
leaf_count=19 15 11 29 15 29 14 30 4 89 11 130 18 47 9
internal_value=0.0145359 -0.00437949 0.017731 -0.0292909 0.0240549 0.0281373 0.0316823 -0.0266019 0.034009 -0.00708425 -0.0452716 0.0388273 0.0419532 0.0154032
internal_weight=58.9094 19.7212 10.448 9.27326 39.1882 36.2656 34.5558 2.92257 33.6819 3.53483 7.22157 30.1471 28.1533 5.58777
internal_count=470 204 48 156 266 233 219 33 204 41 141 163 145 56
is_linear=0
shrinkage=0.05


Tree=61
num_leaves=15
num_cat=0
split_feature=114 38 15 37 33 55 120 109 110 95 174 146 83 87
split_gain=3.77168 4.80817 3.39859 5.26804 4.8596 4.89116 2.90054 2.73093 2.51144 2.32197 2.29957 1.97289 1.75334 2.60799
threshold=-0.0034212131905876648 0.12726452491863108 152319.00000000003 0.44489296667172284 4.5000000000000009 2.9285714285714293 0.089818646169889244 0.059705835602897515 0.016649340821749296 0.043131417027759196 -0.065733622442232645 -0.048744234582154031 0.0097341699357568357 0.0095996518350925462
decision_type=2 2 2 2 2 2 2 2 2 2 2 2 2 2
left_child=2 7 3 6 10 -6 -1 -2 9 -3 -5 -4 -12 -14
right_child=1 8 11 4 5 -7 -8 -9 -10 -11 12 -13 13 -15
leaf_value=-0.052660563205541383 -0.047309420872744777 -0.056015119216881307 -0.020735926465632912 -0.033695210742546666 0.045242277530362578 -0.069157364860939402 0.036924692283736398 0.022740501085984476 0.048355330035670274 0.049057817417197565 0.05233774343221155 0.044815653361394044 -0.017570993398090436 0.051750157585492479
leaf_weight=4.2545244805514839 6.6655516745522601 1.4283128278329962 1.2455666363239295 1.1573237925767941 1.4753817580640305 2.5478402003645897 1.1471580713987348 1.758390439674258 4.0832150476053357 0.83211355283856381 9.5627500955015403 14.627846818417307 2.739862436428667 2.6878221780061722
leaf_count=45 169 23 9 10 8 20 7 17 19 5 38 63 24 10
internal_value=0.0137679 -0.00792932 0.0214987 0.0102183 0.0219621 -0.0272051 -0.0336353 -0.0326874 0.0249478 -0.0173354 0.0342122 0.0396719 0.0394549 0.0167573
internal_weight=56.2137 14.7676 41.4461 25.5727 20.171 4.02322 5.40168 8.42394 6.34364 2.26043 16.1478 15.8734 14.9904 5.42768
internal_count=467 233 234 162 110 28 52 186 47 28 82 72 72 34
is_linear=0
shrinkage=0.05


Tree=62
num_leaves=15
num_cat=0
split_feature=29 66 121 45 27 146 164 135 114 177 138 86 153 185
split_gain=4.12028 3.93052 3.37808 2.73492 3.49907 3.18513 3.02329 2.50792 2.88776 2.43668 3.62586 2.00447 2.19129 1.8721
threshold=3.5000000000000004 10.500000000000002 -0.02436375412797219 0.0099572861876199188 2.5000000000000004 -0.014293336991891151 0.028421165678163111 -0.011060535812936303 -0.056192750946847288 -0.00051874771000857468 -0.050105838196715956 -0.023360023530354511 0.31481354822407459 -0.02710980629117184
decision_type=2 2 2 2 2 2 2 2 2 2 2 2 2 2
left_child=2 11 7 -4 -5 -6 -7 -1 13 -3 -11 12 -2 -9
right_child=1 9 3 4 5 6 -8 8 -10 10 -12 -13 -14 -15
leaf_value=-0.043339008896675794 0.029787039800397472 0.035025626854975615 0.046896791266372861 0.036735273895506508 -0.057283421067129352 0.035173962339484777 -0.046645181084704571 -0.014437280339652464 -0.053920581576145411 0.0436931454446585 -0.062092643332159185 -0.056920903729359464 -0.055965449673625371 0.053926934921309511
leaf_weight=3.019973580725491 1.8558395421132456 5.2655078414827585 12.290657667443158 9.3701766133308428 2.3459676075726756 4.0116476723924261 1.5712583586573599 1.4914249293506143 1.2664751429110745 1.3572664558887484 2.0090030953288061 4.4846748579293507 1.24460007622838 3.0479218121618032
leaf_count=41 19 30 58 61 32 23 15 11 28 6 24 83 23 13
internal_value=0.0118435 -0.0092903 0.020765 0.0288626 0.0160497 -0.00839604 0.0121467 -0.00638342 0.0128395 0.0137847 -0.0194402 -0.0355494 -0.00463632 0.0314655
internal_weight=54.6324 16.2169 38.4155 29.5897 17.2991 7.92887 5.58291 8.8258 5.80582 8.63178 3.36627 7.58511 3.10044 4.53935
internal_count=467 185 282 189 131 70 38 93 52 60 30 125 42 24
is_linear=0
shrinkage=0.05


Tree=63
num_leaves=15
num_cat=0
split_feature=67 32 4 125 173 161 163 27 38 138 89 165 191 153
split_gain=3.63896 4.41296 3.42004 3.15366 2.81946 2.64059 2.65898 2.47327 2.42121 2.34131 2.1644 2.1253 2.06852 1.66081
threshold=1.0000000180025095e-35 1.5000000000000002 4.5000000000000009 -0.021983009600894238 0.029427747455269351 -0.032705427800265176 0.030406299395879074 4.5000000000000009 0.11589950516174709 -0.036535630980351959 0.0085178981714140751 -0.058365783174174811 -0.070027911324008596 0.28842144981419554
decision_type=2 8 10 2 2 2 2 2 2 2 2 2 2 2
left_child=1 -1 4 5 10 -3 -7 -4 -9 -8 -2 -12 13 -5
right_child=2 3 7 12 -6 6 9 8 -10 -11 11 -13 -14 -15
leaf_value=0.044864859738511405 0.032010344638072168 -0.047723628931921946 0.037998720056441039 -0.054289177279870052 -0.059204318048523941 0.047256265222501551 0.0363062995485329 -0.057994294317619578 0.040623532457779651 -0.064104244431323204 0.054367860515095824 -0.046815865178771759 -0.048765094646405667 0.037812070257940561
leaf_weight=3.675696840509775 4.4347529681399447 1.710447523742914 20.452790706418458 0.73706117086112799 1.8399151274934409 3.971788283437494 1.0389637360349295 1.4098867159336799 1.1142866760492323 1.3157786391675474 0.67499929666519198 2.2450293656438589 6.9982345085591016 1.4571512527763841
leaf_count=21 35 22 127 15 28 24 7 20 6 18 3 30 105 11
internal_value=0.0113696 -0.00487151 0.0219231 -0.0154822 -0.00384762 0.00739545 0.0222975 0.0322358 -0.0144598 -0.0198009 0.0100007 -0.023426 -0.0354841 0.0068742
internal_weight=53.0768 20.9051 32.1717 17.2294 9.1947 8.03698 6.32653 22.977 2.52417 2.35474 7.35478 2.92003 9.19245 2.19421
internal_count=472 223 249 202 96 71 49 153 26 25 68 33 131 26
is_linear=0
shrinkage=0.05


Tree=64
num_leaves=15
num_cat=0
split_feature=39 181 29 54 98 184 91 103 96 18 164 18 136 192
split_gain=3.4958 4.00851 3.5497 5.01939 3.53409 3.48983 2.30618 2.24976 1.92411 2.11128 1.64298 1.48015 1.43609 1.39767
threshold=0.092046259730604804 0.081973065336925735 3.5000000000000004 25.500000000000004 0.057426996403126027 -0.05188882118294131 0.030662379476454348 0.052463684541952577 0.057987981243714647 182395.00000000003 -0.081539564539159046 93128.500000000015 0.05761504017749345 -0.020423591646836683
decision_type=2 2 2 2 2 2 2 2 2 8 2 10 2 2
left_child=1 2 3 4 8 13 -6 11 10 -10 -1 -7 -12 -4
right_child=-2 -3 5 -5 6 7 -8 -9 9 -11 12 -13 -14 -15
leaf_value=-0.030821373906814671 0.03725141950517788 -0.049117047897130249 -0.02961626594374471 -0.052301068906819015 -0.057753345415620772 -0.057605468563512799 0.033289791814637266 0.01291332135496872 -0.055775945901791781 0.04812288485910575 0.044784468049865994 0.020415417308207132 0.00098514431330149767 0.044337468086654681
leaf_weight=0.85823543742299691 9.874025031924246 3.2540158163756123 0.83868520520627532 2.2911795433610669 1.9617016213014715 5.2398288622498495 1.0776848718523977 1.9878712911158798 1.2217357140034426 0.81519861519336734 16.81725524365903 0.68766899406909932 2.105824244208633 2.6818399401381612
leaf_count=17 49 53 10 33 27 98 11 19 19 4 92 5 16 16
internal_value=0.0104914 0.00417595 0.00867038 0.0185132 0.0250403 -0.0146964 -0.0254719 -0.0331171 0.0320768 -0.0141947 0.0368416 -0.048554 0.0399103 0.0267197
internal_weight=51.7128 41.8387 38.5847 27.1488 24.8576 11.4359 3.03939 7.91537 21.8182 2.03693 19.7813 5.9275 18.9231 3.52053
internal_count=469 420 367 219 186 148 38 122 148 23 125 103 108 26
is_linear=0
shrinkage=0.05


Tree=65
num_leaves=15
num_cat=0
split_feature=45 50 25 46 103 81 75 49 44 141 192 142 15 115
split_gain=3.27178 4.29889 3.2879 4.22628 3.00973 2.91888 2.37071 4.06808 2.05461 2.22117 1.96757 1.90268 3.29803 1.7083
threshold=0.20487523350136508 0.028901628226972207 -1213.9999999999998 38.058462620267377 -0.10286109715051746 -0.056493385200765363 -0.028938921058493484 7602.0000000000009 192.50000000000003 0.070627792545751245 0.073560212186250876 -0.037059894119353419 163819.00000000003 -0.11597916737195817
decision_type=2 2 2 2 2 2 2 2 2 2 2 2 2 2
left_child=2 10 6 5 -5 -4 7 -1 -7 -10 -2 12 -8 -9
right_child=1 -3 3 4 -6 8 11 13 9 -11 -12 -13 -14 -15
leaf_value=0.031451114130128341 -0.055863746261926306 0.043536407682008046 -0.040418939943203579 0.056498742296551732 -0.047361210700134354 0.045574894223590144 -0.049289560441965127 0.043298212602727558 -0.036827093478532344 0.057443289608185025 0.014106951138398886 0.04416010821229277 0.045169163944393076 -0.056974908232617895
leaf_weight=5.3346192389726657 4.5135996323078862 2.0765228364616632 1.782149389386176 0.80228551011532534 5.3429391244426361 6.248971660621466 1.6169809205457597 0.50791911780834231 1.8974162396043541 0.93164458870887745 1.2923786705359814 16.008424724452198 2.1564861573278904 2.5940724993124604
leaf_count=28 89 12 29 3 93 31 14 3 28 3 11 86 10 44
internal_value=0.01152 -0.0182062 0.0167013 -0.00066543 -0.0338018 0.0180848 0.0271671 0.0049753 0.0295699 -0.00578269 -0.0402887 0.0366315 0.00469234 -0.0405562
internal_weight=53.1064 7.8825 45.2239 17.0054 6.14522 10.8602 28.2185 8.43661 9.07803 2.82906 5.80598 19.7819 3.77347 3.10199
internal_count=484 112 372 187 96 91 185 75 62 31 100 110 24 47
is_linear=0
shrinkage=0.05


Tree=66
num_leaves=15
num_cat=0
split_feature=29 0 27 116 13 50 74 12 42 108 114 114 146 145
split_gain=3.9422 4.3211 4.07775 3.82452 3.08556 4.73324 2.7933 2.42741 2.21257 2.06053 2.09747 1.35661 1.35537 1.21857
threshold=3.5000000000000004 851.00000000000011 1.5000000000000002 0.10415941825419414 786.00000000000011 0.011799117769756388 -0.080468063109490701 4007.0000000000005 0.33912772262816637 -0.014115911896374152 -0.043565270543389926 -0.15434545798842667 -0.040314065462196645 0.055919850081445309
decision_type=2 2 2 2 2 2 2 2 2 2 2 2 2 2
left_child=1 2 -1 6 -3 -6 9 11 -4 -2 -11 -7 -9 -8
right_child=3 4 8 -5 5 7 13 12 -10 10 -12 -13 -14 -15
leaf_value=0.038062603864701505 -0.049592672473867942 0.043914664002683644 0.054611537985090879 0.035163755867749391 -0.050230707859542562 0.027759900585783467 -0.057556241575758962 -0.026053288187897983 -0.058884134997433862 0.045079663261086485 -0.027832738537038451 -0.054731911890362653 0.039902219444416687 0.01438854395676336
leaf_weight=2.1157067446038118 1.5925683025270698 13.114205515012147 0.48236533999443043 3.2423258163034907 2.6298127612099043 0.78773601353168521 5.4251960730180135 0.85216414183377764 3.9120080778375268 2.5837112236768003 1.5954249035567039 1.3568825172260393 9.0633738748729247 0.66018128674477328
leaf_count=19 22 67 2 19 40 4 97 9 64 13 29 24 53 10
internal_value=0.00833212 0.0177004 -0.018968 -0.0129578 0.0262859 0.0105482 -0.0261166 0.0238015 -0.0464258 -0.00119755 0.0172447 -0.024432 0.0342339 -0.0497512
internal_weight=49.4137 34.3143 6.51008 15.0994 27.8042 14.69 11.8571 12.0602 4.39437 5.7717 4.17914 2.14462 9.91554 6.08538
internal_count=472 282 85 190 197 130 171 90 66 64 42 28 62 107
is_linear=0
shrinkage=0.05


Tree=67
num_leaves=15
num_cat=1
split_feature=1 32 169 127 10 160 114 33 78 114 186 121 187 53
split_gain=4.12842 4.12213 3.13761 2.88391 2.62624 2.22217 2.39499 2.06617 2.84853 1.65274 3.36216 2.16535 1.16337 1.0187
threshold=0 3.5000000000000004 0.11519865071049169 -0.075178462273528243 25816.000000000004 0.047987527140193414 -0.096558121176314904 3.5000000000000004 -0.013787977000483748 -0.043565270543389926 -0.020051730780199718 -0.0072260182500244541 -0.0376366629683779 -4.4483580379573846
decision_type=9 8 2 2 2 2 2 2 2 2 2 2 2 2
left_child=9 4 3 -3 -2 13 -7 -6 -9 -1 12 -12 -11 -5
right_child=1 2 -4 5 7 6 -8 8 -10 10 11 -13 -14 -15
leaf_value=0.044378956795106839 -0.053441361382492336 0.035409572085879797 0.033184180574020991 0.01843714797382456 0.039489144708095503 0.038025472734289717 -0.054459508164423465 0.042367059972601942 -0.056221671159579982 0.035206324100504401 -0.02742269096137382 0.045512153301550493 -0.055085521071123814 -0.055147452383820267
leaf_weight=13.575793603435161 1.1694654813036347 1.4632646134123195 2.2319754026830187 0.49765503033995351 7.5058628013357502 1.6730289012193682 1.203595851548015 1.3807018604129555 1.5610121414065359 0.44720397889614139 1.2189569715410469 6.1621197462081891 1.7636956274509428 8.5689448425546288
leaf_count=64 30 11 18 4 48 8 24 9 20 3 20 29 33 154
internal_value=0.0125597 -0.0036181 -0.0217048 -0.030843 0.0176151 -0.0389601 -0.000670759 0.025569 -0.00994877 0.0231578 0.0172659 0.0334672 -0.036822 -0.0511085
internal_weight=50.4233 27.2555 15.6385 13.4065 11.617 11.9432 2.87662 10.4476 2.94171 23.1678 9.59198 7.38108 2.2109 9.0666
internal_count=475 326 219 201 107 190 32 77 29 149 85 49 36 158
cat_boundaries=0 1
cat_threshold=13369473
is_linear=0
shrinkage=0.05


Tree=68
num_leaves=15
num_cat=0
split_feature=32 12 152 129 114 74 163 99 53 54 75 76 80 109
split_gain=3.44524 3.59735 3.06766 2.67798 3.02375 2.23068 2.14389 2.60551 2.06145 2.17326 1.68745 1.85127 1.52746 1.37765
threshold=2.5000000000000004 124.50000000000001 -0.034709240515492699 -0.049561320373544007 -0.048978880916334122 0.14611077540606324 -0.052931167530514987 -0.04205273119541552 -0.25287318173533535 17.500000000000004 -0.051032166623097508 0.25777213994608744 -0.12270167922104121 0.061771069880985748
decision_type=8 2 2 2 2 2 2 2 2 2 2 2 2 2
left_child=10 8 -3 -4 6 -6 7 -5 12 -10 11 -1 -2 -14
right_child=1 2 3 4 5 -7 -8 -9 9 -11 -12 -13 13 -15
leaf_value=-0.055604414021353868 -0.053724773441847166 -0.05559180708586714 -0.06331976284949753 0.046922765785202582 -0.053255579206277472 0.021261423260305203 0.032690504037442052 -0.049198359320240768 0.046483535790537704 -0.055016236384999279 0.040448659344709148 0.040432972088526253 0.037639489757425426 -0.011749661182685407
leaf_weight=1.0328528378158819 0.53915511630475599 3.0501984497532275 1.577900896314534 1.0749833211302759 3.1061440417543009 1.4841931480914352 8.0457973247393983 2.0484444964677087 0.78925042971968595 1.5894539207220075 12.416839910671111 0.97595363669097412 12.442691700533031 1.5926671326160438
leaf_count=20 10 57 28 5 87 15 44 19 4 30 74 6 79 8
internal_value=0.0128174 0.00480008 -0.00935171 -0.00121664 0.00500133 -0.029162 0.0190418 -0.0161166 0.0218188 -0.0213388 0.0335704 -0.00894584 0.0288625 0.032035
internal_weight=51.7665 37.3409 20.3877 17.3375 15.7596 4.59034 11.1692 3.12343 16.9532 2.3787 14.4256 2.00881 14.5745 14.0354
internal_count=486 386 255 198 170 102 68 24 131 34 100 26 97 87
is_linear=0
shrinkage=0.05


Tree=69
num_leaves=15
num_cat=0
split_feature=114 43 11 41 120 80 150 103 77 181 113 87 23 92
split_gain=3.84351 3.65342 3.62659 2.87401 3.18859 2.79877 2.57581 2.42642 2.33732 2.16928 1.35216 1.30463 1.21952 1.0182
threshold=-0.12263837469701476 0.68843365700611858 3242405.5000000005 0.071109326459011218 0.0055746777429577388 0.01827368967955743 -0.054610506674423062 -0.071320241896275491 -0.11651838054766213 0.013790405598843604 0.28858570901830888 0.0095996518350925462 -7800.9999999999991 -0.059187009224316585
decision_type=2 2 2 8 2 2 2 2 2 2 2 2 2 2
left_child=3 5 8 4 9 6 -2 -8 -3 -1 -4 -6 -7 -5
right_child=1 2 10 13 11 12 7 -9 -10 -11 -12 -13 -14 -15
leaf_value=0.014423983210905295 0.041835325121414718 0.023065501878810176 0.053935552344255823 0.01070165544121382 0.0011901981713384859 -0.0095334120214274117 0.042162256497310036 -0.045573892811298616 -0.053872948605893957 -0.06109560452618127 -0.012197246662314828 0.053887770749889596 0.04369648482418198 0.048608023615238624
leaf_weight=1.6549914292991146 1.8044781330972908 1.1612614449113605 1.5860220305621626 2.1370257139205924 2.0178303625434637 1.2912380062043665 0.98538098856806744 3.9349150219932216 6.5827446235343796 2.2351432517170906 1.5076423548161981 2.8100863397121429 6.455480526201427 10.358291611075403
leaf_count=11 16 15 6 12 14 15 8 74 170 18 19 11 38 52
internal_value=0.0110548 -0.00210254 -0.0240543 0.0267525 0.00471952 0.0143371 -0.00926315 -0.0280031 -0.0423356 -0.0289671 0.0217069 0.0318628 0.034824 0.042125
internal_weight=46.5225 25.3092 10.8377 21.2134 8.71805 14.4715 6.72477 4.9203 7.74401 3.89013 3.09366 4.82792 7.74672 12.4953
internal_count=479 361 210 118 54 151 98 82 185 29 25 25 53 64
is_linear=0
shrinkage=0.05


Tree=70
num_leaves=15
num_cat=0
split_feature=181 0 166 5 96 114 187 121 148 188 170 39 119 114
split_gain=3.83383 2.84483 3.6946 2.87564 2.8143 2.53603 3.44078 2.28705 1.9014 1.79069 2.95629 1.73366 1.42388 1.40819
threshold=0.086297201482160593 1001.5000000000001 -0.034758721411261288 2.5000000000000004 -0.099774081361365383 -0.032341764833718673 0.00085619785907518355 0.00063863512240971217 -0.0022932874007043202 -0.046704900869657846 0.027705596402469227 0.13505397421228293 -0.087770849103380177 -0.1693379081928458
decision_type=2 2 2 10 2 2 2 2 2 2 2 2 2 2
left_child=1 2 -1 7 -3 9 8 13 11 10 -6 -7 -2 -4
right_child=12 4 3 -5 5 6 -8 -9 -10 -11 -12 -13 -14 -15
leaf_value=-0.058510823251037826 0.039628927462451564 -0.058460333339644344 0.039517372890971209 -0.05740896703951253 -0.035363484534418767 -0.052765526743089389 -0.041057221056412879 0.034487284130639138 0.036031091884502063 0.043663882631218127 0.054355548239532203 0.05518864890139849 -0.05580072736349239 -0.053839121334864376
leaf_weight=2.5464649936184278 0.45813855342567 1.0172889754176093 0.56670184433460224 1.395440132357179 2.0311455233022602 1.3012165678665013 2.8056320431642225 6.4530635480768979 6.3523653820157131 16.441951936110854 1.6755945235490797 0.52072614431381214 2.6626734882593146 1.4063826929777841
leaf_count=45 3 13 3 25 17 37 62 50 46 88 8 2 47 33
internal_value=0.0117805 0.0155364 -0.00484165 0.00907328 0.0233768 0.0260512 0.00671862 0.0200833 0.0231165 0.0365864 0.0051931 -0.0219113 -0.0417916 -0.0270256
internal_weight=47.6348 44.514 12.3681 9.82159 32.1459 31.1286 10.9799 8.42615 8.17431 20.1487 3.70674 1.82194 3.12081 1.97308
internal_count=479 429 156 111 273 260 147 86 85 113 25 39 50 36
is_linear=0
shrinkage=0.05


Tree=71
num_leaves=15
num_cat=0
split_feature=75 63 113 96 115 173 79 166 38 83 88 164 0 114
split_gain=3.16901 2.82091 2.97337 2.68571 2.67907 2.32653 2.18421 2.06929 1.5394 1.61831 3.45511 1.53051 1.43991 1.04424
threshold=-0.056799575407517199 818.50000000000011 0.29957919345068684 0.040148065028639039 -0.096667607522067336 0.019999226740635822 0.21263963559036755 0.049852202792062102 0.020436573632189772 0.0085281066276254175 0.016948453004235104 -0.011686288011946684 851.00000000000011 -0.013503507224400994
decision_type=2 2 2 2 2 2 2 2 2 2 2 2 2 2
left_child=1 -1 7 6 -5 -6 8 -3 -2 13 12 -7 -11 -10
right_child=3 2 -4 4 5 11 -8 -9 9 10 -12 -13 -14 -15
leaf_value=-0.056708851716367449 -0.053062826880144021 0.042247684844356759 -0.052525638085402754 0.051061231765538576 -0.052864397415755521 -0.036035243398559388 -0.037364557514073561 -0.029746123877133004 0.049064169813426761 -0.017486392324764465 -0.048850031532378838 0.039173409391034059 0.038923082092725388 0.024116616757843549
leaf_weight=2.5733140595257264 0.54790447372943774 3.8335064984858036 1.7103259549476204 1.5903607746586201 3.0003071352839461 1.1007081978023054 1.2588327396661032 1.3494315603747962 11.878024425357586 1.371275182813404 1.7393403807654975 1.755055305548012 6.4640482105314732 6.4844541409984222
leaf_count=51 16 23 59 9 44 12 14 18 58 17 21 12 49 63
internal_value=0.0137911 -0.012037 0.00463938 0.0203655 -0.00648854 -0.0221176 0.0270884 0.0235034 0.0299368 0.0315646 0.0148992 0.0101854 0.0290508 0.0402543
internal_weight=46.6569 9.46658 6.89326 37.1903 7.44643 5.85607 29.7439 5.18294 28.485 27.9371 9.57466 2.85576 7.83532 18.3625
internal_count=466 151 100 315 77 68 238 41 224 208 87 24 66 121
is_linear=0
shrinkage=0.05


Tree=72
num_leaves=15
num_cat=0
split_feature=184 38 106 14 48 42 153 187 14 44 108 0 176 162
split_gain=3.25051 3.75247 2.7267 2.59607 1.95218 1.73211 1.58291 1.61573 2.92428 1.57632 1.51048 1.44782 2.32087 1.40691
threshold=-0.0074439528049299137 0.069559443310167945 0.018698444087214758 6895.5000000000009 578.12500000000011 0.60446991199058664 0.1001428972242049 0.0045150826329556151 170287.00000000003 58.000000000000007 -0.010955114585671513 1030.5000000000002 0.039454263621723808 0.042717100790863528
decision_type=2 2 2 2 8 2 2 2 2 2 2 2 2 2
left_child=6 3 4 -2 11 -4 -1 13 9 -9 -6 12 -3 -8
right_child=1 2 5 -5 10 -7 7 8 -10 -11 -12 -13 -14 -15
leaf_value=-0.057223236492017548 0.03756507784812077 -0.040663585993666068 -0.049335895101964795 -0.050696006429303955 0.028927009156841228 0.041627400510066415 0.043113080250690744 0.034227106201149007 0.039483611925184188 -0.041997339867883891 -0.056786255747637085 0.045292692433917002 0.051007713939917154 0.00077818866091520556
leaf_weight=0.54866079613566654 1.0156216733157659 1.4629977382719483 2.3694983716122802 4.6369710178114474 0.9012287221848968 0.67169113643467415 14.392463915981358 0.90420718304812853 3.89367934782058 2.7142832586541772 1.1962445620447404 7.0110737178474665 1.3074822835624216 2.2723488332703701
leaf_count=7 10 21 43 96 7 6 98 7 29 50 17 41 6 27
internal_value=0.014539 -0.000144541 0.0129992 -0.0348378 0.0238143 -0.0292453 0.0267563 0.0286621 0.00941036 -0.02295 -0.0199575 0.0332004 0.00259917 0.0373405
internal_weight=45.2985 20.5728 14.9202 5.65259 11.879 3.04119 24.7256 24.177 7.51217 3.61849 2.09747 9.78155 2.77048 16.6648
internal_count=465 247 141 106 92 49 218 211 86 57 24 68 27 125
is_linear=0
shrinkage=0.05


Tree=73
num_leaves=15
num_cat=0
split_feature=32 184 141 27 162 114 71 162 161 119 115 190 158 54
split_gain=3.0303 2.70605 2.9996 2.43701 2.37424 2.14306 2.69925 1.96263 2.79659 1.69231 1.49475 1.50174 1.48552 1.38797
threshold=3.5000000000000004 0.024592112590702712 0.04303814608747325 1.5000000000000002 -0.044950447747593977 -0.12405606470139939 1.0000000180025095e-35 0.035700055813035571 0.29082140037772103 -0.0076625976555033185 -0.042664275974274003 -0.046488325698237819 -0.041215161758806872 23.500000000000004
decision_type=10 2 2 2 2 2 8 2 2 2 2 2 2 2
left_child=1 5 3 -3 9 -1 7 10 -9 -2 -7 -12 13 -6
right_child=4 2 -4 -5 12 6 -8 8 -10 -11 11 -13 -14 -15
leaf_value=0.040749137659542689 -0.036674681097007521 0.0166026847302129 0.031868792855204525 -0.043352850067237103 -0.041795764248097098 -0.024353016539635466 -0.054830450150226001 -0.055883893067257967 0.053153466390198939 0.043391116873879462 -0.021005244085674619 0.041471498037881263 -0.060882868674996295 0.043170153601281368
leaf_weight=11.806388722732661 0.97775949910283122 2.5863661831244809 3.7932430682703853 4.9171665483154356 1.1087521808221934 1.2049824642017437 1.3619104470126338 1.7707517398521315 0.88044403214007605 2.0305943051353097 1.0799858551472361 8.7915650242939662 3.0203124405816189 0.84846871439367522
leaf_count=63 15 29 30 89 17 24 37 39 5 13 16 57 52 8
internal_value=0.0103109 0.0161677 -0.00436819 -0.022687 -0.0176996 0.0247931 0.0123089 0.0189697 -0.0196733 0.0173685 0.028219 0.0346363 -0.0388943 -0.00496245
internal_weight=46.1787 38.1928 11.2968 7.50353 7.98589 26.896 15.0896 13.7277 2.6512 3.00835 11.0765 9.87155 4.97753 1.95722
internal_count=494 389 148 118 105 241 178 141 44 28 97 73 77 25
is_linear=0
shrinkage=0.05


Tree=74
num_leaves=15
num_cat=0
split_feature=114 171 43 41 45 182 83 32 39 20 77 120 117 136
split_gain=3.82237 2.61489 3.18241 2.37154 2.16192 3.18384 1.88147 1.84886 1.58473 1.51559 3.09431 1.43844 1.2504 1.2302
threshold=-0.0535315074036012 -0.0094540167264624535 0.21571654694737777 0.12275796785906111 0.21004449551911705 0.0011365923750163952 -0.062633260973836077 3.5000000000000004 0.15388247787846859 2934.5000000000005 -0.091107056616308593 0.013971704230389638 -0.094338709077266089 0.026029570242229242
decision_type=2 2 2 8 2 2 2 10 2 2 2 2 2 2
left_child=4 3 -3 6 7 -6 -2 9 -4 10 -1 -9 -8 -7
right_child=1 2 8 -5 5 13 12 11 -10 -11 -12 -13 -14 -15
leaf_value=0.049403188431137265 0.032903566165941957 0.039284803801706764 -0.053098504654755366 0.031275258093098321 -0.058372867972481271 -0.010139744825005102 0.055854809308367198 0.027008376660531332 0.057208028969408076 0.042549930077611986 -0.055807734945252797 -0.034579977391170816 -0.052872935501646706 0.052594066986649972
leaf_weight=1.5757029578089716 1.2101220004260538 1.3302942253649224 5.4338015741668642 5.4278178717941046 1.8675620332360257 1.435239961370826 0.29513251781463656 2.0150319002568717 0.34636005759239186 15.362443041056393 1.2558216825127697 1.7904596552252767 2.5416966774500924 1.7155711855739353
leaf_count=8 11 11 159 41 20 14 1 13 1 84 19 15 82 8
internal_value=0.0113712 -0.00752359 -0.0304413 0.00967531 0.02297 -0.0066434 -0.0192948 0.0297253 -0.0464887 0.0363544 0.00274064 -0.00196855 -0.0415613 0.0240179
internal_weight=43.6031 16.5852 7.11046 9.47477 27.0178 5.01837 4.04695 21.9995 5.78016 18.194 2.83152 3.80549 2.83683 3.15081
internal_count=487 306 171 135 181 42 94 139 160 111 27 28 83 22
is_linear=0
shrinkage=0.05


Tree=75
num_leaves=15
num_cat=0
split_feature=184 123 148 32 15 37 152 71 114 38 114 164 185 53
split_gain=3.40389 2.59962 2.33651 2.28051 2.00772 1.91794 1.97688 1.90683 1.84438 1.67869 1.65578 1.43725 2.17587 1.25635
threshold=0.0031706185307614114 0.026730771559401657 0.018469565583482589 3.5000000000000004 674201.50000000012 0.54156393017348414 -0.00057811837725600245 2.0500000000000003 -0.17791921830567872 0.025982108855986983 -0.17145195095579105 -0.044887771170596023 0.0091245350139181926 -2.8519578356353832
decision_type=2 2 2 10 2 2 2 8 2 2 2 2 2 2
left_child=3 2 5 7 8 6 -2 9 -5 -1 -4 12 -11 -3
right_child=1 13 10 4 -6 -7 -8 -9 -10 11 -12 -13 -14 -15
leaf_value=-0.036981352921569087 0.024404477778550367 0.014680050727066766 0.025516114194746649 0.023672682400871482 0.046463052715198433 0.035924874463775118 -0.046522116338577536 -0.030778842650788674 -0.057091083946377109 0.031259522915742716 -0.04878165540719212 0.040798665883835968 -0.056639711538569532 -0.058442863496528698
leaf_weight=0.86124980170280707 2.0075844321399932 0.72439678851515088 1.0053183771669867 1.02926879376173 1.0918502788990734 5.2257985416799784 1.9239238803274945 1.3206016249023367 2.2569951368495818 2.3220172291621668 2.9512440045364192 15.51902426313608 1.0104095349088309 3.106403410434722
leaf_count=19 24 7 7 6 8 47 31 26 45 22 56 104 19 61
internal_value=0.00897755 -0.00838036 0.00220457 0.020552 -0.0122788 0.0160773 -0.0103042 0.0273858 -0.0317956 0.0312824 -0.0299034 0.0344011 0.00460801 -0.0446155
internal_weight=42.3561 16.9447 13.1139 25.4114 4.37811 9.15731 3.93151 21.0333 3.28626 19.7127 3.95656 18.8515 3.33243 3.8308
internal_count=482 233 165 249 59 102 55 190 51 164 63 145 41 68
is_linear=0
shrinkage=0.05


Tree=76
num_leaves=15
num_cat=0
split_feature=29 159 75 126 86 177 14 12 163 87 38 103 125 13
split_gain=2.83878 2.97179 3.88273 2.25799 2.10483 1.99604 1.89277 2.02954 1.50661 1.43177 1.26877 1.2443 1.256 1.28462
threshold=3.5000000000000004 0.00509043864529919 0.0024072953008110595 0.011958626202372355 -0.015040695372617601 -0.011700700949601793 76393.000000000015 124.50000000000001 -0.09738845752793536 0.010918845650936648 0.070300437729437032 -0.08372553774336576 0.054574706944601557 131.50000000000003
decision_type=2 2 2 2 2 2 2 2 2 2 2 2 2 2
left_child=1 2 8 4 10 9 7 -4 -1 -6 -2 -3 -13 -14
right_child=3 11 6 -5 5 -7 -8 -9 -10 -11 -12 12 13 -15
leaf_value=0.0096095365882532258 -0.01933755616359116 -0.053786145455624428 0.047384585128354584 -0.03901860949377664 -0.037479729841625287 -0.051244676565560546 0.041252684231648934 -0.046546275448152125 -0.05231370845261403 0.042219216846821554 0.042155736805443482 0.04171482577096014 0.039140887458638279 -0.0546494466234171
leaf_weight=1.4033793974667768 1.0729705467820156 0.38591703213751394 0.91078115254640613 3.9622089113108805 0.88000336289405767 2.3104694522917271 5.1846202639862895 1.5601591896265743 3.2735815569758451 1.5668828487396238 3.8437207099050283 13.992474080529059 0.74196578748524256 0.7187584163621068
leaf_count=19 22 7 6 75 17 47 37 21 62 12 22 108 6 17
internal_value=0.0115003 0.0205649 0.00216091 -0.00722652 0.0057946 -0.0179152 0.0240893 -0.0119236 -0.0337329 0.0135561 0.028736 0.0348945 0.0371092 -0.00700923
internal_weight=41.8079 28.1716 12.3325 13.6363 9.67405 4.75736 7.65556 2.47094 4.67696 2.44689 4.91669 15.8391 15.4532 1.46072
internal_count=478 283 145 195 120 76 64 27 81 29 44 138 131 23
is_linear=0
shrinkage=0.05


Tree=77
num_leaves=15
num_cat=0
split_feature=178 114 80 50 121 180 32 0 118 95 44 161 182 157
split_gain=2.6203 2.36504 3.00183 2.44205 2.35012 1.95105 1.9135 2.90761 1.69947 1.54671 1.39892 1.5668 2.12548 1.29498
threshold=0.10414633855449289 -0.034881434293937287 -0.027393645326254448 0.014817730305977482 -0.021266958475474568 0.087822280347909995 3.5000000000000004 3638.5000000000005 0.013295818932596045 -0.038237499230786197 58.000000000000007 -0.030140260884200857 -1.0000000180025095e-35 -0.07852681083506495
decision_type=2 2 2 2 2 2 10 2 2 2 2 2 2 2
left_child=1 5 -3 -4 -5 6 10 -8 -7 -6 -1 12 -12 -13
right_child=-2 2 3 4 9 8 7 -9 -10 -11 11 13 -14 -15
leaf_value=0.051598614174173787 -0.055214665356700804 -0.052825804055393714 -0.052184268127850479 -0.053360800100766853 -0.023835375570842119 0.019844078988468461 -0.043037920935600882 0.040895461451755655 -0.059679891964329101 0.040373542826308617 -0.05880423648311775 -0.01266018121100076 0.023884140750212255 0.037971193734191111
leaf_weight=5.3651739619672396 1.5979390256106842 2.878162381704894 1.503044296056032 1.0047305035404814 1.1419468275271309 1.2850543484091752 2.4205333646386853 1.7984851263463495 1.4078492708504198 5.2490637423470705 1.28623403608799 1.4683051630854667 1.9635635698214233 9.0268179522827108
leaf_count=31 29 97 61 26 18 10 22 12 12 35 14 16 16 57
internal_value=0.0075008 0.0101521 -0.00843896 0.00591722 0.0177252 0.0185659 0.0232175 -0.00725876 -0.021731 0.0289007 0.0299458 0.0214939 -0.00884301 0.0308877
internal_weight=39.3969 37.799 11.7769 8.89879 7.39574 26.022 23.3291 4.21902 2.6929 6.39101 19.1101 13.7449 3.2498 10.4951
internal_count=456 427 237 140 79 190 168 34 22 53 134 103 30 73
is_linear=0
shrinkage=0.05


Tree=78
num_leaves=15
num_cat=0
split_feature=39 122 29 86 164 37 167 138 41 152 160 4 87 160
split_gain=3.10895 2.33661 2.18433 2.37558 2.19456 1.9347 1.896 1.69521 1.63691 1.38084 1.32108 1.28182 2.04016 1.09318
threshold=0.091320035256187773 0.063902986428903963 3.5000000000000004 -0.024927205149802911 -0.094744568702165063 0.61977860059303558 0.079021639320949133 0.050493251836178643 0.15372271400500395 -0.00057811837725600245 -0.077249404990819628 3.5000000000000004 0.017327524303411865 0.022465570201187997
decision_type=2 2 2 2 2 2 2 2 10 2 2 8 2 2
left_child=1 2 4 10 -1 9 11 -8 -5 -2 -4 12 -6 -13
right_child=5 -3 3 8 6 -7 7 -9 -10 -11 -12 13 -14 -15
leaf_value=-0.04486891354520961 0.038624075231102561 -0.041581436623963026 -0.05540385329225278 -0.055582339346937897 -0.043269744193282583 0.052315214863515661 -0.048428672732668765 0.05014882963121764 0.025908184297164034 -0.045809727575673864 0.02411517961438274 0.044444227925601043 0.031192519899374729 0.011267861937487215
leaf_weight=1.3535209745168746 0.93468030542135228 2.6585959838703266 0.61124534904956807 3.3959545376710576 1.5138872950337927 6.0100909862667322 1.6335815503261977 0.5949578434228896 0.75285447016358364 1.0047749169170845 3.5898028872907162 8.7532401778735203 2.3444124772213399 3.4662201697938135
leaf_count=26 7 50 10 93 37 32 32 4 9 13 43 60 25 34
internal_value=0.0104382 0.00321534 0.00746732 -0.0139579 0.016567 0.0383031 0.0211094 -0.0221112 -0.0407948 -0.0051186 0.0125453 0.0271002 0.00197564 0.0350333
internal_weight=38.6178 30.6683 28.0097 8.34986 19.6598 7.94955 18.3063 2.22854 4.14881 1.93946 4.20105 16.0778 3.8583 12.2195
internal_count=475 423 373 155 218 52 192 36 102 20 53 156 62 94
is_linear=0
shrinkage=0.05


Tree=79
num_leaves=15
num_cat=0
split_feature=75 159 96 81 129 37 136 135 188 103 113 73 180 150
split_gain=2.64197 2.64918 2.23 2.20829 1.93332 1.77411 1.6079 2.47428 1.53949 1.52071 1.63874 1.35908 1.21054 1.1232
threshold=-0.027079302906288582 0.015474486527930162 0.041568695974248476 -0.056493385200765363 -0.069974236545783788 0.69074747653014212 0.043375495280403076 -0.0026957294902787252 0.044936191573671007 -0.071320241896275491 0.29608062935772134 0.073558508428366934 -0.04191968727814898 -0.06180861334928435
decision_type=2 2 2 2 2 2 2 2 2 2 2 2 2 2
left_child=1 4 6 -3 -1 -4 8 -8 13 -5 -11 -12 -10 -2
right_child=2 3 5 9 -6 -7 7 -9 12 10 11 -13 -14 -15
leaf_value=0.031019180614891687 -0.0081630884053352382 -0.055378898965296165 -0.04183322137454773 -0.057408424049727874 -0.054460624841444351 0.026777467609231522 -0.052448563540407313 0.025182665301069537 0.037708635756381378 0.041519416455648689 0.058314388465398541 -0.052843350862724896 -0.053997757533303548 0.03783280675389928
leaf_weight=0.80025284085422743 1.4429118079133392 1.1553671732544897 2.5305003132671109 0.58305921498686064 3.8145711161196214 1.501084718853235 1.622358310036361 2.7941218102350822 0.58873023837804794 4.5705198873765767 0.38450691103935219 0.96538317715749145 0.92559679877012857 16.560707578435547
leaf_count=11 17 31 38 10 96 15 22 25 4 30 1 34 22 131
internal_value=0.00962697 -0.00971207 0.0181144 0.00831955 -0.0396376 -0.0162873 0.0239092 -0.00333454 0.0300738 0.0196358 0.0272234 -0.0211808 -0.0183447 0.0341464
internal_weight=40.2397 12.2737 27.966 7.65884 4.61482 4.03159 23.9344 4.41648 19.5179 6.50347 5.92041 1.34989 1.51433 18.0036
internal_count=487 213 274 106 107 53 221 47 174 75 65 35 26 148
is_linear=0
shrinkage=0.05


Tree=80
num_leaves=15
num_cat=0
split_feature=45 17 97 32 78 136 53 82 75 5 184 51 101 57
split_gain=2.1176 2.15059 1.81712 2.27889 2.20454 1.66451 1.65489 1.58646 1.54208 1.66265 1.50412 2.16863 1.20472 1.00622
threshold=0.014004157461930089 2476.0000000000005 -0.047062621179226584 4.5000000000000009 0.12274310620499949 0.061188047480106908 -0.25287318173533535 0.059143641012128066 -0.056799575407517199 1.5000000000000002 0.0042216166860806707 -0.013011740333385154 -0.063958554496439765 1.5000000000000002
decision_type=2 8 2 10 2 2 2 2 2 10 2 2 2 2
left_child=6 7 4 5 -3 8 10 -2 9 -4 -1 -12 -8 -10
right_child=1 2 3 -5 -6 -7 12 -9 13 -11 11 -13 -14 -15
leaf_value=0.040893887614709114 -0.054428825758089709 -0.050216387288881614 -0.05500898698801459 -0.057844248771335628 0.043697788560333448 -0.033268554858119859 0.048842641179067253 0.022050626090722517 0.042427720704732767 0.026537866224189306 0.039420893858745087 -0.034918916731754353 -0.053768166423881825 -0.0053323580590667261
leaf_weight=9.4330433243885619 2.7041396680288039 2.4539650180377097 1.0839137160219245 0.99937543366104442 0.83835940435528744 1.2982268477790064 0.39154905453324307 0.90501463133841742 8.0028522843494958 1.47656740155071 2.0641851853579287 1.8695711912587274 1.0616295170038927 1.2790749119594682
leaf_count=62 92 44 26 21 7 18 2 12 60 17 17 31 25 23
internal_value=0.0100762 -0.00012061 0.00715275 0.0149423 -0.026302 0.0204779 0.0245537 -0.0352512 0.0263698 -0.00798289 0.0300627 0.00408989 -0.0261204 0.0358463
internal_weight=35.8615 21.0415 17.4323 14.14 3.29232 13.1406 14.82 3.60915 11.8424 2.56048 13.3668 3.93376 1.45318 9.28193
internal_count=457 320 216 165 51 144 137 104 126 43 110 48 27 83
is_linear=0
shrinkage=0.05


Tree=81
num_leaves=15
num_cat=0
split_feature=32 114 43 111 25 45 119 17 137 20 158 114 182 152
split_gain=3.24212 2.32336 2.40382 2.08938 1.86771 1.58862 2.77245 1.525 2.47601 1.49835 2.07808 1.24048 1.63751 0.89312
threshold=3.5000000000000004 -0.052559491032606521 0.68843365700611858 -0.022389035794327203 -22097.499999999996 0.21640120852325323 -0.021774370794885593 7285.5000000000009 -0.035712026734012879 2934.5000000000005 -0.0082239117590739551 -0.12263837469701476 -0.029852457331971217 0.034846250130288775
decision_type=10 2 2 2 2 2 2 10 2 2 2 2 2 2
left_child=1 5 3 -3 -4 9 -7 8 -5 10 -1 12 -2 -11
right_child=11 2 4 7 -6 6 -8 -9 -10 13 -12 -13 -14 -15
leaf_value=0.035341688820243064 -0.052289016180091769 -0.052753606760007836 0.03299282704151104 0.05264245046003764 -0.047719575287376401 0.033716195388914481 -0.05728457585466961 0.042652536420948003 -0.053482678160345715 0.046755777084412468 -0.056771342130979487 -0.053357619994206233 0.018436521540176946 0.013487658611846465
leaf_weight=1.5225874492898586 1.2629818245768549 0.98087319219484914 0.90216193534433919 0.96102775400504481 3.4875585953705004 2.0072842761874203 1.4355624374002207 4.3696904545649886 1.2838433599099499 10.357881780713795 1.0241462988779009 2.3227085736580184 2.3250367436558008 2.5053777024149886
leaf_count=13 10 31 8 6 125 14 19 29 39 64 14 71 17 19
internal_value=0.00903395 0.0155359 -0.00167696 0.0153462 -0.0311318 0.0264784 -0.00422836 0.0254447 -0.00805058 0.0333388 -0.00170075 -0.0248884 -0.00645885 0.0402761
internal_weight=36.7487 30.838 11.9852 7.59543 4.38972 18.8528 3.44285 6.61456 2.24487 15.41 2.54673 5.91073 3.58802 12.8633
internal_count=479 381 238 105 133 143 33 74 45 110 27 98 27 83
is_linear=0
shrinkage=0.05


Tree=82
num_leaves=15
num_cat=0
split_feature=32 139 33 41 163 5 57 20 35 93 14 119 156 121
split_gain=1.90693 1.8788 1.73507 1.94457 1.88781 1.92326 1.78948 1.26416 1.9018 2.02942 1.87305 1.15578 1.13655 1.44504
threshold=3.5000000000000004 0.013662424812196674 4.5000000000000009 0.064763361646601972 0.092159945982255617 1.5000000000000002 -1.4999999999999998 3061.0000000000005 4.5000000000000009 -0.042691387059725375 6895.5000000000009 0.0092029390281352444 -0.054904027181182251 0.064134377623045066
decision_type=10 2 2 8 2 8 2 2 2 2 2 2 2 2
left_child=2 -2 4 -4 5 -1 -6 10 -9 -10 -7 -3 -5 -14
right_child=1 11 3 12 6 7 -8 8 9 -11 -12 -13 13 -15
leaf_value=-0.053640305068692135 -0.045512237597457754 -0.027574677505723511 -0.056288407661398782 0.048508200878117212 0.033466774475299041 0.02740447422152055 -0.054614673927845393 0.039171226418986217 0.049556866547312589 -0.047905743531391848 -0.052619035537944739 0.039912876665563111 -0.034616628445911131 0.040677923032538657
leaf_weight=0.76155983936042559 2.9830005667172363 1.0693576023913922 1.6860711127519596 1.1968478681519625 0.91802047938108478 2.0056049660779567 1.5506125930696715 14.829177292995157 0.87179997563362155 1.378935714252292 1.1508041233755646 1.5597392767667768 1.9104678286239507 0.95614231936633576
leaf_count=22 63 17 27 11 9 28 38 128 6 22 42 18 28 8
internal_value=0.00834184 -0.0183526 0.0134696 -0.0111469 0.0195008 0.0243634 -0.0218595 0.0272989 0.0326712 -0.0101546 -0.00177152 0.012463 0.0075839 -0.00950254
internal_weight=34.8281 5.6121 29.216 5.74953 23.4665 20.9979 2.46863 20.2363 17.0799 2.25074 3.15641 2.6291 4.06346 2.86661
internal_count=467 98 369 74 295 248 47 226 156 28 70 35 47 36
is_linear=0
shrinkage=0.05


Tree=83
num_leaves=15
num_cat=0
split_feature=33 132 164 154 114 27 87 160 136 62 39 75 101 28
split_gain=2.35957 1.92869 1.77972 2.45704 2.22625 1.65641 1.61467 1.42212 1.38454 1.54693 1.2418 0.917826 0.887652 1.176
threshold=4.5000000000000009 -0.027818150084514607 -0.035375229819228089 0.069654445785931704 -0.006018346870902829 4.5000000000000009 0.01501288696383642 -0.014654724277977442 0.060324043167214965 160.50000000000003 0.0014921581709223806 0.045200986207865064 0.06469390994142267 2.5000000000000004
decision_type=2 2 2 2 2 2 2 2 2 2 2 2 2 2
left_child=2 7 3 4 -1 8 -7 -2 10 -10 -4 -3 -12 -14
right_child=1 11 5 -5 -6 6 -8 -9 9 -11 12 -13 13 -15
leaf_value=0.032483891972232205 0.039904640791289386 -0.05721955988357607 -0.052500526114350632 -0.050277618624053805 -0.052311129129771289 -0.039480425032773409 0.027645501556049747 -0.02644153972299389 0.053784633363901518 -0.044938591116397503 0.038425758396256018 -0.002988431903709129 0.037319456313306125 -0.043736048033656133
leaf_weight=3.6164163695648313 1.9060823181644084 2.5732651608996089 0.41861683828757179 2.1630872413516045 0.98485639365390198 1.935691567603498 1.6676992508582769 1.4016089094802735 0.5851300060749044 1.2328333342447875 15.839942349586638 1.1196698639541862 1.0127796577289689 0.80172568559646595
leaf_count=31 16 47 15 52 39 31 19 18 3 20 146 14 11 20
internal_value=0.0102198 -0.0159395 0.016272 -0.00632707 0.0143344 0.0227785 -0.00841362 0.011791 0.0284292 -0.0131635 0.032613 -0.0407771 0.0346312 0.00150568
internal_weight=37.2594 7.00063 30.2588 6.76436 4.60127 23.4944 3.60339 3.30769 19.891 1.81796 18.0731 3.69294 17.6544 1.81451
internal_count=482 95 387 122 70 265 50 34 215 23 192 61 177 31
is_linear=0
shrinkage=0.05


Tree=84
num_leaves=15
num_cat=1
split_feature=1 134 181 163 134 131 54 37 41 125 75 91 119 114
split_gain=2.1014 2.50737 2.36907 2.27386 2.00506 1.90575 1.39166 1.31821 3.36862 1.08865 1.07888 0.825615 0.793638 0.709002
threshold=0 0.0030053704932069525 -0.073297249273676687 0.070595229249400565 -0.082846467075441424 0.043937985074306268 24.500000000000004 0.45533200963533127 0.13987589176083878 -0.0073444876764535106 -0.20002229018152637 0.067456081659924713 -0.038039077236220672 0.031710248497468146
decision_type=9 2 2 2 2 2 2 2 8 2 2 2 2 2
left_child=7 2 -2 5 -4 6 13 8 -1 -10 -6 -9 -8 -3
right_child=1 3 4 -5 10 -7 12 11 9 -11 -12 -13 -14 -15
leaf_value=-0.055091514022073809 0.029920675840321695 0.04387517568824903 0.02555033051277213 -0.053876661615214143 0.028486520905743096 -0.053458795129093878 0.030252476073046725 0.043976994741626543 -0.0073230951544326203 0.05008947785789794 -0.053744317045222312 -0.0023315046035024801 -0.055873419249833037 0.0064660638828124388
leaf_weight=1.4795690029859567 1.6070559232030062 5.45273028220981 1.086075925733893 1.1861358224414278 0.42839101701974858 0.80966750904917795 0.42368346219882369 9.8120476179756206 1.1681694462895396 2.8162867594510317 5.79059775406495 1.0671718902885903 0.72552359150722601 1.6498032840900121
leaf_count=34 25 45 15 33 3 21 6 73 17 17 128 10 15 35
internal_value=0.0104735 -0.00370979 -0.0250417 0.011222 -0.037133 0.0197434 0.0269261 0.0182216 0.00933378 0.0332572 -0.0480799 0.0394345 -0.024121 0.0351856
internal_weight=35.5029 19.1597 8.91212 10.2475 7.30506 9.06141 8.25174 16.3432 5.46403 3.98446 6.21899 10.8792 1.14921 7.10253
internal_count=477 326 171 155 146 122 101 151 68 34 131 83 21 80
cat_boundaries=0 1
cat_threshold=13369473
is_linear=0
shrinkage=0.05


Tree=85
num_leaves=15
num_cat=0
split_feature=17 155 114 89 53 45 8 32 162 157 181 138 185 4
split_gain=2.25031 1.99602 2.16682 1.61317 1.52415 1.55526 1.84888 1.44991 1.77833 1.63557 1.23071 1.21321 0.951458 1.30211
threshold=2342.5000000000005 -0.037746055361538265 -0.11784446473212225 0.10917077586910004 -0.13353088326645732 0.22590092012571319 3652745.5000000005 3.5000000000000004 -0.040814271824912665 -0.041919236035068808 0.086297201482160593 0.045651910199511252 -0.056506601561277812 6.5000000000000009
decision_type=8 2 2 2 2 2 2 10 2 2 2 2 2 8
left_child=1 2 -1 4 5 7 11 10 -9 -10 12 -7 13 -2
right_child=3 -3 -4 -5 -6 6 -8 8 9 -11 -12 -13 -14 -15
leaf_value=0.045148537629606425 -0.054950828890491903 -0.054516247325565349 -0.03864235424249382 -0.045707039633475798 -0.052568343113202881 -0.054633729508981613 0.055358884449423496 0.038594464805321832 0.027922805822574732 -0.057197334775246959 -0.020702246395327306 0.027797335566174076 0.03712505247503297 0.027993942632437797
leaf_weight=1.6638950239866974 0.68911930732430571 2.3880900680087507 1.4386879014782605 1.0586073724552978 0.76054102741182106 1.8435328295454381 0.74480468034744252 1.5766422674059866 0.8442568974569441 1.7021367982961229 1.1438858783803869 0.58897708170115937 15.646861659362912 1.5098708756268022
leaf_count=12 15 74 46 16 26 42 3 14 10 28 18 8 138 19
internal_value=0.009123 -0.0201545 0.00629416 0.0148419 0.0172114 0.01923 -0.0135698 0.023739 -0.00313701 -0.0289757 0.0295743 -0.0346749 0.032797 0.00200072
internal_weight=33.5999 5.49067 3.10258 28.1092 27.0506 26.2901 3.17731 23.1128 4.12304 2.54639 18.9897 2.43251 17.8459 2.19899
internal_count=469 132 58 337 321 295 53 242 52 38 190 50 172 34
is_linear=0
shrinkage=0.05


Tree=86
num_leaves=15
num_cat=0
split_feature=114 0 156 40 98 40 159 103 84 120 114 62 0 50
split_gain=2.24079 2.69956 1.69409 1.65359 1.53372 1.28453 2.09594 1.62148 1.25889 1.93965 1.47193 0.847256 0.839885 0.925002
threshold=-0.12263837469701476 1018.5000000000001 -0.12025446491695892 0.44980900518199357 0.083236279056282461 0.068832582894912495 -1.0000000180025095e-35 0.0086674835345981593 0.043254938867850957 -0.022764562551242987 -0.034368967333197588 581.50000000000011 1663.5000000000002 0.016437388480239155
decision_type=2 2 2 8 2 8 2 2 2 2 2 2 2 2
left_child=4 3 -3 11 5 6 7 -1 9 12 -11 -2 -4 -14
right_child=1 2 8 -5 -6 -7 -8 -9 -10 10 -12 -13 13 -15
leaf_value=-0.057165396708059993 -0.053215146042770049 -0.054067959033485449 0.054548295890378906 0.029512275471337304 -0.026430788074328516 0.044068089570524979 0.036261344687301175 0.025695334972622511 0.033857179570713707 0.015977918478598981 -0.046483413261003456 0.014051037739771958 -0.052723344113181053 0.025139403533376632
leaf_weight=1.4385486692190173 3.8000999423675266 0.96008930588140984 1.6434711189940556 0.90111699141561974 1.3457814175635565 7.1264897286891928 3.7884631939232341 1.0014058984816072 5.1796024283394217 1.537324752658604 2.4405919644050318 0.53389284946024407 0.49735084082931313 1.6366376006044445
leaf_count=17 132 33 8 8 13 55 24 7 49 13 68 10 18 21
internal_value=0.00976529 -0.00151507 0.0100139 -0.0321153 0.0244446 0.0295713 0.0129842 -0.0231577 0.0147703 0.00202271 -0.0223443 -0.0449288 0.0276828 0.00699258
internal_weight=33.8309 19.1302 13.8951 5.23511 14.7007 13.3549 6.22842 2.43995 12.935 7.75538 3.97792 4.33399 3.77746 2.13399
internal_count=476 360 210 150 116 103 48 24 177 128 81 142 47 39
is_linear=0
shrinkage=0.05


Tree=87
num_leaves=15
num_cat=0
split_feature=15 51 125 75 144 121 131 66 149 106 96 45 96 182
split_gain=1.83922 2.96583 2.33479 1.7754 1.93257 1.58219 1.41233 1.28148 1.2657 1.16211 1.00802 1.0328 0.976792 0.94051
threshold=150952.00000000003 -0.0076743806378018527 0.0839616163708473 0.0039221546785993605 0.025486499867909889 0.060103155965929737 0.0086809234124169705 7.5000000000000009 -0.05817060005730202 -0.047557835227048664 -0.099774081361365383 0.22590092012571319 -0.13420421822022585 -0.079058504315719882
decision_type=2 2 2 2 2 2 2 2 2 2 2 2 2 2
left_child=1 3 7 4 5 9 -6 -2 -5 -1 -9 -12 -3 -10
right_child=2 12 -4 8 6 -7 -8 10 13 -11 11 -13 -14 -15
leaf_value=0.02746959065676062 -0.022525277464768415 0.054233697531145077 -0.057173025212499541 -0.055478245549886313 0.045986796413556741 0.030732439485044661 -0.029017520186834386 -0.055074420137112827 -0.037072014671280566 -0.054799780227223538 0.03982930379218691 -0.012862404370341763 -0.053547921195129883 0.033307583417891078
leaf_weight=0.4935151524841771 1.1571881035342784 0.22636371850967441 0.86562102474272329 0.47634939663112152 1.9587017036974432 0.86853269860148419 0.92357062827795733 0.31864826567470927 0.50903895590454329 3.2963686122093359 10.346736859064547 1.0218219440430392 2.9456440848298397 7.0347184371203166
leaf_count=7 24 1 16 7 19 9 19 5 12 77 100 16 105 68
internal_value=0.008393 -0.00179162 0.0223089 0.0071908 -0.0102268 -0.0301372 0.0219531 0.0276654 0.0235672 -0.0440867 0.0326349 0.0350933 -0.0458563 0.0285585
internal_weight=32.4428 18.7328 13.71 15.5608 7.54069 4.65842 2.88227 12.8444 8.02011 3.78988 11.6872 11.3686 3.17201 7.54376
internal_count=485 324 161 218 131 93 38 145 87 84 121 116 106 80
is_linear=0
shrinkage=0.05


Tree=88
num_leaves=15
num_cat=0
split_feature=114 50 181 57 83 181 102 85 153 164 140 77 170 187
split_gain=1.89211 2.3287 1.80427 1.66102 1.81986 1.5653 1.50521 1.4805 1.07121 1.21636 0.957485 0.93972 0.896333 0.806453
threshold=-0.12112697003563729 0.010757107078577891 0.086297201482160593 -1.0000000180025095e-35 0.014666481719524029 -0.088748975078829298 0.016712263174175204 -0.083398745894126783 0.24400404988184529 -0.034542373067142272 -0.084761625925839371 -0.11515995381393193 -0.16988727968972961 0.0081103426639339265
decision_type=2 2 2 2 2 2 2 2 2 2 2 2 2 2
left_child=7 12 3 5 6 -3 -5 -1 9 -9 -6 -8 -2 -7
right_child=1 2 -4 4 10 13 11 8 -10 -11 -12 -13 -14 -15
leaf_value=-0.014684909848813141 0.054010182685092681 -0.054298884970209516 -0.052769285668411541 0.029357140505044274 0.054305820817363508 0.043758929862003575 0.049435721447447074 -0.027716550568079312 0.04396420103422663 0.033719503898254767 -0.05376992015466632 -0.053574037646937557 -0.052667558007331527 0.0017002742705559022
leaf_weight=1.8136488907039154 0.21619132161140475 0.51723304949700821 1.0881551606580604 3.7047283588908577 0.22960872948169742 5.9410339049063676 0.27903843019157637 1.2928604558110239 8.0009596943855268 2.1380048394203213 1.9070585081353781 1.0718887262046335 2.2075190064497319 1.4103041421622036
leaf_count=16 1 11 41 40 1 48 3 14 62 18 49 30 96 29
internal_value=0.0128453 0.0025485 0.00940742 0.0138997 -0.00346814 0.0297749 0.0128825 0.0272834 0.0339416 0.0105684 -0.042156 -0.032297 -0.0431521 0.0356903
internal_weight=31.8182 18.5728 16.149 15.0609 7.19232 7.86857 5.05566 13.2455 11.4318 3.43087 2.13667 1.35093 2.42371 7.35134
internal_count=459 349 252 211 123 88 73 110 94 32 50 33 97 77
is_linear=0
shrinkage=0.05


Tree=89
num_leaves=15
num_cat=0
split_feature=165 67 35 144 27 95 114 118 173 177 180 121 174 0
split_gain=1.74033 1.50912 1.90022 1.97301 1.67051 1.3407 1.22701 1.20954 1.46738 1.07122 1.28013 0.883251 1.80747 0.823984
threshold=0.092015956158867998 1.0000000180025095e-35 4.5000000000000009 -0.040773923921132334 1.5000000000000002 -0.040913214500799558 -0.14829947401332097 0.0024414091383781608 0.0040116731214965224 -0.0056280311630021529 0.04819680674323331 -0.0042868275489089912 -0.01736507203763973 1069.5000000000002
decision_type=2 2 2 2 2 2 2 2 2 2 2 2 2 2
left_child=1 4 9 -4 -1 13 -2 8 -7 -3 11 12 -11 -6
right_child=6 2 3 -5 5 7 -8 -9 -10 10 -12 -13 -14 -15
leaf_value=0.032819195097769087 0.0063827182635892588 0.044280648422919823 0.048321525908809282 -0.047849870553938002 -0.030450402505675087 0.022543277147147881 -0.053523989850197518 -0.048019269714333131 -0.043648012155639244 -0.057920972473328662 -0.024616558015002225 0.039044299093726462 0.031036111877670126 0.03994986670162369
leaf_weight=2.8309757323004332 1.6994399800896647 6.7635803711600628 0.77557127550244365 1.707311545498668 0.55702875950373654 2.1054127197712655 1.7196546252816904 2.7690252596512437 1.3901512860320506 0.83196180965751443 1.4770975485444067 4.8315448025241468 1.8205778417177505 1.6373908789828417
leaf_count=34 13 61 5 35 20 28 60 60 30 18 21 46 26 17
internal_value=0.0100211 0.0139353 0.0228408 -0.0178091 -0.000426827 -0.0115533 -0.0237477 -0.0233345 -0.00378034 0.0292592 0.0179216 0.0263172 0.00313497 0.0220795
internal_weight=32.9167 29.4976 18.2076 2.48288 11.29 8.45901 3.41909 6.26459 3.49556 15.7248 8.96118 7.48408 2.65254 2.19442
internal_count=474 401 212 40 189 155 73 118 58 172 111 90 44 37
is_linear=0
shrinkage=0.05


Tree=90
num_leaves=15
num_cat=0
split_feature=121 44 182 39 114 136 84 103 190 32 37 0 136 140
split_gain=1.92344 2.07409 1.97739 1.87741 1.74198 1.45362 1.76012 1.59306 1.07681 1.07044 1.03316 1.30587 0.778938 0.733753
threshold=-0.028139839231747874 192.50000000000003 -0.014781119557106618 0.050478848344880312 -0.17145195095579105 0.014056327372514244 -0.0071042810662484005 0.054378868997251952 0.097252667308699081 2.5000000000000004 0.56948841133965666 1774.5000000000002 -0.058259722989297158 0.036687437364385407
decision_type=2 2 2 2 2 2 2 2 2 8 2 2 2 2
left_child=4 12 3 -3 -1 6 7 -4 10 -5 -6 -12 -2 -11
right_child=1 2 5 9 8 -7 -8 -9 -10 13 11 -13 -14 -15
leaf_value=0.038934656616186669 -0.022926692211026389 -0.048998189506128262 -0.055763313399701579 0.049961465610104533 -0.05150043491820986 0.038341467123493234 0.02989710619217676 0.0356009597696521 0.035784788580427968 -0.054762270988617773 -0.053270469965140843 0.03151952767913118 0.039589863526357641 0.024603948563185606
leaf_weight=1.2852880693972109 0.530259158462285 2.6773869541939375 1.7589047648943981 1.046251801773906 3.0485323886387077 4.6271835914812982 2.3369316039606858 0.65470107551664103 0.63152336562052358 0.65566674713045336 0.78515173029154528 1.0769704370759425 8.2557410188019293 0.52392036840319633
leaf_count=12 11 77 41 8 83 49 33 7 9 16 23 14 74 7
internal_value=0.00980194 0.0167019 0.00494197 -0.0207884 -0.01351 0.0183953 -0.00103291 -0.0309804 -0.0256725 0.0131442 -0.0335761 -0.00423162 0.0358168 -0.0195113
internal_weight=29.8944 23.0669 14.2809 4.90323 6.82747 9.37772 4.75054 2.41361 5.54218 2.22584 4.91065 1.86212 8.786 1.17959
internal_count=464 323 238 108 141 130 81 48 129 31 120 37 85 23
is_linear=0
shrinkage=0.05


Tree=91
num_leaves=15
num_cat=0
split_feature=41 114 165 178 93 98 91 145 73 176 147 32 37 182
split_gain=2.13759 2.06348 2.1307 1.87144 1.80243 1.13595 1.30541 1.11637 1.08693 1.04484 1.02877 0.838168 1.13092 0.57388
threshold=0.13798199051648705 -0.15141408220657795 -0.067431087770159645 0.049989363774000171 -0.095734894974293785 0.038230868059522694 0.050432157659936125 -0.017565872852551141 0.14450701413677378 -0.039787257018831061 0.045961923356162539 2.5000000000000004 0.67760560181501839 -0.040891056812269254
decision_type=8 2 2 2 2 2 2 2 2 2 2 10 2 2
left_child=1 3 7 9 -4 11 -7 -3 13 -1 -9 -2 -13 -6
right_child=5 2 4 -5 8 6 -8 10 -10 -11 -12 12 -14 -15
leaf_value=-0.0037265073022306212 0.0395554375164393 0.043240074104230142 0.034870536714609227 -0.030701221083778703 0.049739320884925338 -0.055749550526011361 0.030939514783164059 -0.052288688444068865 -0.050952988532896641 0.041967074101518481 0.048834352864703383 -0.044521618055632983 0.032341180217457834 -0.026557169300557872
leaf_weight=1.779526501893997 6.8476146114990133 1.7078948123380544 0.85817091399804013 1.7252287734299896 0.42419640067964792 0.88091560220345744 0.8564965003170073 0.7945787720382238 5.5136386032681912 4.2127356752753284 0.36799568403512239 0.77488867379725013 1.2514332327991722 0.58823503507300479
leaf_count=15 62 13 14 18 4 18 10 32 202 32 4 14 14 16
internal_value=0.00616298 -0.00434355 -0.0190411 0.015186 -0.0332511 0.0239576 -0.0130142 0.0175138 -0.042209 0.0283974 -0.0202797 0.0311963 0.00294797 0.00541013
internal_weight=28.5835 17.9722 10.2547 7.71749 7.38424 10.6113 1.73741 2.87047 6.52607 5.99226 1.16257 8.87394 2.02632 1.01243
internal_count=468 350 285 65 236 118 28 49 222 47 36 90 28 20
is_linear=0
shrinkage=0.05


Tree=92
num_leaves=15
num_cat=0
split_feature=114 164 113 15 13 164 104 138 121 48 44 43 77 167
split_gain=1.79886 1.92847 1.80009 1.5725 2.22982 1.61528 1.45684 1.33943 1.28151 0.856211 1.44146 0.747394 0.740719 0.674685
threshold=-0.0034212131905876648 0.046907070422166477 0.3334875527911258 150952.00000000003 13188.500000000002 -0.088258671897435789 0.026664156301624688 -0.060247167047331983 -0.0034699892607014805 715.87500000000011 104214.50000000001 1.3374919244099612 -0.069447569913574661 -0.14629266583294046
decision_type=2 2 2 2 2 2 2 2 2 8 2 2 2 2
left_child=3 2 13 4 5 -1 11 -8 -3 -5 -11 -7 -9 -2
right_child=1 8 -4 9 -6 6 7 12 -10 10 -12 -13 -14 -15
leaf_value=-0.044414663570345292 0.036663498072487415 -0.051989355827562547 0.036586297692362338 0.046568986206031872 -0.046665378215410891 0.03834165983967993 0.037115525814025351 0.017927654185945354 0.032922175501845015 0.040747048834297882 -0.04055155770314757 -0.0055319273315519351 -0.055717467591117391 -0.052275795323245104
leaf_weight=1.079564793966713 0.22659500595182214 0.53856609016656909 0.77314287377521385 4.8531804103404275 1.771807335782795 6.2133929827250558 0.93594989087432656 0.45999495219439279 2.5401158551685512 1.421518840827048 0.8844627123326062 1.1504224585369227 1.324690180830657 3.6159496174659571
leaf_count=20 3 25 13 37 28 55 9 7 29 16 15 16 26 152
internal_value=0.00797686 -0.0125814 -0.0330249 0.0158486 0.00544331 0.0137133 0.0199361 -0.0113295 0.0180683 0.0346499 0.00956485 0.0314874 -0.0367358 -0.047031
internal_weight=27.7894 7.69437 4.61569 20.095 12.9358 11.164 10.0845 2.72064 3.07868 7.15916 2.30598 7.36382 1.78469 3.84254
internal_count=451 222 168 229 161 133 113 42 54 68 31 71 33 155
is_linear=0
shrinkage=0.05


Tree=93
num_leaves=15
num_cat=0
split_feature=0 132 181 76 40 45 25 133 114 50 95 116 123 158
split_gain=1.91191 2.25613 1.71183 1.48111 1.34003 2.07603 1.30748 1.13759 1.07361 1.33813 1.00192 0.949378 0.826502 0.715733
threshold=1001.5000000000001 -0.010345537126382429 0.086297201482160593 -0.034279483635910712 0.055892244443800233 0.19333795567754464 -1337.9999999999998 -0.063658166533087132 -0.092636155591874728 0.014817730305977482 0.082645065054494635 0.054449913910122875 -0.071492165812430161 -0.011276148958887669
decision_type=2 2 2 2 10 2 2 2 2 2 2 2 2 2
left_child=1 3 4 -1 5 6 13 -8 -6 -10 -3 -11 -5 -2
right_child=2 10 -4 12 8 -7 7 -9 9 11 -12 -13 -14 -15
leaf_value=-0.053296451965460068 -0.0096102153639564848 -0.054011270880582121 -0.039583551687840168 -0.053672426409296717 0.049964762524559912 -0.053781347390849138 0.032618348042458105 -0.054217406831855143 -0.033927946344948313 0.037471961803270719 0.014220595211482496 -0.011217634449061535 0.032015155052175337 0.040929365596376603
leaf_weight=0.71843038592487563 0.87519459193572346 2.8367857765406401 1.2224067361094046 0.30633613839745555 4.7957959156483474 1.265700325835496 0.60170563682913769 1.0106832999736139 1.0085133558604784 5.1647782176733017 0.6639416692778467 1.2419058396480975 3.4593212986364961 3.5102088195271786
leaf_count=26 19 92 35 8 43 37 6 30 30 45 11 19 42 35
internal_value=0.00979304 -0.0109906 0.0178113 0.0124929 0.021414 0.00440818 0.0166878 -0.0218123 0.0315296 0.0196065 -0.0410705 0.0280337 0.0250445 0.0308432
internal_weight=28.6817 7.98482 20.6969 4.48409 19.4745 7.26349 5.99779 1.61239 12.211 7.4152 3.50073 6.40668 3.76566 4.3854
internal_count=478 179 299 76 264 127 90 36 137 94 103 64 50 54
is_linear=0
shrinkage=0.05


Tree=94
num_leaves=15
num_cat=0
split_feature=20 27 56 116 114 39 33 143 106 40 39 78 151 12
split_gain=1.63622 1.90744 1.57722 1.77012 1.61742 2.78474 1.13161 1.04955 1.04036 0.93488 0.927438 1.28931 0.755744 0.745148
threshold=318458.00000000006 4.5000000000000009 1.5000000000000002 -0.07753203471592221 -0.032341764833718673 0.11151864193298067 4.5000000000000009 -0.043727869392122677 -0.020107551982745841 0.21886457545328983 0.04887904022677151 -0.03819365380281816 -0.098397023051182184 1.0000000180025095e-35
decision_type=2 2 2 2 2 2 2 2 2 8 2 2 2 2
left_child=1 2 7 -4 6 12 10 -1 -8 -3 11 13 -6 -5
right_child=-2 9 3 4 5 -7 8 -9 -10 -11 -12 -13 -14 -15
leaf_value=-0.033510171191173187 0.04775094369575858 -0.038262724623270926 -0.043242252588846432 0.014809294204448171 0.053292801810027449 0.037547772410233146 0.024188818748920562 0.037598972268957163 -0.048775679421003505 0.032173091271069494 0.049591506546752574 0.03323410242860203 -0.051890918668742549 -0.055894542974610641
leaf_weight=0.56584044080227602 2.6050414480268946 3.0711890859529367 1.833443021401769 0.68875823728740193 0.18232801556587652 1.5710650347173212 0.94474445655941952 6.2562748622149327 1.0117162931710479 0.5564500950276855 3.2076495802029967 3.0277352780103737 2.6944993429351407 0.81193664018064737
leaf_count=17 22 77 49 7 1 11 9 63 13 8 28 30 126 13
internal_value=0.00994448 0.00621723 0.0115762 0.00298131 0.00897464 -0.0159881 0.02043 0.031701 -0.0135423 -0.0274584 0.0290216 0.0144512 -0.0452246 -0.0234443
internal_weight=29.0287 26.4236 22.796 15.9739 14.1404 4.44789 9.69254 6.82212 1.95646 3.62764 7.73608 4.52843 2.87683 1.50069
internal_count=474 452 367 287 238 138 100 80 22 85 78 50 127 20
is_linear=0
shrinkage=0.05


Tree=95
num_leaves=15
num_cat=1
split_feature=1 54 102 0 188 186 0 127 17 105 7 133 162 114
split_gain=1.76649 1.87833 1.73711 1.53034 1.44162 1.27218 1.06571 1.05648 0.9219 1.39685 1.09606 0.834878 0.784941 0.574
threshold=0 20.500000000000004 -0.04322541598234695 2322.5000000000005 0.041915724300408304 0.017835486574637092 682.00000000000011 -0.075722155243309983 2342.5000000000005 -0.016123841277778651 630.50000000000011 -0.019673894334495783 -0.1025436652919605 -0.096558121176314904
decision_type=9 2 2 2 2 2 2 2 10 2 8 2 2 2
left_child=7 2 -2 -3 6 11 -4 -1 9 -9 -11 -5 -8 -14
right_child=1 3 4 5 -6 -7 12 8 -10 10 -12 -13 13 -15
leaf_value=-0.054366502636224834 -0.053638620287718458 -0.048462960091249979 -0.055488279675117484 0.019567917196107901 -0.052391946723959672 0.032855812812920458 -0.033943307755337007 0.038388230446512996 0.040564435693944793 0.05227819691143936 -0.045113344187672377 -0.049988051267162104 0.04713862573364215 0.010850378499946189
leaf_weight=0.37623123917728563 0.98838657652959216 3.9402906831819564 0.3831309373490529 0.62376802042126689 0.66558177187107492 1.4476545446086673 0.43307786388322611 1.9973783693276348 7.7518055699765682 0.37114812433719424 1.3034736723639071 1.3989968032110485 3.5951492264866824 1.5637108786031615
leaf_count=8 29 116 15 12 26 20 9 23 73 3 34 30 29 44
internal_value=0.00718104 -0.00553242 0.00820432 -0.0271393 0.0174089 -0.00292858 0.0251843 0.0151958 0.0307885 0.0101511 -0.0235284 -0.0285388 0.0307116 0.0361392
internal_weight=26.8398 15.0397 7.62904 7.41071 6.64065 3.47042 5.97507 11.8 11.4238 3.672 1.67462 2.02276 5.59194 5.15886
internal_count=471 330 152 178 123 62 97 141 133 60 37 42 82 73
cat_boundaries=0 1
cat_threshold=13369473
is_linear=0
shrinkage=0.05


Tree=96
num_leaves=15
num_cat=0
split_feature=39 29 116 27 14 192 75 49 63 44 40 147 150 50
split_gain=1.29006 1.7138 1.36947 1.17879 1.48076 1.30171 1.18091 1.00686 0.967637 0.88019 1.04958 0.76366 0.929679 0.712926
threshold=0.117728915555377 3.5000000000000004 0.092359054578559863 1.5000000000000002 157175.50000000003 0.07163243847019278 0.11785663582933971 -335.99999999999994 1024.5000000000002 104214.50000000001 0.12776798534898898 -0.022266008304899859 0.022690369159623639 0.0085741983255793203
decision_type=2 2 2 2 2 2 2 2 2 2 10 2 2 2
left_child=1 3 8 13 5 6 7 -5 11 -6 -11 12 -3 -1
right_child=-2 2 -4 4 9 -7 -8 -9 -10 10 -12 -13 -14 -15
leaf_value=-0.016938140203720323 0.037972195104912954 -0.03806620730245372 0.020207850973302528 0.011968590950002026 0.040562839147715551 0.024318202530809189 0.022295347749220023 -0.05199635738081812 0.039144443833895877 -0.052562891012619642 0.039210726662922774 -0.051070003323380089 0.028698766024184759 0.042727974853245691
leaf_weight=0.58056890079752221 2.8501382507383815 1.3684015078470109 1.8737986017949877 0.77884747064672666 3.0594265926629305 1.818241963163018 1.0156938936561344 2.9281805187929382 0.47847144631668914 0.65984382200986125 0.59020857512950897 3.1076806848868723 0.84237958956509817 3.6366339372470975
leaf_count=14 27 33 27 19 36 19 16 83 9 20 5 97 16 41
internal_value=0.00626203 0.00228733 -0.0169513 0.0120815 0.00336271 -0.01163 -0.02547 -0.0385573 -0.0289626 0.0261188 -0.00923225 -0.0350898 -0.0126266 0.0345139
internal_weight=25.5885 22.7384 7.67073 15.0676 10.8504 6.54096 4.72272 3.70703 5.79693 4.30948 1.25005 5.31846 2.21078 4.2172
internal_count=462 435 182 253 198 137 118 102 155 61 25 146 49 55
is_linear=0
shrinkage=0.05


Tree=97
num_leaves=15
num_cat=0
split_feature=114 121 32 39 11 14 79 33 54 172 37 28 184 52
split_gain=1.33394 2.34932 1.26464 1.92847 1.20685 1.14898 1.33413 0.991011 1.10545 0.898646 0.893658 1.79239 0.87506 0.690746
threshold=-0.032341764833718673 -0.0098149272643030736 1.5000000000000002 0.11151864193298067 3242405.5000000005 151728.50000000003 0.025453874270491585 4.5000000000000009 20.500000000000004 -0.0044396227537542741 0.4917489298727164 3.5000000000000004 0.029269375080103858 -0.027621458372365116
decision_type=2 2 8 2 2 2 2 2 2 2 2 2 2 2
left_child=5 -2 -3 4 13 6 7 10 -9 -8 11 -1 -7 -4
right_child=1 2 3 -5 -6 12 9 8 -10 -11 -12 -13 -14 -15
leaf_value=-0.05563288772023714 -0.051838590887332225 0.046045069251804689 0.0091511680791323963 0.040303665932685778 0.030034403117314153 0.041629057749880211 -0.048943271993281655 0.026716081547854216 -0.0460364665409645 0.0096186783605217933 0.036965716655182078 0.047469802881682926 -0.0067167594961026079 -0.052010846432991448
leaf_weight=0.85612422274426137 2.0783818301279116 1.711907569319006 0.58143696002662348 1.7177461814135311 0.80390760675072659 5.9789952822029582 1.4598342543467882 0.97111015301197801 1.1293550678528843 1.1883383654057968 5.2525577689521015 0.83039980102330446 1.1096768043935297 2.2403662987053385
leaf_count=14 108 15 14 12 10 56 24 10 19 20 52 8 15 104
internal_value=0.0105551 -0.00511747 0.00864572 -0.00333607 -0.0240112 0.018179 0.00854647 0.0176898 -0.0124007 -0.0226642 0.0267982 -0.00486785 0.0340609 -0.0394083
internal_weight=27.9101 9.13375 7.05536 5.34346 3.62571 18.7764 11.6877 9.03955 2.10047 2.64817 6.93908 1.68652 7.08867 2.8218
internal_count=481 263 155 140 128 218 147 103 29 44 74 22 71 118
is_linear=0
shrinkage=0.05


Tree=98
num_leaves=15
num_cat=0
split_feature=19 53 32 56 163 75 75 107 177 153 184 20 180 138
split_gain=1.46639 1.55726 1.52438 1.27317 1.45098 1.21849 1.01989 1.19628 1.05913 0.984425 0.889096 1.0815 0.838179 0.732545
threshold=280547.00000000006 -0.20199920044416311 3.5000000000000004 3.5000000000000004 0.059681877575549526 0.053410651138389435 0.0039221546785993605 -0.01325349103827087 -0.025988210541970539 0.39035320373616816 0.025666422942043035 2934.5000000000005 0.03703914651099656 0.037692820571566359
decision_type=2 2 10 2 2 2 2 2 2 2 2 2 2 2
left_child=1 2 3 6 10 -4 7 12 -9 -7 11 -5 -1 -12
right_child=-2 -3 5 4 -6 9 -8 8 -10 -11 13 -13 -14 -15
leaf_value=0.037609049993317274 0.053061100555162805 -0.05178816498573359 -0.045293896843581011 -0.052152176898275338 -0.053656703443390685 -0.031291746196354775 0.035263499998119861 0.01701961312692335 -0.048315228844851933 0.0466511032292133 -0.053298539747043253 0.037884270040538133 -0.026300305957476712 0.031194877685341543
leaf_weight=2.846407155971983 1.6860369853675354 1.1565685251262063 2.1906273136846717 0.39225633908063162 1.2688169588800517 0.73415178991854169 6.922604592051357 1.1185419438406912 1.3925507266539998 0.90386016480624676 0.83840141585096695 2.2276062513701618 0.62583674839697767 0.36961447773501277
leaf_count=37 13 65 56 15 41 13 77 16 41 9 24 31 13 8
internal_value=0.00805296 0.00475185 0.0077472 0.0138402 -0.00731882 -0.0209027 0.0221961 0.00707744 -0.0192125 0.0117174 0.00804067 0.0244037 0.02609 -0.0274462
internal_weight=24.6739 22.9878 21.8313 18.0026 5.0967 3.82864 12.9059 5.98334 2.51109 1.63801 3.82788 2.61986 3.47224 1.20802
internal_count=459 446 381 303 119 78 184 107 57 22 78 46 50 32
is_linear=0
shrinkage=0.05


Tree=99
num_leaves=15
num_cat=0
split_feature=114 75 112 49 125 152 93 174 114 133 142 136 75 117
split_gain=2.28155 2.00988 1.67066 1.45637 1.40473 1.03829 0.851612 0.810755 0.789176 0.754388 0.555812 0.52144 0.424091 0.781749
threshold=-0.12112697003563729 -0.018239860947965984 -0.0030542699706037463 6544.5000000000009 0.050395896760170415 0.045746196505319234 -0.10517572501089745 0.074062606634176131 -0.10159478913661597 -0.070391287910360117 -0.038098642707659426 0.047213255612202298 -0.0172603040540724 -0.017877676581955184
decision_type=2 2 2 2 2 2 2 2 2 2 2 2 2 2
left_child=4 6 7 9 5 10 -2 8 -3 -4 -1 -5 13 -12
right_child=1 2 3 11 -6 -7 -8 -9 -10 -11 12 -13 -14 -15
leaf_value=0.0055693918562636805 0.033533447805494894 0.051688471663113272 0.043187854154409053 0.040302163538197072 -0.026445230616692395 -0.011476180272051426 -0.05169286223323899 0.016252988961457947 -0.052863039081572562 -0.040342630387023994 -0.0044385004119570099 -0.00055208150998367514 0.050433025868992822 0.045475397852121124
leaf_weight=1.3897662796080084 0.32680368237197432 0.19849368184804994 0.34135183691978443 3.7286098599433899 1.3167885020375241 1.4125501103699196 2.8432043134234837 0.77070507407188404 1.9899306760635216 1.2985778551083047 1.2606291603296997 0.98798904940485943 4.2525726146996092 2.0767270773649189
leaf_count=18 5 2 3 38 17 16 161 13 72 41 16 14 43 16
internal_value=0.00635177 -0.00851716 0.00318519 0.0176322 0.0222069 0.0283716 -0.0429067 -0.0278486 -0.04338 -0.0229557 0.0346398 0.0317444 0.0399628 0.0266213
internal_weight=24.1947 12.4857 9.31566 6.35653 11.709 10.3922 3.17001 2.95913 2.18842 1.63993 8.9797 4.7166 7.58993 3.33736
internal_count=475 349 183 96 126 109 166 87 74 44 93 52 75 32
is_linear=0
shrinkage=0.05


Tree=100
num_leaves=15
num_cat=0
split_feature=67 147 51 39 182 135 71 176 53 89 164 150 136 93
split_gain=1.5842 1.86279 1.18387 1.42943 1.23616 1.06503 0.938393 1.22306 1.78873 1.49844 0.985409 0.988503 0.710644 0.547779
threshold=1.0000000180025095e-35 -0.062021705012572516 -0.01152891308738584 0.047804327401621598 0.039689349689168478 0.056656540231139488 0.53571428571428581 0.029102425600433916 -0.41644426004752649 0.029991502198834803 -0.068501075780190865 0.049302161396256143 -0.10547855856554746 -0.071891683492524186
decision_type=2 2 2 2 2 2 10 2 2 2 2 2 2 2
left_child=1 -1 3 5 -5 -3 7 10 9 -9 -2 -12 -4 -8
right_child=6 2 12 4 -6 -7 13 8 -10 -11 11 -13 -14 -15
leaf_value=0.042194549696097511 -0.05294001145425975 -0.053764353477121524 0.053147191113476759 0.043225579988893176 -0.029054928972813449 0.034368262022436258 0.040297112026282604 0.035524464922142278 -0.054478346086317408 -0.03166232090587956 0.039798715493980452 -0.013348025100381475 -0.050931791646151969 -0.053294958501112502
leaf_weight=1.5467733363620935 0.33376430999487894 1.5950505267828696 0.17522171139717135 1.8816336966119709 0.86273759370669711 0.43662413302808989 0.20304207666777074 2.989112998591736 1.1151450281031436 1.1488195923157034 8.6849493491463292 0.97292380640283305 2.562816469930115 0.67968293488957066
leaf_count=20 12 46 1 25 14 7 5 37 30 27 108 18 96 33
internal_value=0.00895572 -0.00777342 -0.0180593 -0.00303241 0.020503 -0.0348239 0.0183546 0.0212569 0.00172491 0.0168713 0.0315257 0.0344448 -0.0442712 -0.0317672
internal_weight=25.1883 9.06086 7.51408 4.77605 2.74437 2.03167 16.1274 15.2447 5.25308 4.13793 9.99164 9.65787 2.73804 0.882725
internal_count=479 209 189 92 39 53 270 232 94 64 138 126 97 38
is_linear=0
shrinkage=0.05


Tree=101
num_leaves=15
num_cat=0
split_feature=17 101 39 123 32 145 114 84 75 190 92 102 141 165
split_gain=1.52127 1.41537 1.34549 1.61245 1.12228 0.983402 1.06219 0.894413 0.87751 0.86903 0.800266 0.773201 0.77152 0.662327
threshold=248485.50000000003 0.06469390994142267 0.066859297301903459 0.026730771559401657 3.5000000000000004 0.025644844761073388 -0.16642244318678603 -0.00060109862145696369 0.05853242388945238 -0.079010108616678051 -0.06323329791253747 0.053356185977628069 -0.076683639414896615 0.048992362970799473
decision_type=10 2 2 2 10 2 2 2 2 2 2 2 2 2
left_child=1 2 3 4 5 10 -7 8 -4 -3 -1 -6 -5 -12
right_child=-2 9 7 12 11 6 -8 -9 -10 -11 13 -13 -14 -15
leaf_value=-0.035832561963156248 0.048879701259741261 0.029982123459333068 -0.04152473398461249 0.030948431033148795 -0.054105702545691338 0.037724517282363847 -0.044817679016669741 0.04472611215213082 0.024515314497762689 -0.044622201742925034 0.037806981310793568 0.026830252795395578 -0.049921106618633117 0.0057618700496545397
leaf_weight=0.54977553384378985 2.110508181154727 0.4809768847189847 0.70700519531965289 0.34704067930579219 1.0872580506838847 0.56985772028565396 1.2332071089185772 3.5535205570049575 1.7433404857292769 2.0714821554720393 4.6820797605905726 0.40500751323997963 1.9640891738235939 2.4594809650443494
leaf_count=17 15 8 20 6 35 7 44 41 26 55 64 9 77 47
internal_value=0.00834181 0.00442696 0.00905418 0.000183882 0.00816939 0.0145048 -0.0187303 0.0287008 0.00546059 -0.030564 0.0222961 -0.0321393 -0.0377777 0.026771
internal_weight=23.9646 21.8541 19.3017 13.2978 10.9867 9.4944 1.80306 6.00387 2.45035 2.55246 7.69134 1.49227 2.31113 7.14156
internal_count=471 456 393 306 223 179 51 87 46 63 128 44 83 111
is_linear=0
shrinkage=0.05


Tree=102
num_leaves=15
num_cat=0
split_feature=114 172 39 182 4 75 190 188 116 82 50 76 136 81
split_gain=1.61562 1.5857 1.4181 1.04889 1.05969 1.03694 0.959456 0.945586 0.942295 0.743419 0.500089 0.486425 0.626711 0.356056
threshold=-0.032341764833718673 -0.033986870482336028 0.027628004755417466 -0.0013624537456972386 8.5000000000000018 -0.049763855267535066 0.021079662416589595 -0.045330295355032919 0.054449913910122875 0.07130207584256977 0.014817730305977482 -0.046137567622267145 -0.00094772165044258218 -0.062949681327749016
decision_type=2 2 2 2 8 2 2 2 2 2 2 2 2 2
left_child=3 -2 -3 4 6 -4 -1 -6 10 11 -7 12 -5 -13
right_child=1 2 5 9 7 8 -8 -9 -10 -11 -12 13 -14 -15
leaf_value=-0.045197070332039721 -0.052118435065458414 -0.051340364931094541 -0.050855978005081626 -0.028765238291799267 -0.026547103793946265 -0.015257428917325625 0.012333084210733038 0.039410108417834259 -0.029911266662397164 -0.01664307928861079 0.041407794564981421 0.016179656581724652 0.038645239907140715 0.045069518183821822
leaf_weight=1.5343961692415189 1.6276083763223148 0.96453141351230254 0.52709124353714365 0.64058829098939896 0.70703063160181079 0.44666321575641577 1.3734197858721016 2.3479002015665174 0.68765105120837677 0.77036321908235628 3.0351149281486869 1.3017003596760304 0.74667868344113031 5.9029912976548102
leaf_count=27 78 71 44 12 9 15 19 31 21 11 33 20 11 60
internal_value=0.0107547 -0.0086243 0.0038807 0.0199714 0.00358051 0.0152215 -0.0180244 0.024145 0.0235749 0.0304106 0.0341384 0.0346295 0.00751759 0.0398499
internal_weight=22.6137 7.28866 5.66105 15.3251 5.96275 4.69652 2.90782 3.05493 4.16943 9.36232 3.48178 8.59196 1.38727 7.20469
internal_count=462 262 184 200 86 113 46 40 69 114 48 103 23 80
is_linear=0
shrinkage=0.05


Tree=103
num_leaves=15
num_cat=0
split_feature=17 138 53 54 147 39 0 116 4 159 48 134 156 154
split_gain=1.35829 1.3377 1.3718 1.50578 1.34689 1.90513 1.2108 1.17651 0.872307 1.22566 0.77228 0.688421 0.677503 0.567437
threshold=248485.50000000003 -0.037376579330709946 -3.0507714640888 23.500000000000004 -0.0074713599980317236 0.07966109272959572 698.50000000000011 -0.058651241242661932 3.5000000000000004 0.060316066274559238 23.466228070175443 -0.087426785503955454 -0.14993470753934487 -0.20783834597345097
decision_type=10 2 2 2 2 2 2 2 8 2 8 2 2 2
left_child=1 7 -3 4 6 11 -4 -1 9 -8 -5 -6 -9 -12
right_child=-2 2 3 10 5 -7 8 12 -10 -11 13 -13 -14 -15
leaf_value=-0.031893305781235108 0.047692941238535118 0.031945689080659305 -0.05432816702103288 0.035505497801140741 0.020968781891912411 0.023545924178751496 -0.053907545471189103 -0.025152338320489073 0.037829594494342637 0.041045463870568386 0.019313965486207067 -0.050500944196906344 0.037854651143186369 -0.054406104589042027
leaf_weight=0.80838750256225456 2.0529406601563087 2.4472181224264267 0.53188470005989597 0.31514263525605146 0.38366088899784356 1.7269611405208705 0.71974216401576974 0.46525062574073661 3.6314979051239789 0.64389172103255987 0.29039942286908704 2.7667424844112087 5.1426721499301555 2.5807660643476988
leaf_count=23 17 30 21 5 8 27 20 15 54 11 6 103 69 73
internal_value=0.00876328 0.00520402 -0.00251514 -0.00872035 0.000489771 -0.0186608 0.0173893 0.0244985 0.0250258 -0.00907186 -0.0387945 -0.0417973 0.0326274 -0.0469498
internal_weight=24.5072 22.4542 16.0379 13.5907 10.4044 4.87736 5.52702 6.41631 4.99513 1.36363 3.18631 3.1504 5.60792 2.87117
internal_count=482 465 358 328 244 138 106 107 85 31 84 111 84 79
is_linear=0
shrinkage=0.05


Tree=104
num_leaves=15
num_cat=0
split_feature=17 114 45 98 158 164 41 32 159 117 141 141 85 189
split_gain=1.4155 1.58922 1.32247 1.20764 1.13352 1.10899 1.00976 1.16961 0.917596 0.866823 0.755376 1.16148 0.477211 0.44481
threshold=248485.50000000003 -0.12112697003563729 0.071288083752406958 0.083236279056282461 -0.070738940710206824 -0.038072357337029704 0.06890252197855197 3.5000000000000004 -0.022762370600955682 0.096464824501689736 0.011885786617823735 -0.030908532982117248 -0.095842752556725141 -0.088630799180348704
decision_type=10 2 2 2 2 2 10 10 2 2 2 2 2 2
left_child=1 3 4 6 -3 -6 7 8 -1 13 11 -7 -13 -4
right_child=-2 2 9 -5 5 10 -8 -9 -10 -11 -12 12 -14 -15
leaf_value=-0.017989105465906558 0.048796569331932049 -0.052209854660380653 0.018610331837683389 -0.042533498121329637 -0.04246399968724493 0.026888206238402958 0.045163454745908424 -0.040387442497100634 0.037317509163468404 0.028994139880841888 0.03689189896794564 0.033773935092166293 -0.05265238151605011 -0.04912093417015613
leaf_weight=1.0314564630389207 1.9435963034629811 0.81315245176665474 0.26506531587802173 0.71831677202135402 0.86013216129504133 1.6721955146640537 3.5568276047706604 0.92930009774863709 2.7479746155440834 0.47819604957476247 2.8018932621926069 0.19147930317558326 0.96294712740927979 2.8350621266290523
leaf_count=18 16 33 12 11 38 27 42 13 28 11 39 5 31 152
internal_value=0.00807243 0.00408777 -0.00876343 0.0196515 0.00343968 0.0104136 0.0250557 0.00986689 0.0222236 -0.0336647 0.0184942 0.000257512 -0.0383173 -0.0433298
internal_weight=21.8076 19.864 10.8801 8.98388 7.3018 6.48865 8.26556 4.70873 3.77943 3.57832 5.62852 2.82662 1.15443 3.10013
internal_count=476 460 348 112 173 140 101 59 46 175 102 63 36 164
is_linear=0
shrinkage=0.05


Tree=105
num_leaves=15
num_cat=0
split_feature=29 54 86 41 108 0 57 0 119 50 140 175 185 135
split_gain=1.28156 1.23663 1.21903 1.444 1.04658 0.910709 0.858268 0.972319 0.970942 0.957229 0.858736 1.01865 0.841738 0.795072
threshold=3.5000000000000004 25.500000000000004 -0.029654085138480123 0.150279825454572 0.0054512897900604873 557.50000000000011 -1.0000000180025095e-35 1001.5000000000001 -0.078373341500952501 0.010522666020364252 -0.017115951560937422 0.028345088880287878 0.011170087677644375 0.056656540231139488
decision_type=2 2 2 10 2 2 2 2 2 2 2 2 2 2
left_child=1 5 4 -4 -2 -1 9 8 -8 -7 -9 -12 -5 -3
right_child=2 13 3 12 -6 6 7 10 -10 -11 11 -13 -14 -15
leaf_value=-0.052035965300296853 0.038379728903454792 -0.048305129136287601 -0.052758594099847116 0.04423459013529548 -0.021456659735504528 -0.05150003792006435 0.049303311900275898 0.040854534174669867 -0.052845989174178737 0.040981507686508795 -0.033025718479456845 0.036434361118426663 -0.030857516750998067 0.026358096042169866
leaf_weight=0.41727760876529174 1.7173014245927336 1.1563429932575662 2.4799234748352315 0.80408428795635678 1.2720810514874754 0.29427054082043369 0.30429720366373658 2.4077539856079953 0.98771112342364975 5.6893841938581318 1.2069135343190298 0.93808929575607169 0.69639790989458561 0.51552223507314909
leaf_count=18 28 31 105 11 32 17 4 33 40 77 33 16 12 9
internal_value=0.00628957 0.015054 -0.0112117 -0.0293332 0.0129174 0.0205611 0.0231221 0.00949456 -0.0287875 0.0364334 0.0203585 -0.00264825 0.00938314 -0.0252826
internal_weight=20.8874 13.9176 6.96979 3.98041 2.98938 12.2457 11.8284 5.84477 1.29201 5.98365 4.55276 2.145 1.50048 1.67187
internal_count=466 278 188 128 60 238 220 126 44 94 82 49 23 40
is_linear=0
shrinkage=0.05


Tree=106
num_leaves=15
num_cat=0
split_feature=114 10 39 104 80 85 142 75 103 148 89 50 115 163
split_gain=1.40624 1.48371 1.48587 1.33756 1.15904 0.95772 0.964495 0.721739 0.941757 0.721175 0.668693 0.655935 0.443591 0.43657
threshold=-0.12112697003563729 1922490.5000000002 0.040724927793641334 0.0065495019877478923 0.01827368967955743 -0.083398745894126783 -0.04308246875009817 -0.028938921058493484 0.024910586646816103 -0.0096507802010741116 -0.10746087198392269 0.018731140667858148 0.13624787676808089 -0.042772677376394917
decision_type=2 2 2 2 2 2 2 2 2 2 2 2 2 2
left_child=5 2 12 4 10 -1 -7 8 -8 11 -4 -5 -2 -6
right_child=1 -3 3 9 13 6 7 -9 -10 -11 -12 -13 -14 -15
leaf_value=-0.016991447734717162 -0.051558525123407001 0.031070775359135258 0.051919081713924981 -0.052530901395704536 -0.0011514387668264678 -0.008267778328121202 -0.026348551387495169 0.048634059966932139 0.041054093978854088 -0.052849555315949565 -0.05176464527487834 0.021501029727429954 0.031020846214857047 0.046418982483643074
leaf_weight=1.4070216305553911 2.4555520412977772 2.2327195275574914 0.19774528592824969 0.43765067961066983 0.63013985473662648 1.4929317757487295 0.89226798713207189 4.1342381313443211 1.2362535707652567 1.396851079072803 0.7279952703975141 0.9457948578055948 0.17415572749450792 2.0557694972958416
leaf_count=18 164 30 2 15 14 19 14 52 12 49 38 20 3 22
internal_value=0.00641784 -0.00542224 -0.0144537 -0.00143839 0.0186296 0.0209608 0.027846 0.0364549 0.0127992 -0.027507 -0.029617 -0.00191885 -0.0460896 0.0352585
internal_weight=20.4171 11.2544 9.02165 6.39195 3.61165 9.16271 7.75569 6.26276 2.12852 2.7803 0.925741 1.38345 2.62971 2.68591
internal_count=472 357 327 160 76 115 97 78 26 84 40 35 167 36
is_linear=0
shrinkage=0.05


Tree=107
num_leaves=15
num_cat=0
split_feature=29 126 177 50 57 0 51 78 61 157 92 170 88 161
split_gain=1.10132 1.12996 1.10602 1.06692 1.2872 0.949342 1.1584 0.819251 0.860818 0.801383 0.656125 0.638648 0.638517 0.599646
threshold=3.5000000000000004 0.011958626202372355 -0.0074808227310473483 0.0085741983255793203 -1.0000000180025095e-35 1876.5000000000002 -0.018420577037277834 -0.018824460375344739 436.50000000000006 -0.016139238416116756 0.056540455303168168 0.05199336153578249 0.086842864180066218 -0.092814276645004426
decision_type=2 2 2 2 2 2 2 2 2 2 2 2 2 2
left_child=3 2 9 10 -5 6 -6 -7 -9 -2 -1 13 -3 -4
right_child=1 12 11 4 5 7 -8 8 -10 -11 -12 -13 -14 -15
leaf_value=-0.052594444042960466 -0.019238617209389589 -0.048687811718863702 0.041364415094004382 0.034995202330919184 0.017194230524817847 0.041417747365890795 -0.052901619111242817 -0.046286172327933472 0.034862464453555383 0.042348586869734944 0.017421221953931067 0.023683853640023868 0.022306735717547668 -0.049619207395089363
leaf_weight=0.85943980864249414 0.71229400043375823 1.925070508848876 0.20843994896858942 6.9258536316920072 1.0762114564422516 1.9050969774834814 1.3030295833013936 0.72733219573274233 0.59345722943544388 2.0437221331521869 0.54793833568692207 0.57825327315367747 0.37907555163837958 1.3804689031094304
leaf_count=38 26 71 4 106 19 25 54 18 9 33 16 15 7 47
internal_value=0.00772996 -0.00810907 0.00541615 0.0159428 0.0205788 0.00276551 -0.0211949 0.0204374 -0.00982446 0.0264313 -0.0253351 -0.0213092 -0.0370079 -0.0376836
internal_weight=21.1657 7.22732 4.92318 13.9384 12.531 5.60513 2.37924 3.22589 1.32079 2.75602 1.40738 2.16716 2.30415 1.58891
internal_count=488 203 125 285 231 125 73 52 27 59 54 66 78 51
is_linear=0
shrinkage=0.05


Tree=108
num_leaves=15
num_cat=0
split_feature=114 38 32 40 33 0 110 115 146 4 160 146 189 75
split_gain=1.06779 1.40656 1.34777 1.12608 1.33287 1.06501 0.882205 0.874987 0.833726 0.777135 0.716365 0.597472 0.556722 0.471796
threshold=-0.052559491032606521 0.12726452491863108 1.5000000000000002 0.063599530248273375 3.5000000000000004 1052.0000000000002 -0.033993335263659337 -0.095149209691541101 -0.014511084119746763 58.500000000000007 0.012310777379478976 -0.023777036458967171 -0.052082294897010099 -0.016013518036353997
decision_type=2 2 8 8 2 2 2 2 2 10 2 2 2 2
left_child=3 2 -2 4 6 7 -1 -5 -3 -4 -9 -8 -6 -10
right_child=1 8 9 5 12 -7 11 10 13 -11 -12 -13 -14 -15
leaf_value=-0.024738313248808146 0.034142798444290336 -0.034590439296788268 -0.047466592142255674 0.051559565728366799 0.013576501298843247 0.042692555619937983 -0.010168606979231172 -0.046098248112044479 -0.0068246297547829102 0.011514255490213527 0.021224670867829178 0.04528713169181145 -0.054426800399297863 0.046494121542918744
leaf_weight=1.0090444753877821 0.77991216978989442 0.57912150351330671 3.3605289595434442 0.60602173954248462 0.38907880708575238 4.3159001357853413 0.65985350683331523 0.97303108125925042 0.55699250590987581 0.6698038107715546 0.66531471163034439 1.8402222911827282 1.3289896203204987 1.626245100051164
leaf_count=19 16 18 206 7 7 57 15 14 22 18 10 19 26 18
internal_value=0.00495818 -0.00969213 -0.026022 0.01437 -0.00294303 0.0281649 0.0147235 0.000228249 0.0187439 -0.0376645 -0.0187591 0.0306505 -0.0390266 0.0328913
internal_weight=19.3601 7.5726 4.81024 11.7875 5.22719 6.56027 3.50912 2.24437 2.76236 4.03033 1.63835 2.50008 1.71807 2.18324
internal_count=472 298 240 174 86 88 53 31 58 224 24 34 33 40
is_linear=0
shrinkage=0.05


Tree=109
num_leaves=15
num_cat=0
split_feature=32 78 33 88 171 114 38 115 5 134 112 43 165 0
split_gain=0.997652 1.01717 1.19179 0.901668 0.901755 0.888815 1.14606 1.57803 1.0203 0.822478 0.84634 0.633714 0.624934 0.447043
threshold=3.5000000000000004 -0.07018025811981185 4.5000000000000009 0.0094856982930143184 -0.012805803392418507 -0.13481770704475884 0.1255514372334752 0.035339392680255967 4.5000000000000009 0.021590482053661056 0.011209896237245517 0.14926388674066454 -0.053323673216774371 1192.5000000000002
decision_type=10 2 2 2 2 2 2 2 10 2 2 2 2 2
left_child=1 12 5 4 -4 -3 7 11 13 -2 -11 -7 -1 -9
right_child=9 2 3 -5 -6 6 -8 8 -10 10 -12 -13 -14 -15
leaf_value=0.014582419538574851 -0.040143458077418898 0.042316109854746209 0.039699207915366241 -0.053758492760604404 -0.029469628926561353 0.052859953668561326 0.037336394062476429 -0.0064246919863892296 -0.052708705830163231 -0.027044323109800233 0.044924464896417882 -0.051640875410472742 -0.052275041857096409 0.040587011741341571
leaf_weight=0.56959763052873313 1.76881113089621 4.2302460027858642 1.0003809556365013 0.89660027949139465 0.89078020979650419 0.16096484661101751 3.1979733069892973 0.65755297942087132 0.43232721230015148 0.81432951241731621 0.81970497989095747 1.4696699115447698 0.9046307207318065 2.1894300654530525
leaf_count=15 60 52 17 24 21 1 40 26 15 24 14 88 52 31
internal_value=0.00814618 0.0132018 0.0170658 -0.0124604 0.0071191 0.0237371 0.0140437 -0.00112751 0.0188608 -0.0165169 0.00905845 -0.0413253 -0.0264433 0.029729
internal_weight=20.003 16.6002 15.1259 2.78776 1.89116 12.3382 8.10792 4.90995 3.27931 3.40285 1.63403 1.63063 1.47423 2.84698
internal_count=480 382 315 62 38 253 201 161 72 98 38 89 67 57
is_linear=0
shrinkage=0.05


Tree=110
num_leaves=15
num_cat=0
split_feature=41 51 181 99 54 144 98 35 114 138 137 0 104 89
split_gain=1.19373 1.38872 1.17333 0.996707 0.992856 0.862215 0.82265 0.728851 0.842111 0.664085 0.861103 0.472157 0.855603 0.417271
threshold=0.088243445082256705 -0.020687112966477132 0.10073120439446169 0.045128734211251791 16.500000000000004 0.048424519581639937 0.066186887593765828 4.5000000000000009 -0.062559133729086169 -0.019643208648736976 0.025380918067434668 1018.5000000000001 0.0068180487780401889 0.06430134115570009
decision_type=8 2 2 2 2 2 2 2 2 2 2 2 2 2
left_child=1 3 6 4 -1 -6 7 11 -9 10 -3 12 -2 -13
right_child=2 9 -4 -5 5 -7 -8 8 -10 -11 -12 13 -14 -15
leaf_value=0.039237922307204048 0.031007539532900631 -0.042252152858343606 -0.052189132542228435 0.045520101512253483 -0.04686577663251372 0.034294808188589924 -0.027587853329165853 0.027378316661021203 -0.052047228963995787 -0.052160856873108209 0.030437056018375937 0.042102930353261389 -0.041614717846760886 0.0089602746171936736
leaf_weight=0.784087179228666 1.2234107903204821 0.89847105625085733 0.60891415574587959 1.3138868855312464 1.4069810558576135 0.42641629627905775 0.8585406271740802 0.69751284271478653 0.63987176679074831 2.0049430248327518 0.74549197545275092 5.0238493829965591 0.60670840344391752 1.1710681365802882
leaf_count=11 19 48 22 20 39 7 19 9 21 117 16 76 17 24
internal_value=0.00458636 -0.0106319 0.0152382 0.00998604 -0.00785084 -0.0279892 0.0192552 0.0235507 -0.0106228 -0.0328458 -0.0092896 0.0292458 0.00693231 0.0358377
internal_weight=18.4102 7.58028 10.8299 3.93137 2.61748 1.8334 10.221 9.36242 1.33738 3.64891 1.64396 8.02504 1.83012 6.19492
internal_count=465 258 207 77 57 46 185 166 30 181 64 136 36 100
is_linear=0
shrinkage=0.05


Tree=111
num_leaves=15
num_cat=0
split_feature=114 120 0 45 135 119 50 29 39 150 150 14 27 82
split_gain=1.09464 1.42537 1.08882 1.02184 0.966282 1.23455 0.87604 1.11517 0.745699 0.675818 0.788165 1.07539 0.491705 0.466488
threshold=-0.0535315074036012 -0.023270812335037354 34219.000000000007 0.02126348615762675 0.059161863805271324 -0.080940609098281505 0.028056822274138814 1.5000000000000002 0.099047736002543282 0.040565036680937493 0.032936305121529293 151728.50000000003 1.5000000000000002 -0.014967338411612652
decision_type=2 2 2 2 2 2 2 2 2 2 2 2 2 2
left_child=3 6 8 13 5 -5 7 -2 -3 10 11 12 -7 -1
right_child=1 2 -4 4 -6 9 -8 -9 -10 -11 -12 -13 -14 -15
leaf_value=0.010456720881947143 0.028846855828036935 -0.051549249123467679 0.051645900012334371 0.04995304043704582 0.043498163634859179 0.0013559775317412582 0.045473895464407527 -0.045512121173137736 0.0052262703180303016 -0.05483941046317841 0.050374157927623675 0.028402579565351027 -0.050729120581348069 0.046273011962880438
leaf_weight=1.3421736136078832 1.050893535604702 2.7176823705667621 0.36230592429637898 0.83381316624581803 1.2076760679483411 0.64204244315624359 1.3260613421443848 0.96925482293590892 0.73468134365975846 0.90725715178996313 0.52015404356643546 0.94695982243865717 1.5399552171584217 2.8176210913807171
leaf_count=21 23 176 4 8 14 10 15 66 12 16 7 15 41 35
internal_value=0.00522659 -0.00992056 -0.0308135 0.0153094 0.00307345 -0.00598375 0.0138973 -0.00683013 -0.0394671 -0.0162202 -0.00661848 -0.0160929 -0.0354033 0.0347167
internal_weight=17.9185 7.16088 3.81467 10.7577 6.59786 5.39018 3.34621 2.02015 3.45236 4.55637 3.64911 3.12896 2.182 4.15979
internal_count=463 296 192 167 111 97 104 89 188 89 73 66 51 56
is_linear=0
shrinkage=0.05


Tree=112
num_leaves=15
num_cat=0
split_feature=114 13 45 78 164 186 182 45 53 91 75 75 41 148
split_gain=1.23247 1.07192 1.23141 0.940511 1.12596 0.910284 0.900665 0.852741 0.777201 0.760488 0.652544 0.574044 0.57372 0.567178
threshold=-0.12263837469701476 1291061.0000000002 0.071288083752406958 -0.018824460375344739 0.026136862574856718 0.03594030318357349 -0.021893430138054722 0.12648880134591969 -0.91913578507199545 0.059766876699529028 0.032263461081288441 -0.035922142627109445 0.12989968405798649 -0.020173813293672713
decision_type=2 2 2 2 2 2 2 2 2 2 2 2 8 2
left_child=6 2 3 5 -5 11 7 10 -6 -8 -1 -2 -4 -14
right_child=1 -3 12 4 8 -7 9 -9 -10 -11 -12 -13 13 -15
leaf_value=-0.012372789114411436 -0.023831982131843451 0.049397256075002255 -0.051593936134677477 -0.047091546559652933 0.050250764643966953 -0.032443504491240831 0.041379994895158784 -0.047261986537115941 -0.021822580106506631 -0.011083744955867881 0.051106787692225555 0.03938212729044159 0.025049057843643741 -0.041174927874523266
leaf_weight=0.86197290569543861 0.4110959336394443 0.90488661453127939 1.8232564257923511 1.5152956161182349 0.74482216872274876 0.67423085728660215 4.8486763536930102 0.74154322873800982 0.75138779566623248 0.80548845790326584 0.76336399093270302 2.8413016523700207 0.64680689945816994 0.64646086446009599
leaf_count=12 26 6 142 64 8 30 64 13 20 13 12 38 12 25
internal_value=0.00817274 -0.00272714 -0.00741817 0.00430921 -0.0167116 0.020431 0.0230658 -0.0028302 0.014056 0.033906 0.0174414 0.031392 -0.0335261 -0.00805408
internal_weight=18.9806 10.9595 10.0547 6.93813 3.01151 3.92663 8.02104 2.36688 1.49621 5.65416 1.62534 3.2524 3.11652 1.29327
internal_count=485 371 365 186 92 94 114 37 28 77 24 64 179 37
is_linear=0
shrinkage=0.05


Tree=113
num_leaves=15
num_cat=1
split_feature=79 86 144 147 40 170 2 120 126 77 92 165 114 84
split_gain=1.36519 0.963113 1.1879 1.05752 0.883498 0.877665 0.855091 0.623145 0.549182 0.518357 0.505621 0.719702 0.476554 1.13627
threshold=0.069506983077026505 -0.032454142649734036 -0.033100604992747612 -0.021672214412788462 0.065048042347855203 0.015815144543698138 0 -0.026226181543809412 0.034544838362056754 -0.083955692346571242 -0.029227499642171546 -0.059355344240178166 -0.1133437774194246 0.03444961440113354
decision_type=2 2 2 2 10 2 1 2 2 2 2 2 2 2
left_child=1 8 12 6 -5 7 -4 -6 10 -2 11 -1 -3 -14
right_child=9 2 3 4 5 -7 -8 -9 -10 -11 -12 -13 13 -15
leaf_value=0.042663972520986228 0.033568736576768565 0.050968501045124515 0.024994053859792604 -0.050080331609883094 0.040032439127248257 0.024181819148979083 -0.05307026998767083 -0.052858631508090115 -0.018572221269591845 -0.048568331784051927 0.039730030422545609 -0.034819857826234528 -0.051460061868673204 0.040414730000084435
leaf_weight=0.58884773124009371 0.22421336453407992 1.378303178586066 2.6234472827054596 1.8523336827056409 0.22218583943322301 1.2869319543242452 0.40493513387627933 0.96329940622672461 0.58936722832731891 1.3404371151700605 4.5441612709546506 0.61029055085964479 0.49949705321342097 1.0314969019964335
leaf_count=10 5 16 58 87 6 29 15 34 22 56 61 24 31 19
internal_value=0.00784895 0.0120584 0.00259636 -0.00810384 -0.0239711 -0.00441013 0.0145558 -0.0354488 0.0273923 -0.0367981 0.0321091 0.00322928 0.0296407 0.01044
internal_weight=18.1597 16.5951 10.2624 7.35313 4.32475 2.47242 3.02838 1.18549 6.33267 1.56465 5.7433 1.19914 2.9093 1.53099
internal_count=473 412 295 229 156 69 73 40 117 61 95 34 66 50
cat_boundaries=0 1
cat_threshold=2
is_linear=0
shrinkage=0.05


Tree=114
num_leaves=15
num_cat=0
split_feature=33 40 37 78 114 154 52 80 187 163 120 32 117 110
split_gain=0.991257 0.752264 0.733348 1.10131 0.69473 1.03289 1.27784 0.778735 0.662735 0.623685 0.615083 0.612148 0.551299 0.705562
threshold=4.5000000000000009 0.07780452822524532 0.4917489298727164 0.08205147474371817 -0.10159478913661597 0.0052859755849834255 -0.0055863783260840915 -0.022487870515250943 0.034731004689717217 -0.20348528346584902 0.10014189791086224 3.5000000000000004 -0.033242503842815553 -0.03626520520210564
decision_type=2 8 2 2 2 2 2 2 2 2 2 8 2 2
left_child=2 -2 3 10 -4 6 9 -7 11 -6 -1 -3 -5 -14
right_child=1 8 4 12 5 7 -8 -9 -10 -11 -12 -13 13 -15
leaf_value=-0.03366113491630162 -0.049454618875891386 0.050636933641995611 0.033903090256802541 0.050507836918584639 0.052775950006241149 -0.028596349180373567 0.046105992238676202 0.038437402197776534 -0.052483787688384832 -0.052042683562678729 0.044681345500729434 -0.012083667697297486 0.051692556261053936 -0.052652175244264438
leaf_weight=2.583190837642181 1.3930116035044182 0.65665747318416889 3.6924437559209764 0.93442476727068424 0.15673448145389568 0.53662311378866467 0.54526979289948752 2.2491593940649182 0.49862918653525401 1.500922377104871 0.27745063882321108 0.95449439669027936 0.27839319035410881 0.38751769810914971
leaf_count=117 47 9 57 9 1 42 6 42 16 68 6 22 3 17
internal_value=0.00269601 -0.0209386 0.00899537 -0.00748116 0.0174622 0.00529323 -0.0202912 0.0255247 -0.00211047 -0.0421319 -0.0260628 0.0134794 0.025734 -0.00902943
internal_weight=16.6449 3.50279 13.1421 4.46098 8.68115 4.98871 2.20293 2.78578 2.10978 1.65766 2.86064 1.61115 1.60034 0.665911
internal_count=462 94 368 152 216 159 75 84 47 69 123 31 29 20
is_linear=0
shrinkage=0.05


Tree=115
num_leaves=15
num_cat=0
split_feature=88 67 35 188 187 138 115 101 162 121 17 76 190 116
split_gain=0.928261 0.873359 1.08427 0.915681 1.05087 0.851407 0.775141 0.608804 0.640192 0.588526 0.56485 0.444643 0.783859 0.384611
threshold=-0.080616515415433868 1.0000000180025095e-35 4.5000000000000009 0.040913842236434676 -0.061586799691696829 -0.07742152868816593 0.084369876708406691 0.041842392628866194 -0.027579303687104078 -0.028139839231747874 486573.00000000006 -0.030620648859325462 -0.011706897036813465 -0.018912699369546253
decision_type=2 2 2 2 2 2 2 2 2 2 10 2 2 2
left_child=10 3 7 4 -2 -4 9 11 -9 13 -1 12 -3 -6
right_child=1 2 5 -5 6 -7 -8 8 -10 -11 -12 -13 -14 -15
leaf_value=-0.05233316422412481 -0.053835216333573493 -0.051412462095346105 0.045955430256629931 -0.04569553626524122 -0.041924452165432669 -0.052456659089258617 -0.05174876191146404 0.043048469992800119 -0.039725207374435446 0.031593800455266462 0.028798136320562964 0.036949940396838118 0.029907262997079534 0.027454782194043917
leaf_weight=1.0120403750333959 0.67706590238958586 0.42312576354015619 0.29731272580102086 1.1574096299009395 0.53072801884263754 0.84272729721851714 0.41078317910432804 0.3600281192921102 0.6651896408293394 2.8381187577033393 0.27224502805620421 5.5756008238531649 0.98895413451827863 0.32032086933031667
leaf_count=42 20 30 6 49 21 39 22 9 29 63 5 93 24 12
internal_value=0.00567219 0.00914582 0.0188324 -0.00579418 0.0038734 -0.0267916 0.0134034 0.0253235 -0.0106574 0.020658 -0.0351348 0.0306026 0.00554004 -0.0158112
internal_weight=16.3717 15.0874 9.15294 5.93443 4.77702 1.14004 4.09995 8.0129 1.02522 3.68917 1.28429 6.98768 1.41208 0.851049
internal_count=464 417 230 187 138 45 118 185 38 96 47 147 54 33
is_linear=0
shrinkage=0.05


Tree=116
num_leaves=15
num_cat=0
split_feature=89 168 44 182 182 82 129 162 32 111 105 120 164 29
split_gain=0.972395 0.881712 1.14427 1.02878 0.697874 0.736427 0.699539 0.692518 0.609831 0.463819 0.529605 0.450968 0.605948 0.258481
threshold=0.086026696115209564 -0.037186644722965422 58.000000000000007 -0.01865409483870142 0.022949535648998137 -0.093818731836723609 -0.022275140664313155 -0.072069219922931207 4.5000000000000009 0.019669109650783018 0.023192066271705291 -0.022274033737740492 0.026136862574856718 3.5000000000000004
decision_type=2 2 2 2 2 2 2 2 10 2 2 2 2 2
left_child=1 8 11 -4 6 -6 -5 -2 9 -1 -11 -3 -13 -8
right_child=7 2 3 4 5 -7 13 -9 -10 10 -12 12 -14 -15
leaf_value=0.039100200914884933 0.022629909272491783 0.038468504597221842 -0.047559433363615955 -0.034378380674398933 0.038453029270841516 -0.043221901172696066 0.039374262057663437 -0.048701715774515285 -0.026622997723950333 -0.041712522056023743 0.035896846175007026 -0.031177440685150298 0.03210867990792509 -0.0026683153007213186
leaf_weight=3.9381604741793135 0.46525002736598242 2.0422198222950105 1.5627973913215099 0.54182684852275942 0.35171021311543871 1.2819218725198878 1.5623746812343609 1.2665013417135913 0.49298972589895118 0.41930015827529121 0.46204672055318952 0.71090099273715146 0.80826793238520622 0.47726382047403593
leaf_count=65 11 33 76 28 8 57 32 44 16 23 11 24 17 16
internal_value=0.00589369 0.0100815 0.00083065 -0.0129099 -6.31177e-05 -0.0256378 0.0161214 -0.0295379 0.0263443 0.0317623 -0.00102576 0.0231229 0.00249369 0.0295365
internal_weight=16.3835 14.6518 9.33928 5.77789 4.2151 1.63363 2.58147 1.73175 5.3125 4.81951 0.881347 3.56139 1.51917 2.03964
internal_count=461 406 291 217 141 65 76 55 115 99 34 74 41 48
is_linear=0
shrinkage=0.05


Tree=117
num_leaves=15
num_cat=0
split_feature=67 114 38 137 23 109 112 157 66 66 181 164 157 114
split_gain=0.911558 0.876233 0.818199 0.83205 0.700441 0.650982 0.637664 0.628485 0.804546 0.517495 0.507668 0.590295 0.3432 0.33401
threshold=1.0000000180025095e-35 -0.096558121176314904 0.046541234108563354 -0.053708975931486234 -2317.9999999999995 0.019705427294691331 0.042677446746544882 -0.034555159519823998 10.500000000000002 9.5000000000000018 0.078173150160977714 -0.04777262610936172 0.093081213399348495 -0.056192750946847288
decision_type=2 2 2 2 2 2 2 2 2 2 2 2 2 2
left_child=1 4 3 -2 6 -3 -1 8 -4 -7 11 -9 -5 -13
right_child=2 5 7 12 -6 9 -8 10 -10 -11 -12 13 -14 -15
leaf_value=0.037779105943605409 0.042533396573462612 -0.051361612377989252 -0.046122365985766058 -0.051888221065974995 -0.025007066154047158 0.026487840356793135 -0.018953134520434602 -0.021448713919493892 0.02792713816429189 -0.051540667877885686 -0.016531622466601777 0.049093571910245937 0.011596193657077741 0.026281474302165538
leaf_weight=1.9188163280487067 0.45951485540717829 1.4250117897754546 0.67362738773226716 0.89656168594956465 1.0673450906760988 0.66636085009668011 0.66764257289469231 0.45511250849813123 0.80536502553150058 0.31197319261264056 0.54555238015018392 3.1514780446887007 0.2791799702681601 3.2691033270675689
leaf_count=30 10 103 37 47 19 27 13 18 17 20 19 44 9 63
internal_value=0.00910424 -0.00635178 0.0179903 -0.0145169 0.00907166 -0.0298 0.0231348 0.023963 -0.00579972 0.00160595 0.0298944 0.0335781 -0.0368138 0.0374786
internal_weight=16.5926 6.05715 10.5355 1.63526 3.6538 2.40335 2.58646 8.90024 1.47899 0.978334 7.42125 6.87569 1.17574 6.42058
internal_count=476 212 264 66 62 150 43 198 54 47 144 125 56 107
is_linear=0
shrinkage=0.05


Tree=118
num_leaves=15
num_cat=0
split_feature=181 29 86 41 55 44 126 57 75 159 40 116 50 51
split_gain=0.885682 0.786128 0.856269 0.946096 0.819931 0.824637 0.716414 0.641322 0.619988 0.713021 0.606223 0.510625 0.461552 0.581329
threshold=0.086297201482160593 3.5000000000000004 -0.027790634857482507 0.21254732784311536 3.5000000000000004 304.50000000000006 0.011958626202372355 1.0000000180025095e-35 0.029892756875534544 0.036800707365313406 0.049783513199801226 0.10617099756880204 0.010453891474334684 -0.031259353586960886
decision_type=2 2 2 10 2 2 2 2 2 2 8 2 2 2
left_child=1 4 6 11 7 -6 -3 12 9 -9 -11 -4 13 -1
right_child=-2 2 3 -5 5 -7 -8 8 -10 10 -12 -13 -14 -15
leaf_value=0.051472224738215222 -0.036270930651929892 0.03368243382981221 -0.047039403909896624 0.041753972087622382 0.030208103390447757 -0.035932572970878741 -0.034297328002687498 -0.051726399709399788 0.035836641897953776 0.050050613024614714 -0.029712885850498794 0.022041843228354153 0.038855412995104831 -0.051695319030483571
leaf_weight=0.23390062525868416 1.0594309667358164 1.6590793225914242 1.9501102794893084 0.45097304321825493 0.76821343461051483 1.2191791360964996 0.50569709483534087 0.71047318249475233 1.012703559361398 0.53149492491502315 0.43169471481814981 0.31002525007352222 5.4084603240480646 0.32805424113758075
leaf_count=3 56 32 88 7 15 40 23 36 23 8 14 7 92 20
internal_value=0.00796077 0.0109801 -0.00564632 -0.0243696 0.0185964 -0.0103663 0.0178022 0.0252455 0.00495704 -0.0137277 0.0143012 -0.0375635 0.0343742 -0.00875423
internal_weight=16.5795 15.5201 4.87588 2.71111 10.6442 1.98739 2.16478 8.65678 2.68637 1.67366 0.96319 2.26014 5.97042 0.561955
internal_count=464 408 157 102 251 55 55 196 81 58 22 95 115 23
is_linear=0
shrinkage=0.05


Tree=119
num_leaves=15
num_cat=0
split_feature=33 32 67 35 172 121 123 39 53 43 142 114 28 175
split_gain=0.889886 0.695199 1.23794 0.957119 0.814662 0.694578 0.607522 0.580565 1.05441 0.557208 0.459795 0.439479 0.7088 0.436643
threshold=4.5000000000000009 1.5000000000000002 1.0000000180025095e-35 4.5000000000000009 -0.020468037011290251 0.064134377623045066 -0.034848667297559845 0.091320035256187773 -0.46524012561216127 0.851413044525834 0.012009159199229203 -0.032341764833718673 1.5000000000000002 0.062018063981864484
decision_type=2 8 2 2 2 2 2 2 2 2 2 2 2 2
left_child=1 10 4 7 -3 6 13 8 11 -6 -1 -4 -13 -2
right_child=5 2 3 -5 9 -7 -8 -9 -10 -11 -12 12 -14 -15
leaf_value=0.048540060929567114 -0.030215540085654382 -0.048935535044267883 0.032831336497596626 -0.034178648355306283 0.022276512634002543 0.036834248674701135 -0.047101058853603071 0.048816447202062956 -0.045276850310659492 -0.038355821905754789 -0.0026336912229651395 0.032596060537050234 -0.051414400858943811 0.048211164094916964
leaf_weight=1.7618794860318279 0.36308444547467011 1.4040475223446267 3.1779373292811193 0.81406232772860665 1.1557057413738219 0.45483541814610351 1.6673481636680669 1.6629311293363569 0.63879613252356904 0.56376163358800102 0.58458433556370426 0.56178396590985291 0.45394910266622901 0.3471734905615449
leaf_count=23 14 66 53 34 44 9 59 21 44 38 15 9 29 6
internal_value=0.00558055 0.0112005 0.00566993 0.0169288 -0.0206774 -0.0197757 -0.0306052 0.0233341 0.0145652 0.00239699 0.0357909 0.0236805 -0.0049497 0.00811937
internal_weight=15.6119 12.7794 10.433 7.30946 3.12351 2.83244 2.37761 6.4954 4.83247 1.71947 2.34646 4.19367 1.01573 0.710258
internal_count=464 376 338 190 148 88 79 156 135 82 38 91 38 20
is_linear=0
shrinkage=0.05


Tree=120
num_leaves=15
num_cat=0
split_feature=29 41 159 7 47 127 128 192 143 52 184 45 35 75
split_gain=0.959521 0.955304 1.13043 0.737005 0.774935 0.712122 0.597378 0.58706 0.542058 0.518671 0.497211 0.458118 0.742021 0.398619
threshold=3.5000000000000004 0.061798624284212254 0.015474486527930162 932.50000000000011 15.239120423670277 -0.010601555012784192 -0.018218276157781505 0.02437100617298181 0.065205131644486686 -0.031649307233778158 -0.074566887992391834 0.060080791739691546 3.5000000000000004 0.028665670046198608
decision_type=2 8 2 8 8 2 2 2 2 2 2 2 2 2
left_child=1 2 -1 5 9 -2 -6 10 11 -5 -4 -3 -13 -10
right_child=3 8 7 4 6 -7 -8 -9 13 -11 -12 12 -14 -15
leaf_value=-0.052008241295094793 -0.051996084879642829 0.037831120494055584 0.043792021527238746 0.028329914939790996 0.034288464847085691 0.046211269822791057 -0.028127793348979031 0.038263382036931734 -0.052726645314894627 -0.048227737853963247 -0.051938511841006577 0.02566500593175047 -0.037834546128730058 0.021221309453946131
leaf_weight=1.0329786706715816 0.23655353835783899 4.3724172362126401 0.19487869716249395 0.2472486202605072 0.82942042080685496 0.84029291942715711 0.71279274905100443 1.0164343783399088 0.38119657104834903 2.1027923806104813 0.44619003450497985 2.0621178539004181 0.59217568777967233 0.34917058236896992
leaf_count=54 14 81 5 11 19 17 25 23 12 108 31 42 27 8
internal_value=0.0061158 0.0147185 -0.010954 -0.0119714 -0.0220998 0.0246378 0.00544041 0.0146316 0.0236228 -0.0401731 -0.0228374 0.027884 0.0114982 -0.0173739
internal_weight=15.4167 10.4476 2.69048 4.9691 3.89225 1.07685 1.54221 1.6575 7.75708 2.35004 0.641069 7.02671 2.65429 0.730367
internal_count=477 283 113 194 163 31 44 59 170 119 36 150 69 20
is_linear=0
shrinkage=0.05


Tree=121
num_leaves=15
num_cat=0
split_feature=89 0 66 106 74 62 40 158 15 176 137 50 142 93
split_gain=1.06982 0.719611 0.716254 0.963264 0.629575 0.613042 0.542643 0.831103 0.90749 0.506263 0.836235 0.493148 0.404068 0.39075
threshold=0.06430134115570009 1018.5000000000001 12.500000000000002 -0.028827321315549118 -0.051841890874959932 156.50000000000003 0.055892244443800233 -0.011276148958887669 69608.500000000015 0.040174879066282233 0.029143840707481269 0.0050329521059500545 -0.0073538074364269462 -0.056764465854030506
decision_type=2 2 2 2 2 2 10 2 2 2 2 2 2 2
left_child=1 2 3 4 -1 -2 7 11 -9 -8 -11 -3 -4 -10
right_child=5 6 12 -5 -6 -7 9 8 13 10 -12 -13 -14 -15
leaf_value=0.042462939577072201 0.036799062355365578 0.029992003760057347 -0.010882251022894904 -0.051663643039274357 -0.037686757194168141 -0.036403452115380271 0.038736024999919343 -0.052022894930757839 -0.0064113629807012783 -0.034630159124161335 0.046930172374144756 -0.051776069175992361 0.043509269752124234 0.046290129070077825
leaf_weight=0.66771114896982908 0.33982110605575266 0.24147883872501574 0.55413643852807581 1.264107077266089 0.38702534488402329 1.8060871855122966 4.3283858459908515 0.35690258152317111 0.45350462198257524 0.68505234993062891 0.58065920602530241 0.78004402562510222 0.88964339985977836 1.567036118009127
leaf_count=13 8 8 13 79 24 78 83 19 10 26 12 41 14 28
internal_value=0.00785174 0.0133467 -0.00501343 -0.0222271 0.0130528 -0.0248113 0.0210284 0.00527173 0.0214784 0.0306022 0.00278655 -0.0324468 0.0226333 0.0344614
internal_weight=14.9016 12.7557 3.76262 2.31884 1.05474 2.14591 8.99306 3.39897 2.37744 5.5941 1.26571 1.02152 1.44378 2.02054
internal_count=456 370 143 116 37 86 227 106 57 121 38 49 27 38
is_linear=0
shrinkage=0.05


Tree=122
num_leaves=15
num_cat=0
split_feature=29 121 125 111 75 121 0 94 108 131 116 90 99 50
split_gain=1.38973 0.812662 0.771095 0.658681 0.629401 0.586917 0.843685 0.708971 0.597209 0.581655 0.579764 0.541321 0.470435 0.448696
threshold=3.5000000000000004 0.054537169209510482 0.045550504555294268 -0.062219357618418146 -0.028938921058493484 -0.0060576001793892645 1030.5000000000002 -0.024608715441148444 -0.031080316101045082 -0.13148208814875875 0.013908244124777532 -0.0010736517779845907 0.010641724566140959 0.010611919718363226
decision_type=2 2 2 2 2 2 2 2 2 2 2 2 2 2
left_child=2 3 5 4 -2 6 -1 8 -8 -5 -3 -4 -13 -7
right_child=1 10 11 9 -6 13 7 -9 -10 -11 -12 12 -14 -15
leaf_value=-0.037761357386937235 -0.052223355171113976 -0.02748124948922271 -0.052422360734352316 0.050654742638370269 0.042350010977406254 -0.0089494482920397991 -0.053811101325986023 0.036983053710467777 0.024750770765730217 -0.042572864890271817 0.046576937135591363 -0.027247940359260227 0.048916728833330557 0.038047936837194138
leaf_weight=0.81794328789692228 0.25392928882502019 0.40142910997383274 0.61937784915789962 0.17778479307889972 0.57270357944071326 0.56901635718531896 0.49379611853510141 1.9582559394184493 0.47421506419777948 2.8391060270369062 0.77343708975240588 0.41856933792587259 0.39317263546399772 4.7253312328830361
leaf_count=44 15 18 26 3 14 25 13 41 14 136 14 16 9 92
internal_value=0.0065133 -0.0151199 0.0168827 -0.0262442 0.0132985 0.0222821 0.00713131 0.0196796 -0.0153247 -0.037079 0.0212727 -0.0172185 0.00964292 0.0329968
internal_weight=15.4881 5.01839 10.4697 3.84352 0.826633 9.03856 3.74421 2.92627 0.968011 3.01689 1.17487 1.43112 0.811742 5.29435
internal_count=480 200 280 168 29 229 112 68 27 139 32 51 25 117
is_linear=0
shrinkage=0.05


Tree=123
num_leaves=15
num_cat=0
split_feature=33 113 129 45 182 45 134 35 19 151 191 38 51 66
split_gain=0.840727 0.758365 0.708057 0.747686 0.706054 0.727884 0.617439 0.608345 0.536387 0.644569 0.42706 0.547773 0.407301 0.314934
threshold=4.5000000000000009 0.30466659921909589 -0.0076988719954143251 0.050000745299245357 0.0011365923750163952 0.12648880134591969 0.048531234139129791 4.5000000000000009 1597.5000000000002 0.0022415803029537992 -0.047086645452974391 0.10743841338634032 -0.0075176555665187302 8.5000000000000018
decision_type=2 2 2 2 2 2 2 2 2 2 2 2 2 2
left_child=1 4 3 -3 5 7 10 12 9 -6 11 -2 -1 -10
right_child=6 2 -4 -5 8 -7 -8 -9 13 -11 -12 -13 -14 -15
leaf_value=0.037417899572509253 -0.051445542093615015 0.031997633224006235 -0.044881846946502567 -0.051102216222889366 0.028148462233504642 -0.037898899370716117 0.020655230390941002 -0.037756525638970723 0.009799182839509259 -0.05275575655944871 -0.043522365843097592 0.044156823512842731 -0.0097437483557904613 0.042710895000541468
leaf_weight=1.6421867455355812 0.2543550699483611 1.010728784138337 1.0403273768024508 0.36968718236312259 0.62488703744020291 0.91830731870140869 0.77651292644441117 0.47834976296871889 0.90637203119695176 0.40623220696579665 1.7304598182672641 0.36461147386580706 0.63475702726282213 3.6703420777339488
leaf_count=40 14 26 81 32 24 49 18 16 22 16 62 7 21 59
internal_value=0.00503771 0.0111911 -0.0137324 0.00974278 0.0176915 0.00065293 -0.0179978 0.0135018 0.0288532 -0.00372554 -0.0307731 0.00487046 0.0242704 0.0361931
internal_weight=14.8281 11.7022 2.42074 1.38042 9.28143 3.6736 3.12594 2.75529 5.60783 1.03112 2.34943 0.618967 2.27694 4.57671
internal_count=487 386 139 58 247 126 101 77 121 40 83 21 61 81
is_linear=0
shrinkage=0.05


end of trees

feature_importances:
今後のDX展望_svd1=108
従業員数=49
企業概要_svd2=48
アンケート７=44
ROA=32
有利子負債比率=30
ROE=29
減価償却費率=28
アンケート４=27
売上高営業利益率=26
売上高経常利益率=26
組織図_svd11=26
今後のDX展望_svd8=24
営業利益=20
企業概要_svd7=20
自己資本比率=19
今後のDX展望_svd3=19
組織図_svd28=19
ソフトウェア投資対有形固定資産比=18
企業概要_svd3=17
組織図_svd4=17
組織図_svd29=17
今後のDX展望_svd2=16
今後のDX展望_svd25=16
組織図_svd6=16
事業所数=15
企業概要_svd30=15
アンケート２=14
企業概要_svd13=14
今後のDX展望_svd0=14
今後のDX展望_svd7=14
今後のDX展望_svd23=14
アンケート１０=13
DX前向きスコア合計=13
今後のDX展望_svd16=13
アンケート８=12
負債比率=12
企業概要_svd11=12
組織図_svd8=12
純資産=11
有利子負債=11
企業概要_svd20=11
組織図_svd10=11
組織図_svd31=11
自己資本=10
無形固定資産変動率=10
戦略実感ギャップ=10
DXキーワード数_DX展望=10
企業概要_svd5=10
企業概要_svd16=10
今後のDX展望_svd19=10
今後のDX展望_svd21=10
今後のDX展望_svd33=10
組織図_svd34=10
組織図_svd35=10
組織図_svd39=10
無形固定資産変動(ソフトウェア関連)=9
有形固定資産変動率=9
企業概要_svd10=9
企業概要_svd19=9
企業概要_svd23=9
企業概要_svd28=9
企業概要_svd36=9
今後のDX展望_svd6=9
今後のDX展望_svd22=9
今後のDX展望_svd29=9
今後のDX展望_svd35=9
今後のDX展望_svd39=9
組織図_svd9=9
組織図_svd12=9
組織図_svd38=9
長期借入金=8
当期純利益=8
フリーCF=8
企業概要_svd4=8
企業概要_svd25=8
企業概要_svd38=8
今後のDX展望_svd12=8
今後のDX展望_svd24=8
今後のDX展望_svd26=8
今後のDX展望_svd37=8
組織図_svd27=8
組織図_svd37=8
業界=7
工場数=7
営業CF=7
一人当たり営業利益=7
DX抵抗感=7
組織図_len=7
DX部署有無_組織図=7
企業概要_svd12=7
企業概要_svd14=7
企業概要_svd22=7
企業概要_svd33=7
今後のDX展望_svd4=7
今後のDX展望_svd28=7
今後のDX展望_svd31=7
今後のDX展望_svd34=7
組織図_svd0=7
組織図_svd5=7
組織図_svd18=7
組織図_svd21=7
組織図_svd24=7
組織図_svd25=7
投資CF=6
今後のDX展望_len=6
企業概要_svd6=6
企業概要_svd26=6
企業概要_svd29=6
企業概要_svd39=6
今後のDX展望_svd5=6
今後のDX展望_svd14=6
今後のDX展望_svd20=6
組織図_svd1=6
組織図_svd32=6
組織図_svd33=6
企業概要_svd8=5
企業概要_svd9=5
企業概要_svd15=5
企業概要_svd18=5
企業概要_svd24=5
今後のDX展望_svd9=5
今後のDX展望_svd10=5
今後のDX展望_svd15=5
今後のDX展望_svd27=5
今後のDX展望_svd30=5
組織図_svd7=5
組織図_svd15=5
組織図_svd16=5
組織図_svd19=5
組織図_svd22=5
組織図_svd23=5
固定資産=4
短期借入金=4
アンケート３=4
一人当たり売上=4
事業所あたり従業員数=4
企業概要_svd0=4
企業概要_svd31=4
企業概要_svd34=4
企業概要_svd35=4
企業概要_svd37=4
今後のDX展望_svd11=4
今後のDX展望_svd13=4
今後のDX展望_svd18=4
今後のDX展望_svd36=4
組織図_svd17=4
組織図_svd20=4
組織図_svd30=4
組織図_svd36=4
負債=3
経常利益=3
有形固定資産変動=3
流動資産比率=3
DX前向きスコア平均=3
企業概要_len=3
DXキーワード数_企業概要=3
店舗数_事業所数比=3
企業概要_svd1=3
企業概要_svd21=3
今後のDX展望_svd17=3
今後のDX展望_svd32=3
今後のDX展望_svd38=3
組織図_svd3=3
資本金=2
アンケート５=2
企業概要_svd32=2
組織図_svd13=2
組織図_svd14=2
上場種別=1
総資産=1
アンケート１=1
企業名_len=1
組織図行数=1
工場数_事業所数比=1
企業概要_svd17=1
組織図_svd2=1
組織図_svd26=1

parameters:
[boosting: gbdt]
[objective: binary]
[metric: binary_logloss]
[tree_learner: serial]
[device_type: cpu]
[data_sample_strategy: bagging]
[data: ]
[valid: ]
[num_iterations: 1000]
[learning_rate: 0.05]
[num_leaves: 15]
[num_threads: 0]
[seed: 42]
[deterministic: 0]
[force_col_wise: 0]
[force_row_wise: 0]
[histogram_pool_size: -1]
[max_depth: -1]
[min_data_in_leaf: 10]
[min_sum_hessian_in_leaf: 0.001]
[bagging_fraction: 0.8]
[pos_bagging_fraction: 1]
[neg_bagging_fraction: 1]
[bagging_freq: 1]
[bagging_seed: 400]
[bagging_by_query: 0]
[feature_fraction: 0.8]
[feature_fraction_bynode: 1]
[feature_fraction_seed: 30056]
[extra_trees: 0]
[extra_seed: 12879]
[early_stopping_round: 0]
[early_stopping_min_delta: 0]
[first_metric_only: 0]
[max_delta_step: 0]
[lambda_l1: 0]
[lambda_l2: 0]
[linear_lambda: 0]
[min_gain_to_split: 0]
[drop_rate: 0.1]
[max_drop: 50]
[skip_drop: 0.5]
[xgboost_dart_mode: 0]
[uniform_drop: 0]
[drop_seed: 17869]
[top_rate: 0.2]
[other_rate: 0.1]
[min_data_per_group: 100]
[max_cat_threshold: 32]
[cat_l2: 10]
[cat_smooth: 10]
[max_cat_to_onehot: 4]
[top_k: 20]
[monotone_constraints: ]
[monotone_constraints_method: basic]
[monotone_penalty: 0]
[feature_contri: ]
[forcedsplits_filename: ]
[refit_decay_rate: 0.9]
[cegb_tradeoff: 1]
[cegb_penalty_split: 0]
[cegb_penalty_feature_lazy: ]
[cegb_penalty_feature_coupled: ]
[path_smooth: 0]
[interaction_constraints: ]
[verbosity: -1]
[saved_feature_importance_type: 0]
[use_quantized_grad: 0]
[num_grad_quant_bins: 4]
[quant_train_renew_leaf: 0]
[stochastic_rounding: 1]
[linear_tree: 0]
[max_bin: 255]
[max_bin_by_feature: ]
[min_data_in_bin: 3]
[bin_construct_sample_cnt: 200000]
[data_random_seed: 175]
[is_enable_sparse: 1]
[enable_bundle: 1]
[use_missing: 1]
[zero_as_missing: 0]
[feature_pre_filter: 1]
[pre_partition: 0]
[two_round: 0]
[header: 0]
[label_column: ]
[weight_column: ]
[group_column: ]
[ignore_column: ]
[categorical_feature: 1,2,3]
[forcedbins_filename: ]
[precise_float_parser: 0]
[parser_config_file: ]
[objective_seed: 16083]
[num_class: 1]
[is_unbalance: 0]
[scale_pos_weight: 3.14525]
[sigmoid: 1]
[boost_from_average: 1]
[reg_sqrt: 0]
[alpha: 0.9]
[fair_c: 1]
[poisson_max_delta_step: 0.7]
[tweedie_variance_power: 1.5]
[lambdarank_truncation_level: 30]
[lambdarank_norm: 1]
[label_gain: ]
[lambdarank_position_bias_regularization: 0]
[eval_at: ]
[multi_error_top_k: 1]
[auc_mu_weights: ]
[num_machines: 1]
[local_listen_port: 12400]
[time_out: 120]
[machine_list_filename: ]
[machines: ]
[gpu_platform_id: -1]
[gpu_device_id: -1]
[gpu_device_id_list: ]
[gpu_use_dp: 0]
[num_gpu: 1]

end of parameters

pandas_categorical:[["\u5316\u5b66", "\u904b\u8f38\u30fb\u7269\u6d41", "\u5efa\u8a2d\u30fb\u5de5\u4e8b", "\u6a5f\u68b0", "\u533b\u7642\u30fb\u798f\u7949", "\u98df\u54c1", "\u88fd\u9020", "\u81ea\u52d5\u8eca\u30fb\u4e57\u308a\u7269", "\u6a5f\u68b0\u95a2\u9023\u30b5\u30fc\u30d3\u30b9", "\u5916\u98df", "\u5c0f\u58f2", "\u30a8\u30f3\u30bf\u30e1", "\u305d\u306e\u4ed6\u30b5\u30fc\u30d3\u30b9", "\u30b3\u30f3\u30b5\u30eb\u30c6\u30a3\u30f3\u30b0", "\u751f\u6d3b\u7528\u54c1", "\u30a8\u30cd\u30eb\u30ae\u30fc", "\u30a2\u30d1\u30ec\u30eb\u30fb\u7f8e\u5bb9", "\u96fb\u6c17\u88fd\u54c1", "IT", "\u91d1\u878d", "\u4e0d\u52d5\u7523", "\u5546\u793e", "\u901a\u4fe1", "\u4eba\u6750", "\u5e83\u544a", "\u30b2\u30fc\u30e0", "\u30de\u30b9\u30b3\u30df", "\u305d\u306e\u4ed6", "\u6559\u80b2", "\u901a\u4fe1\u6a5f\u5668", "\u5c02\u9580\u30b5\u30fc\u30d3\u30b9"], ["GR", "PR", "ST"], ["BtoB", "BtoB, BtoC", "BtoC", "BtoB, BtoC, CtoC", "CtoC", "missing"]]
