tree
version=v4
num_class=1
num_tree_per_iteration=1
label_index=0
max_feature_idx=192
objective=binary sigmoid:1
feature_names=従業員数 業界 上場種別 特徴 事業所数 工場数 店舗数 資本金 総資産 流動資産 固定資産 負債 短期借入金 長期借入金 純資産 自己資本 売上 営業利益 経常利益 当期純利益 営業CF 減価償却費 運転資本変動 投資CF 有形固定資産変動 無形固定資産変動(ソフトウェア関連) アンケート１ アンケート２ アンケート３ アンケート４ アンケート５ アンケート６ アンケート７ アンケート８ アンケート９ アンケート１０ アンケート１１ 自己資本比率 ROE ROA 売上高営業利益率 売上高経常利益率 流動資産比率 負債比率 有利子負債 有利子負債比率 一人当たり売上 一人当たり営業利益 事業所あたり従業員数 フリーCF 減価償却費率 無形固定資産変動率 有形固定資産変動率 ソフトウェア投資対有形固定資産比 DX前向きスコア合計 DX前向きスコア平均 DX抵抗感 戦略実感ギャップ 導入済みフラグ 既存ツール満足度欠損フラグ セキュリティ整備度 企業概要_len 組織図_len 今後のDX展望_len 企業名_len DXキーワード数_企業概要 DXキーワード数_DX展望 DX部署有無_組織図 組織図行数 工場数欠損フラグ 店舗数欠損フラグ 店舗数_事業所数比 工場数_事業所数比 企業概要_svd0 企業概要_svd1 企業概要_svd2 企業概要_svd3 企業概要_svd4 企業概要_svd5 企業概要_svd6 企業概要_svd7 企業概要_svd8 企業概要_svd9 企業概要_svd10 企業概要_svd11 企業概要_svd12 企業概要_svd13 企業概要_svd14 企業概要_svd15 企業概要_svd16 企業概要_svd17 企業概要_svd18 企業概要_svd19 企業概要_svd20 企業概要_svd21 企業概要_svd22 企業概要_svd23 企業概要_svd24 企業概要_svd25 企業概要_svd26 企業概要_svd27 企業概要_svd28 企業概要_svd29 企業概要_svd30 企業概要_svd31 企業概要_svd32 企業概要_svd33 企業概要_svd34 企業概要_svd35 企業概要_svd36 企業概要_svd37 企業概要_svd38 企業概要_svd39 今後のDX展望_svd0 今後のDX展望_svd1 今後のDX展望_svd2 今後のDX展望_svd3 今後のDX展望_svd4 今後のDX展望_svd5 今後のDX展望_svd6 今後のDX展望_svd7 今後のDX展望_svd8 今後のDX展望_svd9 今後のDX展望_svd10 今後のDX展望_svd11 今後のDX展望_svd12 今後のDX展望_svd13 今後のDX展望_svd14 今後のDX展望_svd15 今後のDX展望_svd16 今後のDX展望_svd17 今後のDX展望_svd18 今後のDX展望_svd19 今後のDX展望_svd20 今後のDX展望_svd21 今後のDX展望_svd22 今後のDX展望_svd23 今後のDX展望_svd24 今後のDX展望_svd25 今後のDX展望_svd26 今後のDX展望_svd27 今後のDX展望_svd28 今後のDX展望_svd29 今後のDX展望_svd30 今後のDX展望_svd31 今後のDX展望_svd32 今後のDX展望_svd33 今後のDX展望_svd34 今後のDX展望_svd35 今後のDX展望_svd36 今後のDX展望_svd37 今後のDX展望_svd38 今後のDX展望_svd39 組織図_svd0 組織図_svd1 組織図_svd2 組織図_svd3 組織図_svd4 組織図_svd5 組織図_svd6 組織図_svd7 組織図_svd8 組織図_svd9 組織図_svd10 組織図_svd11 組織図_svd12 組織図_svd13 組織図_svd14 組織図_svd15 組織図_svd16 組織図_svd17 組織図_svd18 組織図_svd19 組織図_svd20 組織図_svd21 組織図_svd22 組織図_svd23 組織図_svd24 組織図_svd25 組織図_svd26 組織図_svd27 組織図_svd28 組織図_svd29 組織図_svd30 組織図_svd31 組織図_svd32 組織図_svd33 組織図_svd34 組織図_svd35 組織図_svd36 組織図_svd37 組織図_svd38 組織図_svd39
feature_infos=[188:163584] -1:3:18:19:2:7:10:6:21:0:4:5:13:1:9:16:23:14:15:11:17:20:8:12:22:28:25 -1:1:2:0 -1:0:1:2 [1:523] [1:223] [1:2023] [10:2191252] [2045:413082177] [1016:182792999] [1030:230289178] [1202:391919566] [0:2571806] [0:7189534] [-5025:21162610] [-5050:20225931] [4714:13678671] [-496655:1958344] [-34054:2163659] [-320490:1530612] [-295490:2604788] [20:400000] [-200000:20000] [-870274:203] [-500000:30000] [-370274:-12] [1:5] [1:5] [1:5] [1:5] [1:5] [1:2] [1:5] [1:5] [1:5] [1:5] [1:5] [-0.72620074777106702:0.94471274555178109] [-3.3765419192975119:572.33333333333337] [-0.57481211569118651:0.32413160542043906] [-1.1239101091371586:0.56184622141653018] [-0.14074517988882229:0.60681733575108376] [0.14264881820895201:0.85948755424975021] [-16013:70.252957381299623] [0:9761340] [0:0.70664110162105631] [3.7508186960404881:4544.4089700996674] [-116.34010971281059:677.12091333679291] [4.6520076481835568:163584] [-350142:2215201] [0.0011817853783210139:0.086119107030979192] [-0.082882882882882883:-1.4712643961487998e-05] [-0.097840178069124081:0.010565240359218173] [-2327:-0.010497375656085979] [8:31] [1.1428571428571428:4.4285714285714288] [1:5] [-4:4] [0:1] [0:1] [1:5] [17:704] [42:1756] [240:1224] [6:19] [0:7] [2:18] [0:1] [1:65] [0:1] [0:1] [0:1305] [0:28] [0.065317760132388353:0.41931104498317079] [-0.31798346169768688:0.27001155294598206] [-0.16986746753604076:0.8352884656466002] [-0.31509174849730237:0.42262463711714887] [-0.2015594895225952:0.43133538760697682] [-0.20006478157438787:0.45568611128169406] [-0.23325882318907179:0.23886146473236836] [-0.21953588148622924:0.22908303600682881] [-0.18242188407172114:0.42393393908922616] [-0.26757587842346531:0.30603752135223788] [-0.20310054629210697:0.41415540074798118] [-0.18718806237035229:0.25535540466338652] [-0.24427735275678544:0.27096859849624166] [-0.20008502599344102:0.24480069824926837] [-0.20281320946935555:0.33931231641235193] [-0.18674198088053628:0.27720201368721498] [-0.20171622810626938:0.29804033814731123] [-0.20389592779017751:0.34872279158500763] [-0.23714534947792748:0.2348196718748902] [-0.17395109009284337:0.26409859714097428] [-0.16650016923087479:0.23879001052793172] [-0.20560980917732205:0.20090100857312418] [-0.17767633336128655:0.26171347957400287] [-0.18629585069271021:0.25435783560266245] [-0.21403197523454492:0.18876980287069428] [-0.25749740232718416:0.29056504098504493] [-0.18506209705066182:0.19430901871886297] [-0.22518748176872619:0.18589597348594061] [-0.19391945403261204:0.21419509727142322] [-0.21076960961518018:0.18306605455162903] [-0.17234485860448917:0.39096522279412066] [-0.21967354319045904:0.17070736954261517] [-0.17642230903018544:0.22164191422817156] [-0.15899946510623694:0.21411009598610325] [-0.18269196019353517:0.16105754006556794] [-0.19716531467802245:0.17693413064689056] [-0.17338202738721878:0.16443517028608381] [-0.16753155470439551:0.21930099867767233] [-0.16579358966571942:0.15199107015714708] [-0.18314477910865137:0.18254845066717931] [0.16484081478899526:0.36372066222490607] [-0.22637361359471181:0.24099933286825959] [-0.16398287364996647:0.19322369290275115] [-0.18285681076410251:0.18288145383294527] [-0.17770520282486488:0.18178845079384859] [-0.17416109340261199:0.18966957130380122] [-0.16633400109736646:0.19690918859857409] [-0.1901081949019755:0.16963872593777832] [-0.16869815002119476:0.18347382433986584] [-0.1437093751525742:0.16099982424890033] [-0.15092568871596934:0.18518747279855668] [-0.14544855585738115:0.19158444009781311] [-0.13429981581789796:0.18144854945331129] [-0.15611239204315386:0.21442914257632739] [-0.13604026083741477:0.14996298392391461] [-0.13727323224822058:0.14795627022946703] [-0.13747459887561286:0.19079311617464409] [-0.15352410292888563:0.15186126886252341] [-0.16896440436433979:0.15587265935123232] [-0.15175666923580566:0.13538582385205156] [-0.16200605137421348:0.1985567653498759] [-0.15476951790729454:0.13543606209180203] [-0.17430613072604392:0.13068379683049577] [-0.15248766673591585:0.15601578294992649] [-0.16866822910527782:0.1687462822769287] [-0.12879780695843107:0.15462183338793692] [-0.15558230534916498:0.14266350337653946] [-0.1516802517338158:0.14126643802983713] [-0.12759651442454109:0.17621204700016638] [-0.12608206563311974:0.12685074163736226] [-0.14502718212313914:0.14323365170787739] [-0.13773522165198054:0.15616341865801664] [-0.14547709669467257:0.14468040788367245] [-0.1192571509873213:0.14321362163231324] [-0.14028134084040003:0.14352871057425323] [-0.13880509509122149:0.15798848158948381] [-0.13251870964890469:0.12065309561796338] [-0.12757989510850498:0.12900200662529321] [-0.15155009921428886:0.16817932646566894] [-0.12526978909971542:0.15737786437065718] [0.065118931764917315:0.58222166493722682] [-0.3860422730765764:0.34513879567447309] [-0.32345936734161046:0.28953837964730533] [-0.39808137420663087:0.2903436999397766] [-0.27305934446954327:0.33867881298534663] [-0.26376288499549194:0.24108249124806752] [-0.29718231304309606:0.31450433788862603] [-0.23930708962804381:0.61983974518234775] [-0.26969220797001953:0.40794772683663999] [-0.24487556268520563:0.35909068279895279] [-0.28343391651718575:0.38507651550307176] [-0.23785666525328694:0.30045821123433492] [-0.20020584519448034:0.36647198880195186] [-0.34381473718988037:0.25716602549850559] [-0.27314469612832765:0.28137793775636499] [-0.36228150301249323:0.25510892451196227] [-0.22167051219354186:0.29879993254096615] [-0.21192747596791775:0.31551735539123682] [-0.2164012644313438:0.2800214249442563] [-0.23203294048723391:0.30198496378063405] [-0.1668525498296724:0.35487816292991914] [-0.23916103181073969:0.22653878004740299] [-0.19191061053828681:0.37591233569252214] [-0.23837789440551782:0.28339951803691715] [-0.24022581943561097:0.21260228058466743] [-0.20258017965385386:0.3959018209305214] [-0.27746120958559123:0.30798624356900611] [-0.22333189400403375:0.20855360085478761] [-0.29352388463356449:0.20242772130593897] [-0.23484948601649056:0.19327178763198918] [-0.19889981046245078:0.23838900923516168] [-0.21602231053782045:0.26425560186040875] [-0.27683589766875988:0.2325288459914982] [-0.21379949809623366:0.22966578520279729] [-0.19418188186239652:0.21570214014822603] [-0.24899708529423195:0.25361148589179389] [-0.19767528137673918:0.19458190656176999] [-0.15341439048409028:0.22119231800785763] [-0.2326192527317778:0.17017241414627643] [-0.19057769931703075:0.2029722957178148]
tree_sizes=1696 1702 1706 1712 1712 1711 1728 1717 1730 1727 1721 1727 1726 1716 1715 1727 1730 1711 1728 1729 1715 1730 1718 1733 1740 1730 1734 1720 1718 1719 1725 1719 1726 1725 1714 1728 1728 1729 1728 1723 1722 1724 1719 1726 1711 1721 1725 1725 1717 1733 1737 1730 1730 1716 1730 1723 1723 1726 1736 1723 1721 1732 1722 1731 1743 1737 1727 1736 1722 1731 1731 1745 1737 1727 1736 1727 1748 1727 1727 1743 1740 1735 1734 1731 1738 1738 1737 1745 1740 1732 1737 1723 1731 1738 1752 1732 1749 1734 1754 1732 1743 1757 1760 1750 1743 1743 1741 1749 1756 1746 1743 1760 1738 1750 1753 1745 1752 1744 1752 1738 1763 1752 1762 1752 1745 1762 1747 1752 1764

Tree=0
num_leaves=15
num_cat=0
split_feature=114 41 32 172 76 117 57 39 121 189 183 109 159 104
split_gain=234.514 89.1084 44.713 38.0872 30.6054 27.2482 26.199 30.8286 26.1938 23.3683 20.3656 17.1085 21.2551 17.0059
threshold=-0.11057888269142531 0.13898323884359173 1.5000000000000002 0.055062821440141532 0.063221772554731062 -0.08174852235118206 -1.0000000180025095e-35 0.094889613813205195 -0.017231895504262126 0.023450937144602911 -0.10183694176340871 0.032281009456644298 0.002693306790879381 -0.083187662775347546
decision_type=2 8 8 2 2 2 2 2 2 2 2 2 2 2
left_child=4 2 -2 6 11 8 -3 -8 -4 -6 -7 13 -13 -1
right_child=1 3 5 -5 9 10 7 -9 -10 -11 -12 12 -14 -15
leaf_value=-1.1118015707708133 -1.0390100143176346 -0.97550705427770001 -0.99886184154050373 -1.2054342864338379 -1.1649384459548568 -1.0855931955748521 -1.1713803525759217 -0.95323066071062212 -1.2054342864338379 -0.98838988827707375 -1.2054342864338379 -0.97504191437768606 -1.1488954609045567 -0.94892298437014566
leaf_weight=1.6795686483383168 6.6146482229232779 12.995367586612705 3.8064751029014587 3.1221303343772879 3.8834253549575797 3.9367775917053214 4.6180442571640024 2.4942159056663513 2.5711661577224723 3.6228203773498535 35.629016757011414 4.7781009674072257 2.7814970016479492 34.945698797702789
leaf_count=7 21 30 10 17 19 15 23 5 14 9 194 11 13 68
internal_value=-1.0685 -1.12451 -1.16055 -1.04296 -0.986385 -1.17805 -1.01773 -1.09488 -1.08214 -1.07973 -1.19351 -0.970527 -1.03901 -0.956392
internal_weight=127.479 75.7878 52.5581 23.2298 51.6911 45.9434 20.1076 7.11226 6.37764 7.50625 39.5658 44.1849 7.5596 36.6253
internal_count=456 329 254 75 127 233 58 28 24 28 209 99 24 75
is_linear=0
shrinkage=1


Tree=1
num_leaves=15
num_cat=0
split_feature=41 51 76 45 45 99 53 32 83 115 95 139 128 47
split_gain=107.749 93.3268 58.2366 38.5372 24.9846 30.2716 21.0647 26.0296 19.4638 27.5462 34.1821 27.7406 19.4724 19.3416
threshold=0.13749904455469222 -0.0095927726654544253 0.070264653509013633 0.21642416430276704 0.13667013385694027 0.0095029893094899943 -0.29787598424205664 3.5000000000000004 -0.04597579068196881 0.017790499843633369 -0.011776173911091205 -0.016375265941630104 0.0029694710642761556 0.51205859918338059
decision_type=8 2 2 2 2 2 2 8 2 2 2 2 2 10
left_child=1 2 3 8 6 -6 -2 -8 13 10 12 -11 -10 -1
right_child=4 -3 -4 -5 5 -7 7 -9 9 11 -12 -13 -14 -15
leaf_value=-0.066494537903475023 0.15977445055347672 -0.052350014466134298 -0.048984820488595121 -0.021842571957755266 0.1120055529597349 -0.06692642363751776 0.16644072357348 -0.025198188058726881 0.14845829915112316 -0.066806430184092658 -0.043910939873224503 0.16176633350559197 -0.0095045424555572876 0.17025970365065315
leaf_weight=0.92637097835540316 32.378211081027985 23.727968111634254 9.4423343986272794 7.0651055723428717 7.853787347674368 3.3814421445131302 3.339371293783187 3.7749219983816147 6.5538019686937314 1.4990593194961555 7.140327453613291 11.592971488833424 2.7779037803411484 12.542001396417616
leaf_count=5 64 127 50 34 21 18 6 18 15 8 37 22 13 24
internal_value=0.0664968 0.031501 0.0649175 0.0863857 0.123941 0.0581528 0.142657 0.064755 0.104155 0.081458 0.0384303 0.135594 0.101435 0.153975
internal_weight=133.996 83.2678 59.5399 50.0975 50.7277 11.2352 39.4925 7.11429 43.0324 29.5641 16.472 13.092 9.33171 13.4684
internal_count=462 335 208 158 127 39 88 24 124 95 65 30 28 29
is_linear=0
shrinkage=0.05


Tree=2
num_leaves=15
num_cat=0
split_feature=114 39 45 32 0 68 19 143 32 45 189 109 184 130
split_gain=192.298 68.4411 44.7006 35.3507 34.3864 27.8632 25.105 25.0617 18.055 27.7291 12.3812 18.4805 10.6352 8.81883
threshold=-0.043596150524666089 0.10456499019263339 0.20406070142925434 3.5000000000000004 1035.0000000000002 18.500000000000004 236.50000000000003 -0.040094958419209951 3.5000000000000004 0.012554366499018777 -0.037923320142121082 0.026863651669448773 -0.048015971347194618 -0.072333820100240379
decision_type=2 2 2 8 2 2 2 2 10 2 2 2 2 2
left_child=2 3 6 4 -2 -6 -1 -4 10 -10 11 -8 -12 -5
right_child=1 -3 7 13 5 -7 8 -9 9 -11 12 -13 -14 -15
leaf_value=-0.066578209579823286 -0.065361164893905019 0.13461457799380078 0.10612494861680594 0.01552515971726404 -0.029478707069126434 0.12498914289584795 0.13681980204401745 -0.065995454899608993 0.13680591561235089 -0.030282842410955343 0.083881684008346266 0.008752041404077043 0.16013600748803392 -0.065343692622404068
leaf_weight=1.6701215356588353 6.6058859974145916 7.661263868212699 3.60677470266819 3.7981375306844702 4.3453104197978965 8.896622955799101 9.0695624947547895 5.1129164397716504 6.049509182572363 4.2117258906364441 5.1279791444539944 4.0859768837690345 42.214145645499237 29.993503585457802
leaf_count=9 37 16 10 16 22 21 18 28 12 20 15 17 72 168
internal_value=0.0616607 -0.00517911 0.112152 -0.0251457 0.0278176 0.0743009 0.125028 0.00519967 0.129551 0.0682243 0.139953 0.0970433 0.151876 -0.0562541
internal_weight=142.449 61.3007 81.1487 53.6395 19.8478 13.2419 72.429 8.71969 70.7589 10.2612 60.4977 13.1555 47.3421 33.7916
internal_count=481 280 201 264 80 43 163 38 154 32 122 35 87 184
is_linear=0
shrinkage=0.05


Tree=3
num_leaves=15
num_cat=0
split_feature=114 41 41 21 39 132 172 162 141 104 179 38 84 153
split_gain=157.654 63.3285 41.056 37.5241 26.1514 39.6792 21.0538 11.698 11.6702 11.7329 9.63781 9.45459 7.92671 6.39152
threshold=-0.043596150524666089 0.11990847213285076 0.067397681183565553 750.00000000000011 0.10456499019263339 -0.028131550398248977 -0.019647810283712559 -0.0099047761371512423 -0.08612811089369786 -0.13472020943744253 0.060906182252720459 0.013695999870351855 0.066376817076116326 0.15872723676889941
decision_type=2 8 8 2 2 2 2 2 2 2 2 2 2 2
left_child=2 12 3 -1 5 -3 -5 -8 -4 -10 11 -11 -2 -13
right_child=1 4 8 6 -6 -7 7 -9 9 10 -12 13 -14 -15
leaf_value=-0.066199107258243614 -0.064304914595902374 0.10768022399386375 -0.068631603238901981 -0.026262480713886184 0.13462238892695169 -0.04952810290976517 0.14319025739255828 0.048646313480541221 -0.067716884913084557 -0.066667585546059824 0.071922951656007428 -0.066728116431470585 0.009141361951066615 0.14139115061159821
leaf_weight=5.8549427092075375 29.595894455909729 7.0307467132806822 0.78318898379802604 3.6976465582847657 6.7916141599416724 9.3536529690027237 8.7640112489461917 5.220799908041946 0.77141374349594016 0.56244806945323844 6.5123361349105826 0.37204951047897239 4.1942249536514273 43.70496167242527
leaf_count=32 172 17 4 17 12 49 16 17 4 3 18 2 19 71
internal_value=0.0514004 -0.0115281 0.098418 0.0435134 0.0521275 0.0179319 0.079841 0.107895 0.122937 0.125827 0.128745 0.137035 -0.0551883 0.139634
internal_weight=133.21 56.9661 76.2438 23.5374 23.176 16.3844 17.6825 13.9848 52.7064 51.9232 51.1518 44.6395 33.7901 44.077
internal_count=453 269 184 82 78 66 50 33 102 98 94 76 191 73
is_linear=0
shrinkage=0.05


Tree=4
num_leaves=15
num_cat=0
split_feature=41 113 162 169 100 115 32 96 37 118 46 39 90 40
split_gain=63.6619 51.8341 27.0364 32.1002 25.0684 20.2919 19.468 23.6387 18.1122 19.087 18.7252 22.6144 14.1664 21.1095
threshold=0.13749904455469222 0.30484779467495277 -0.010487090616083461 -0.011079251937025242 0.058891285147108285 -0.004004174889258561 3.5000000000000004 -0.02179098256598358 0.33372079724136361 -0.031077626006827962 89.522508062174907 0.072759066066852215 0.044301800432293655 0.1198311690224217
decision_type=8 2 2 2 2 2 8 2 2 2 2 2 2 8
left_child=1 2 8 4 5 -4 7 -3 -1 -10 11 -11 -2 -14
right_child=12 6 3 -5 -6 -7 -8 -9 9 10 -12 -13 13 -15
leaf_value=-0.022620154017407464 0.11174658929336567 0.091149612290444645 -0.018735102278677817 -0.041224589161246654 -0.064899625578479225 0.12316174612376217 -0.06345778946664167 -0.064891718704727416 0.13520193735398198 -0.066255344049190409 0.10996213794200001 0.12390289519743239 -0.066486755909057185 0.088838660594786942
leaf_weight=3.5291094779968253 42.743206575512886 5.7661018520593643 3.252932175993922 12.612471744418142 3.1314041018486014 11.17483162879944 16.115645959973335 4.1912819594144839 15.796796694397928 4.6908320486545545 7.7011753022670746 2.3451423197984695 2.9348245263099653 8.5894199758768064
leaf_count=17 85 15 16 66 18 23 97 24 29 26 17 4 16 20
internal_value=0.0556806 0.0299606 0.0540944 0.0196276 0.0633368 0.0911692 -0.0294966 0.0254684 0.0846237 0.097019 0.0560906 -0.0028742 0.0984817 0.0492827
internal_weight=144.575 90.3077 64.2347 30.1716 17.5592 14.4278 26.073 9.95738 34.0631 30.5339 14.7371 7.03597 54.2675 11.5242
internal_count=473 352 216 123 57 39 136 39 93 76 47 30 121 36
is_linear=0
shrinkage=0.05


Tree=5
num_leaves=15
num_cat=0
split_feature=114 40 19 32 35 17 90 86 90 135 189 116 0 88
split_gain=110.589 57.1936 36.5092 27.1538 19.7484 19.078 14.4175 28.6684 12.3687 12.2445 11.9903 12.1347 9.8587 8.76775
threshold=-0.043596150524666089 0.080298976078410883 236.50000000000003 4.5000000000000009 1.5000000000000002 172829.50000000003 0.024459402749916492 0.033241659515390966 -0.030683869987861722 0.047404079787263076 -0.12585879443880896 -0.13262382827822458 526.50000000000011 -0.1035700109751924
decision_type=2 10 2 8 2 10 2 2 2 2 2 2 2 2
left_child=2 5 -1 8 -5 -2 10 9 -3 -8 -4 -12 -13 -14
right_child=1 3 6 4 -6 -7 7 -9 -10 -11 11 12 13 -15
leaf_value=-0.065304919944979209 -0.054200594119580503 0.011831368876035062 -0.068686933113521836 0.089407346335221516 -0.048004362516939542 0.11995098764680157 -0.068047866337993784 0.10812253192452821 0.11468888796116923 0.076337979398105882 -0.067840165319775034 -0.067718939286940338 -0.064210005924319219 0.115776205926162
leaf_weight=3.7127027809619895 31.116877987980843 3.7559201419353512 0.96685713529586692 3.774619683623313 8.5090099126100522 1.6563026607036579 4.8201177269220379 10.047014281153677 13.175593808293344 2.1116258949041367 0.95787952840328117 0.75783054530620475 0.68435001373290916 59.958672225475311
leaf_count=21 180 15 5 9 45 4 25 18 26 6 5 4 4 108
internal_value=0.0506067 -5.38347e-05 0.0879843 0.0508141 -0.00577931 -0.0453993 0.0950713 0.0541563 0.091872 -0.0240634 0.106041 0.10875 0.111505 0.113745
internal_weight=146.005 61.9883 84.0171 29.2151 12.2836 32.7732 80.3043 16.9788 16.9315 6.93174 63.3256 62.3587 61.4009 60.643
internal_count=475 279 196 95 54 184 175 49 41 31 126 121 116 112
is_linear=0
shrinkage=0.05


Tree=6
num_leaves=15
num_cat=0
split_feature=114 41 45 120 138 141 39 118 86 86 112 0 145 146
split_gain=107.227 55.7528 25.9385 23.8447 20.3797 18.7611 16.9512 13.1672 13.0698 12.727 10.8926 10.2666 9.85916 9.35795
threshold=-0.052953676484681231 0.14041689489742071 0.21004449551911705 0.047886363953364076 0.06825548137438131 -0.058695956612086424 1.0000000180025095e-35 -0.036470496080192386 0.11017243509234532 -0.10715809301475653 -0.01333586458042643 526.50000000000011 -0.087175131297625996 -0.018337377562134511
decision_type=2 8 2 2 2 2 2 2 2 2 2 2 2 2
left_child=2 5 6 7 -4 10 -1 -3 -7 -8 -2 -11 -13 -9
right_child=1 3 4 -5 -6 8 9 13 -10 11 -12 12 -14 -15
leaf_value=-0.064021610061013895 0.092622890639203231 -0.018628697854588309 -0.042395028370566114 -0.066639837714507433 0.1312359413836813 -0.062910449423004486 -0.068220737396805994 0.12988053028644203 0.055954631813203592 -0.066595890515461414 -0.062699981093087082 -0.070871164271768136 0.1029529230415164 0.056072453826361279
leaf_weight=1.6874507218599308 3.7959107160568237 3.0058522522449556 6.5751676857471448 3.3203820139169684 2.2746314853429794 30.859256356954575 1.1580115556716908 9.0319239050149971 2.4999472200870505 0.92586761713027854 1.6064514070749272 0.82518598437309165 71.379601374268532 8.1875016540288872
leaf_count=10 10 13 34 18 4 192 6 14 9 5 10 4 127 22
internal_value=0.0466625 -0.00314125 0.0832449 0.0575435 0.0022327 -0.0400041 0.0926813 0.0779307 -0.0540027 0.0962408 0.0464359 0.098845 0.100966 0.0947862
internal_weight=147.133 62.3072 84.8259 23.5457 8.8498 38.7616 75.9761 20.2253 33.3592 74.2887 5.40236 73.1307 72.2048 17.2194
internal_count=478 288 190 67 38 221 152 49 201 142 20 136 131 36
is_linear=0
shrinkage=0.05


Tree=7
num_leaves=15
num_cat=0
split_feature=114 41 40 183 78 86 144 80 119 39 32 98 37 115
split_gain=92.2319 41.4991 27.3616 19.6769 19.1384 18.4718 16.2706 14.7557 9.93102 12.8095 9.62359 13.4869 9.53363 9.3184
threshold=-0.04639777753151942 0.11481766562758268 0.061819040067332326 0.054791513077284131 0.055249343217501391 0.11017243509234532 -0.023387650379669722 -0.020636785477644592 0.036928043922709514 0.092998082639668411 4.5000000000000009 0.0049318269947141004 0.33372079724136361 0.089142460015382646
decision_type=2 8 8 2 2 2 2 2 2 2 8 2 2 2
left_child=2 5 3 6 7 -2 13 -3 -4 -10 -9 -12 -8 -1
right_child=1 4 8 -5 -6 -7 12 10 9 -11 11 -13 -14 -15
leaf_value=-0.067428080718676328 -0.052394269875187222 -0.026272204813037887 0.10478470539656873 -0.066388578036785231 -0.040099720577679597 0.072610024843905205 0.0063437047036779591 0.11064910803291778 -0.0099222399551673057 0.10595318657110049 0.090066966173643681 -0.066502769293935157 0.093260149239670728 0.061608323518435398
leaf_weight=3.747786194086081 31.123357161879539 3.6901622116565767 48.726897239685059 4.0197816044092169 5.5233242809772483 3.2653484642505637 3.9820459783077267 11.412931531667711 4.6898043453693372 4.8530084192752838 3.7068250179290763 2.1868751645088196 15.189810350537298 2.2326038032770157
leaf_count=20 195 17 79 22 27 10 16 19 18 7 8 12 30 6
internal_value=0.0429562 -0.00428117 0.07586 0.0363306 0.0427158 -0.0405246 0.052747 0.0645009 0.0956499 0.0490063 0.0838557 0.0319713 0.0752074 -0.0192561
internal_weight=148.351 60.9088 87.4417 29.172 26.5201 34.3887 25.1522 20.9968 58.2697 9.54281 17.3066 5.8937 19.1719 5.98039
internal_count=486 288 198 94 83 205 72 56 104 25 39 20 46 26
is_linear=0
shrinkage=0.05


Tree=8
num_leaves=15
num_cat=0
split_feature=114 41 41 135 162 121 131 112 127 80 90 19 16 112
split_gain=89.4169 29.5093 22.6241 22.2168 21.4487 19.9951 19.559 12.6844 12.3411 10.6955 11.0272 11.5029 10.3338 9.78683
threshold=-0.0017942830879286427 0.14041689489742071 0.074540245158716739 -0.014633505172042359 -0.01780234819866517 0.049547720816203018 0.02633037952504615 0.020973711510824118 -0.058295043722753202 -0.12554723662423936 -0.068830640661272424 681.00000000000011 319570.00000000006 -0.028876109039467617
decision_type=2 8 8 2 2 2 2 2 2 2 2 2 2 2
left_child=2 8 3 12 -5 -6 7 -3 13 -4 -11 -12 -1 -2
right_child=1 6 9 4 5 -7 -8 -9 -10 10 11 -13 -14 -15
leaf_value=-0.066319572517366837 0.080915016770924747 0.0058113943868618222 -0.067972322004963268 0.095169498807637226 -0.065535244886513508 0.085370696231832022 -0.066678628345549759 0.10229894008089357 -0.061680192935881076 -0.013247009672976732 -0.067466161054993826 0.096164016169418262 0.060885169585380788 -0.063106395896042056
leaf_weight=6.2358639985322935 3.0522283762693405 5.7348243743181255 1.0968609005212773 15.940734818577765 5.1677748560905474 3.8159769475460052 3.6530334800481787 8.3884883373975736 22.751468017697334 2.517462730407714 1.0924358069896687 63.796556726098061 2.1460488438606262 1.9226006865501428
leaf_count=35 9 21 6 32 30 9 20 14 151 10 6 107 5 12
internal_value=0.0444281 -0.0138407 0.0704707 0.0366679 0.0603492 -0.00143579 0.0364463 0.0631198 -0.0460816 0.0869057 0.0894259 0.0934092 -0.0337509 0.0252557
internal_weight=147.312 45.5026 101.81 33.3064 24.9245 8.98375 17.7763 14.1233 27.7263 68.5033 67.4065 64.889 8.38191 4.97483
internal_count=467 227 240 111 71 39 55 35 172 129 123 113 40 21
is_linear=0
shrinkage=0.05


Tree=9
num_leaves=15
num_cat=0
split_feature=114 41 39 166 86 156 90 86 18 155 61 148 146 165
split_gain=72.5131 41.0371 21.3722 18.443 16.6706 15.6557 11.2474 21.4223 10.352 22.1834 7.94202 6.78122 6.68441 7.89356
threshold=-0.043596150524666089 0.11481766562758268 0.027707795970569851 -0.043733436797348611 0.11017243509234532 -0.22655331007849036 0.026273107850270271 0.011345593800215414 2443.0000000000005 -0.0067118660281871327 115.50000000000001 -0.080292505071637627 0.0072542275008506364 -0.023472201446839747
decision_type=2 8 2 2 2 2 2 2 8 2 2 2 2 2
left_child=5 4 -3 -4 -2 -1 8 -8 9 -7 -10 -12 -5 -14
right_child=1 2 3 12 -6 6 7 -9 10 -11 11 -13 13 -15
leaf_value=-0.06691741921447486 -0.055247991439449244 -0.042083771820306849 -0.066929536938884079 0.10089446160734372 0.060599433555417609 0.085902757925098341 -0.041644890173960815 0.07366038235933163 -0.067611498644707002 -0.065961960993493635 -0.070631526897290742 0.097210586053109671 0.08904057427338502 -0.021527668180596118
leaf_weight=1.9993876814842213 26.079977631568912 5.8695101141929653 2.3640284836292329 13.454751804471014 3.5251625776290885 8.183951333165167 5.5695502161979702 14.555142670869825 0.75766743719577689 3.4051969945430764 0.60846129059791465 54.898300558328629 3.5816672146320343 2.9385002553462973
leaf_count=11 176 29 13 23 11 16 27 30 4 19 3 85 7 13
internal_value=0.0433584 -0.000334063 0.0428216 0.0651303 -0.0414537 0.0714322 0.0745763 0.0417494 0.0843125 0.0412809 0.093176 0.0953707 0.0807595 0.0392098
internal_weight=147.791 57.8136 28.2085 22.3389 29.6051 89.9777 87.9783 20.1247 67.8536 11.5891 56.2644 55.5068 19.9749 6.52017
internal_count=467 272 85 56 187 195 184 57 127 35 92 88 43 20
is_linear=0
shrinkage=0.05


Tree=10
num_leaves=15
num_cat=0
split_feature=114 39 25 20 11 118 76 143 148 38 116 130 41 62
split_gain=94.5325 24.2726 32.5531 19.8921 17.6651 13.489 11.0503 13.6146 9.61516 8.02575 6.86949 6.69026 5.95563 8.90065
threshold=-0.011183094034649616 0.11153955299850545 -11391.499999999998 3087.0000000000005 13493.500000000002 -0.019783464948453587 0.080992033852216941 -0.045832075706660265 -0.085219415282325087 0.021420290995859081 -0.14618802251425375 0.0084161588227391303 0.065685408789572561 230.50000000000003
decision_type=2 2 2 2 2 2 2 2 2 2 2 2 8 2
left_child=3 2 -2 4 5 -1 9 -8 -4 -5 -11 -7 13 -12
right_child=1 -3 8 6 -6 11 7 -9 -10 10 12 -13 -14 -15
leaf_value=0.094357160286220154 0.070763638287462821 0.076665324774299243 0.032530826502615184 -0.067945674893000685 -0.064623992642065128 -0.068444070570119406 0.077623453476722781 -0.065289230578902166 -0.06213694390014024 -0.068076608057507773 -0.020974828658287009 0.048801653036350937 0.092075665269866269 0.077006480704659486
leaf_weight=6.9790371954441079 6.2502645552158347 5.6870664209127417 2.9451295584440222 0.87752731144428153 4.719323366880416 2.6170203983783731 3.8594378083944321 2.9329296201467505 30.0447166711092 0.73429633677005668 2.9695945829153088 2.2739122658967972 62.756408542394638 10.559858813881872
leaf_count=13 17 12 11 5 28 14 8 17 201 4 13 6 97 23
internal_value=0.0404928 -0.0198719 -0.033863 0.0672704 0.0172034 0.0497367 0.0770777 0.0159141 -0.0536856 0.0824109 0.084124 -0.0139337 0.085589 0.0555005
internal_weight=146.207 44.9272 39.2401 101.279 16.5893 11.87 84.6901 6.79237 32.9898 77.8977 77.0202 4.89093 76.2859 13.5295
internal_count=469 241 229 228 61 33 167 25 212 142 137 20 133 36
is_linear=0
shrinkage=0.05


Tree=11
num_leaves=15
num_cat=0
split_feature=76 45 51 41 144 24 39 18 48 160 39 162 103 143
split_gain=41.6881 22.9383 19.6988 18.3583 16.7661 15.9134 18.1445 14.2692 15.7748 13.0322 10.5386 9.9408 10.1956 9.37597
threshold=-0.0050353059465040335 0.20406070142925434 -0.013728131298920367 0.06480138671757317 0.0076944761133462946 -134999.99999999997 0.11153955299850545 5436.5000000000009 90.944444444444457 -0.0071013259639021286 0.065954825156369773 -0.0099047761371512423 0.036611391188195938 -0.066828085659760131
decision_type=2 2 2 8 2 2 2 8 10 2 2 2 2 2
left_child=1 7 3 4 -2 -4 -7 8 -1 -6 -3 -10 -13 -9
right_child=2 10 5 -5 9 6 -8 13 11 -11 -12 12 -14 -15
leaf_value=-0.039791897939899269 -0.063795149091953093 -0.063308795240534163 0.088350671121888061 0.070889132800623131 0.073955096142270804 -0.057427104099556231 0.080652065228707492 -0.066976167201464903 0.08402297653327323 -0.063673374794326901 0.075006966201724853 -0.063716157402178494 0.072689274348608515 0.082900013779826295
leaf_weight=5.5170906484127071 6.9666221216321018 5.1536853834986678 2.6627391129732159 15.47512046992779 6.8169129267334938 19.86690662056208 2.7028751969337454 1.0620641857385624 11.468514740467075 2.3005269765853864 1.8793293982744215 2.8354220613837215 2.6504361107945442 59.687688812613487
leaf_count=30 44 33 5 34 16 125 5 6 22 14 4 18 5 108
internal_value=0.0392417 0.06036 0.00568028 0.0320111 -0.005395 -0.0272526 -0.0408912 0.0676877 0.0336462 0.0392285 -0.0263487 0.0575436 0.00218673 0.0802798
internal_weight=147.046 90.2542 56.7917 31.5592 16.0841 25.2325 22.5698 83.2212 22.4715 9.11744 7.03301 16.9544 5.48586 60.7498
internal_count=469 226 243 108 74 135 130 189 75 30 37 45 23 114
is_linear=0
shrinkage=0.05


Tree=12
num_leaves=15
num_cat=0
split_feature=114 37 41 51 15 162 99 39 179 184 104 119 86 153
split_gain=57.5626 27.4463 15.4526 16.0709 14.5391 12.3685 13.272 11.2654 10.8564 10.6698 9.75121 9.59814 7.34595 5.6804
threshold=-0.0017942830879286427 0.75684770206244867 0.065685408789572561 -0.016117689547022956 3042648.0000000005 -0.013530829492854149 -0.029302222040906722 0.11640729663190819 0.064695415162163802 0.10009844999236008 -0.074990086852757848 0.022411213503976953 -0.10214280204773045 0.11108701172833703
decision_type=2 2 8 2 2 2 2 2 2 2 2 2 2 2
left_child=2 4 3 5 7 -1 -7 9 10 -2 -4 -10 -12 -14
right_child=1 -3 8 -5 -6 6 -8 -9 11 -11 12 -13 13 -15
leaf_value=0.069952690874787116 -0.06130765860880797 0.077693567002764627 -0.019321244820244287 -0.063975640615298437 0.075830273236759727 0.05801789103213887 -0.064598862916111305 0.043737095346257089 0.049484142366081278 0.042654209925348088 -0.071457674754250189 -0.070716822431253518 -0.070366373500227911 0.083348200847408405
leaf_weight=13.90752570331097 26.481117658317093 6.7890336886048308 2.6012886464595786 4.3856546431779853 2.8722339719533911 4.2479110583663013 4.5930089354515049 3.4648727476596823 5.4521396607160559 2.7216797843575469 0.79354427754878898 2.3882658332586288 0.60745617747306724 56.719774380326271
leaf_count=32 186 17 11 27 6 11 28 9 12 11 4 12 3 93
internal_value=0.0341251 -0.014425 0.0556 0.0236619 -0.032022 0.0405575 -0.00568361 -0.0415047 0.0682397 -0.0516185 0.0753891 0.0128697 0.079628 0.0817194
internal_weight=138.026 42.3289 95.6966 27.1341 35.5399 22.7484 8.84092 32.6677 68.5625 29.2028 60.7221 7.84041 58.1208 57.3272
internal_count=462 229 233 98 212 71 39 206 135 197 111 24 100 96
is_linear=0
shrinkage=0.05


Tree=13
num_leaves=15
num_cat=0
split_feature=114 76 0 95 17 118 40 107 110 178 20 145 156 63
split_gain=55.949 27.8447 19.0707 17.7008 16.7875 17.5414 15.9175 12.3976 9.40174 8.99643 8.1358 7.33734 6.0004 6.01563
threshold=-0.11179702798063974 0.009459292060837737 1019.5000000000001 -0.045355299253140503 841257.00000000012 0.098093712046420256 0.053219451151061144 0.079257909508797922 -0.045992746681304771 0.12654510963842483 809.00000000000011 -0.087175131297625996 -0.22655331007849036 664.50000000000011
decision_type=2 2 2 2 10 2 8 2 2 2 2 2 2 2
left_child=10 2 3 8 5 9 7 -4 -2 -3 -1 -12 -13 -14
right_child=1 4 6 -5 -6 -7 -8 -9 -10 -11 11 12 13 -15
leaf_value=-0.013782241897032109 0.094705160382975773 -0.062103541261658304 -0.064857038394518854 -0.06331356461688363 0.10014972353665795 0.07818513913382627 0.067675194330518898 0.090799278019694507 -0.020068874963574495 0.03945509288838242 -0.072614064118531094 -0.066081389302116156 -0.073754365585339321 0.079321607163944305
leaf_weight=2.7339399158954611 3.9915684536099434 22.851614035666 4.4591912031173724 8.4174715429544431 2.3441206216812125 2.8625360354781142 29.286463148891922 1.7938020080327985 3.2265882715582839 2.4106348603963843 0.83961275219917197 0.73316904902458091 0.6483653336763372 63.485111236572266
leaf_count=12 6 159 27 56 3 7 67 4 18 7 4 4 3 104
internal_value=0.0373877 0.00943704 0.0319679 -0.0140495 -0.0284055 -0.0391202 0.0522133 -0.0202038 0.0434 -0.0524124 0.0707307 0.0742472 0.0761481 0.0777741
internal_weight=150.084 81.644 51.1751 15.6356 30.4689 28.1248 35.5395 6.25299 7.21816 25.2622 68.4402 65.7063 64.8666 64.1335
internal_count=481 354 178 80 176 173 98 31 24 166 127 115 111 107
is_linear=0
shrinkage=0.05


Tree=14
num_leaves=15
num_cat=0
split_feature=40 90 99 35 175 113 138 39 10 116 119 76 192 7
split_gain=21.3949 21.7097 21.8601 12.5134 13.7659 11.1914 10.1826 10.0708 19.5425 9.79762 9.73094 8.98143 8.03213 7.61874
threshold=0.061400463515757071 0.01201666228461159 0.0017936362852855583 1.5000000000000002 -0.055861957562485361 0.31816864165679365 0.047225776699881282 0.048875788163603336 1824192.5000000002 0.025251025475463301 0.063844008197602567 -0.055848794812241608 0.092285667251270839 65099.500000000007
decision_type=8 2 2 2 2 2 2 2 2 2 2 2 2 10
left_child=1 2 9 -2 11 7 -4 8 -6 10 -1 -5 -3 -7
right_child=3 12 6 4 5 13 -8 -9 -10 -11 -12 -13 -14 -15
leaf_value=-0.060230889123333312 0.073058732695005332 -0.062606023371269068 -0.048456867893315464 0.040146309637140408 -0.047497651357810408 -0.063436736035323849 0.054279016270497998 0.064810281684008098 0.073168938826621066 0.080095820734285506 0.071059968190101491 -0.066339446505045627 0.03429861162429957 0.057662847375796071
leaf_weight=2.924172148108485 31.044569328427315 11.853241540491579 9.7622893527150136 3.2159731015563011 6.5733950510621053 3.8294548839330664 3.2032751888036719 36.132690474390984 6.8541226536035538 15.41178886592388 2.7279283553361893 5.1530682742595655 2.6090442985296241 1.9653481990098951
leaf_count=22 59 81 65 9 35 25 10 75 13 33 6 32 10 5
internal_value=0.0332064 0.00619412 0.028004 0.0470281 0.0343468 0.0433828 -0.0230749 0.0510704 0.014097 0.0594449 0.0031353 -0.0254201 -0.0451241 -0.022365
internal_weight=143.26 48.4917 34.0295 94.7686 63.7241 55.355 12.9656 49.5602 13.4275 21.0639 5.6521 8.36904 14.4623 5.7948
internal_count=480 227 136 253 194 153 75 123 48 61 28 41 91 30
is_linear=0
shrinkage=0.05


Tree=15
num_leaves=15
num_cat=0
split_feature=114 41 88 45 112 72 138 76 106 156 20 144 156 75
split_gain=53.1253 25.9127 18.0569 14.1166 14.0159 15.549 13.5607 11.9003 14.2151 10.7338 8.95664 6.35097 6.35728 5.88884
threshold=-0.043596150524666089 0.11481766562758268 -0.038427151265790119 0.21004449551911705 -0.046048180636850226 0.76388888888888895 0.062694970662053165 0.07961980739673144 0.019267305750013942 -0.05994807590551219 472.50000000000006 -0.061172973460531584 -0.20318530261062034 -0.026158074221595218
decision_type=2 8 2 2 2 10 2 2 2 2 2 2 2 2
left_child=3 4 -3 7 5 -2 -5 10 -9 -4 -1 -12 -13 -11
right_child=1 2 9 6 -6 -7 -8 8 -10 13 11 12 -14 -15
leaf_value=-0.062916606412378354 -0.030228422367615061 -0.066418411349017062 -0.065214051250983535 -0.043449826566012394 -0.05929003901589143 0.13141657840518603 0.079977410371526669 -0.066797652699011889 0.070816828106627455 0.088501924969523069 -0.017288443262217908 -0.063416169592239821 0.075831128102371373 0.034599624697048421
leaf_weight=1.2503307163715351 4.4208903312683132 4.0545036047697094 1.9065985232591689 6.255272224545477 20.533159106969833 2.2422697395086288 3.4542238116264343 3.6499849855899802 3.8622374981641769 9.2023016661405617 1.9419111162424076 0.82881169021129508 74.298969715833664 11.27584194391965
leaf_count=8 31 23 11 33 162 4 6 21 8 15 7 5 120 34
internal_value=0.0352473 -0.00457619 0.0306715 0.0576036 -0.0388426 0.0241679 0.00046031 0.0640677 0.00395369 0.0482572 0.0698337 0.0719873 0.0742949 0.0588218
internal_weight=149.177 53.6356 26.4392 95.5417 27.1963 6.66316 9.7095 85.8322 7.51222 22.3847 78.32 77.0697 75.1278 20.4781
internal_count=488 280 83 208 197 35 39 169 29 60 140 132 125 49
is_linear=0
shrinkage=0.05


Tree=16
num_leaves=15
num_cat=0
split_feature=114 41 32 51 160 45 143 130 114 159 14 156 87 144
split_gain=57.0107 19.5213 18.398 15.7134 11.5164 10.0255 10.8944 8.21789 8.15797 9.02944 8.06063 5.50647 4.54921 4.73671
threshold=-0.04639777753151942 0.11990847213285076 1.5000000000000002 -0.003683496582724374 0.15770708088159027 0.21004449551911705 -0.026449073960646208 -0.11257088164877703 0.088788982876976771 0.093538904611840917 5391.5000000000009 -0.22655331007849036 -0.094782753136040815 -0.061172973460531584
decision_type=2 8 8 2 2 2 2 2 2 2 2 2 2 2
left_child=5 2 -2 8 -5 7 -7 -1 -3 -10 -9 -12 -13 -14
right_child=1 3 -4 4 -6 6 -8 10 9 -11 11 12 13 -15
leaf_value=-0.074619098266542477 0.068859701393523556 0.071334722657513991 -0.058670258669099064 -0.065754355024352507 0.073227447483121974 0.065171180520482028 -0.038638441622435453 -0.07252978255279674 -0.064665852493646966 0.060741392757573176 -0.062771058034237479 -0.0084968045796168339 -0.0051916162372787795 0.072626146066324185
leaf_weight=1.0658223181962956 3.2641902491450336 11.837863609194761 21.165955387055874 6.6965379789471609 1.9172922074794767 4.7899453341960907 5.35047549754381 1.0480389744043339 2.8403496369719496 2.9016731381416321 0.80752567946910758 1.8703836500644673 2.011058196425437 70.793634176254272
leaf_count=5 11 23 176 39 4 11 29 5 17 6 5 7 7 119
internal_value=0.0327723 -0.00948051 -0.0416306 0.0205049 -0.0348194 0.057152 0.0103972 0.0632619 0.0476129 -0.00129257 0.0651822 0.0670942 0.0684986 0.0704766
internal_weight=138.361 50.6239 24.4301 26.1937 8.61383 87.7369 10.1404 77.5965 17.5799 5.74202 76.5306 75.4826 74.6751 72.8047
internal_count=464 276 187 89 43 188 40 148 46 23 143 138 133 126
is_linear=0
shrinkage=0.05


Tree=17
num_leaves=15
num_cat=0
split_feature=114 41 98 32 50 4 19 45 143 44 136 179 54 163
split_gain=28.821 25.9512 17.8376 19.9136 15.449 11.6518 9.27648 7.21896 15.1756 6.48924 9.3351 6.32901 11.1861 6.01088
threshold=-0.11179702798063974 0.13898323884359173 0.0067787478123322179 1.5000000000000002 0.014817730305977482 4.5000000000000009 2409.5000000000005 0.1872896759841263 -0.024908053928337223 699.00000000000011 -0.052153694031770489 0.02092923893314667 17.500000000000004 -0.14301619515763417
decision_type=2 8 2 8 2 10 2 2 2 2 2 2 2 2
left_child=7 2 3 -2 -5 -6 -3 13 -9 -7 -11 -8 -13 -1
right_child=1 6 -4 4 5 9 11 8 -10 10 -12 12 -14 -15
leaf_value=-0.065142630427911768 0.094543098222260882 -0.066725135859193707 -0.053172315972994356 -0.059476003625593715 -0.059997434131453503 0.086059180209965377 0.06466333413674237 0.079215409209714996 -0.064656757890668479 0.072652553479645679 -0.060785290699113807 0.072271268754189183 -0.040727202544548098 0.06848887040830641
leaf_weight=0.85500679910182853 5.9133904576301601 1.7272112369537342 15.936237230896948 8.9969615116715449 3.1690109968185416 5.6594827398657781 25.436945803463459 4.024977371096611 3.365364506840705 2.7430010363459578 2.5100986436009416 4.3507243245840055 4.4102621078491211 53.317526832222939
leaf_count=5 11 10 117 72 25 11 51 6 20 6 19 8 21 89
internal_value=0.0342787 0.0146516 -0.0106787 0.0126792 -0.00829673 0.0244026 0.0463298 0.0600558 0.0136999 0.0489123 0.00889169 0.0520398 0.0153881 0.0663798
internal_weight=142.416 80.8533 44.9282 28.9919 23.0786 14.0816 35.9251 61.5629 7.39034 10.9126 5.2531 34.1979 8.76099 54.1725
internal_count=471 351 261 144 133 61 90 120 26 36 25 80 29 94
is_linear=0
shrinkage=0.05


Tree=18
num_leaves=15
num_cat=0
split_feature=114 40 32 45 180 88 177 20 163 175 156 189 0 32
split_gain=40.8112 25.3885 22.3906 16.7794 12.4084 11.4018 9.19704 8.53362 7.10003 5.93679 5.62286 4.72824 3.58514 3.49315
threshold=-0.043596150524666089 0.080298976078410883 4.5000000000000009 0.21004449551911705 0.13529248361780735 0.047738707140712128 0.03142574502009414 472.50000000000006 0.18046718257149949 -0.11867621849907291 -0.22655331007849036 -0.13132490628919549 512.50000000000011 3.5000000000000004
decision_type=2 10 8 2 2 2 2 2 2 2 2 2 2 10
left_child=3 4 -3 7 8 -4 -5 -1 -2 -9 -11 -12 -13 -14
right_child=1 2 5 6 -6 -7 -8 9 -10 10 11 12 13 -15
leaf_value=-0.062972338902864952 -0.058961535234382613 0.065294118737950033 -0.064175136663898347 -0.063921774685921126 0.052247683956597339 0.036780332396782245 0.035771924213080356 -0.072103069429673497 0.070396852788316838 -0.065072036634744396 -0.073867509139186133 -0.06689379568229735 0.073353255694414685 0.043335179445019523
leaf_weight=1.3578386977314938 20.772478736937053 17.604841724038128 7.0290591865777952 4.2645129114389402 3.2568761482834807 4.6448700502514839 5.0564016997814178 0.79836517572402854 1.1178263053297985 0.82184860110282798 0.59548810124397178 0.49210522323846717 60.247075736522675 11.549369409680365
leaf_count=9 176 41 45 27 10 15 16 4 4 5 3 3 96 25
internal_value=0.0318601 -0.00196009 0.0296885 0.0534689 -0.0388084 -0.0240066 -0.00984002 0.0612474 -0.0523559 0.0635113 0.0649803 0.0664467 0.0676026 0.0685245
internal_weight=139.609 54.426 29.2788 85.183 25.1472 11.6739 9.32091 75.8621 21.8903 74.5043 73.7059 72.884 72.2886 71.7964
internal_count=479 291 101 188 190 60 43 145 180 136 132 127 124 121
is_linear=0
shrinkage=0.05


Tree=19
num_leaves=15
num_cat=0
split_feature=114 39 53 75 156 184 32 169 156 176 130 97 44 10
split_gain=26.6885 22.7235 17.0074 14.6411 14.3757 12.8915 9.76667 14.3336 8.23581 6.97213 6.50851 6.43046 6.21406 7.23876
threshold=-0.11179702798063974 0.034174199988780428 -5.7742218288968212 0.017347777107669476 -0.05994807590551219 0.075796078229752997 3.5000000000000004 -0.014084187149295683 -0.20318530261062034 0.089824949016334421 -0.075756765684743613 -0.083533300166721669 9222.5000000000018 134488.00000000003
decision_type=2 2 2 2 2 2 8 2 2 2 2 2 2 2
left_child=8 2 -2 4 -3 -5 -6 -8 -1 -4 -10 -12 -13 -14
right_child=1 3 9 5 6 -7 7 -9 10 -11 11 12 13 -15
leaf_value=-0.067000475666272846 0.076275582710674167 -0.05980030949476383 -0.061067417938391738 -0.062986364866239361 0.076889026337587069 0.047353762043470346 -0.045609374254241997 0.053435547943098322 -0.025703442966173013 0.022056132270698785 -0.0068197522643333071 0.075849807714678252 -0.0088983713356606577 0.059547744899066418
leaf_weight=1.3770375996828068 3.1593408808112171 3.1489214003086081 16.863785386085514 7.0872205421328527 18.62846489995718 4.2253297120332718 5.1106675043702117 12.805650860071184 2.3118039220571509 2.9663966894149771 3.4169127494096747 37.04843582212925 5.2969632297754314 14.267495483160017
leaf_count=8 6 26 132 51 38 12 29 34 9 13 11 55 20 28
internal_value=0.0302297 0.00980418 -0.0314674 0.0284061 0.042707 -0.0217734 0.0515397 0.0251828 0.0539496 -0.048633 0.0566212 0.0597916 0.063812 0.0410164
internal_weight=137.714 73.9958 22.9895 51.0063 39.6937 11.3126 36.5448 17.9163 63.7186 19.8302 62.3416 60.0298 56.6129 19.5645
internal_count=472 341 151 190 127 63 101 63 131 145 123 114 103 48
is_linear=0
shrinkage=0.05


Tree=20
num_leaves=15
num_cat=0
split_feature=114 40 98 189 0 43 25 184 156 135 86 130 57 40
split_gain=29.8946 20.2181 17.1706 17.189 10.983 12.5984 10.8919 9.78343 7.6659 7.5984 6.99533 6.31357 5.51766 5.20732
threshold=-0.11732165810764102 0.046103208314241896 0.0067787478123322179 0.031378511879026759 770.00000000000011 0.69372586035259887 -3354.4999999999995 0.1277408119616936 0.038871480297507983 0.063158177209138258 -0.10715809301475653 -0.11257088164877703 2.5000000000000004 0.089804695859444061
decision_type=2 8 2 2 2 2 2 2 2 2 2 2 2 8
left_child=10 7 4 -4 9 -6 13 -2 -5 -3 -1 -12 -13 -7
right_child=1 2 3 8 5 6 -8 -9 -10 -11 11 12 -14 -15
leaf_value=-0.070729725005905339 -0.058734847010199792 -0.063695496060938314 -0.063556154574465312 -0.033191713786958392 0.07223972962500165 -0.0023001894119495979 -0.061334641033299678 0.06546800743145563 0.057665892096034004 0.065037361044338021 -0.07667095469586406 0.063335720202358073 0.013326314565748211 0.074586643859818683
leaf_weight=1.0963913798332203 13.150670811533926 3.896647483110427 9.9227240681648272 3.4429522752761823 22.756679847836494 3.9883934780955315 3.7599955797195461 1.8028677999973286 7.1278063803911209 1.62397875636816 0.8759237676858892 56.985720738768578 6.1066424399614325 4.9171262979507393
leaf_count=6 116 28 69 21 47 19 28 4 16 4 4 103 18 9
internal_value=0.0295922 0.0083787 0.0210693 -0.0162928 0.0397705 0.049994 0.0100241 -0.0437604 0.0280731 -0.0258267 0.0544982 0.0566445 0.0584954 0.0401524
internal_weight=141.455 76.3898 61.4363 20.4935 40.9428 35.4222 12.6655 14.9535 10.5708 5.52063 65.0647 63.9683 63.0924 8.90552
internal_count=492 361 241 106 135 103 56 120 37 32 131 125 121 28
is_linear=0
shrinkage=0.05


Tree=21
num_leaves=15
num_cat=0
split_feature=114 39 32 35 130 76 38 19 61 49 156 130 50 110
split_gain=31.422 15.6748 15.0582 14.0983 11.4339 10.201 8.51809 7.52176 6.76816 6.66055 5.40674 4.98857 4.24263 3.94274
threshold=-0.043596150524666089 0.11153955299850545 3.5000000000000004 2.5000000000000004 -0.070421868343155045 0.094773092461179431 0.069611141816929067 1.0000000180025095e-35 75.500000000000014 24605.000000000004 -0.22655331007849036 -0.11257088164877703 0.0031087632127822771 -0.14208185296458445
decision_type=2 2 8 2 2 2 2 2 2 2 2 2 2 2
left_child=5 2 3 -2 -4 7 -5 -1 -9 -7 -10 -12 -13 -14
right_child=1 -3 4 6 -6 9 -8 8 10 -11 11 12 13 -15
leaf_value=-0.060211682853511694 -0.060968623186410643 0.068529498594678273 0.03713145129490255 -0.026982980198695508 -0.058852169199083093 -0.066849800414634758 0.064622653301783364 -0.028446945085954585 -0.063300658706412938 0.050308850706273472 -0.077295352673014392 -0.064649447905661017 -0.082721751601228771 0.061511710938270563
leaf_weight=1.4819043055176724 4.3230162933468845 6.3175074383616439 3.7069927453994778 3.3471082225441924 19.033630229532719 3.143511362373828 10.493787772953509 2.4323725402355185 0.93141643702983756 1.9754680171608923 0.67512516677379508 0.68381808698177238 0.47712266445159812 68.278054662048817
leaf_count=11 34 11 14 21 170 19 29 10 6 5 3 4 2 127
internal_value=0.0275769 -0.00477183 -0.0160929 0.0178515 -0.0432057 0.0466528 0.0424699 0.0513163 0.0535656 -0.021637 0.0563734 0.0579632 0.0592783 0.0605108
internal_weight=127.301 47.222 40.9045 18.1639 22.7406 80.0788 13.8409 74.9598 73.4779 5.11898 71.0455 70.1141 69.439 68.7552
internal_count=466 279 268 84 184 187 50 163 152 24 142 136 133 129
is_linear=0
shrinkage=0.05


Tree=22
num_leaves=15
num_cat=0
split_feature=114 41 82 184 118 31 133 99 76 35 101 17 44 74
split_gain=22.8577 20.5684 12.3327 15.921 8.49956 8.27339 7.07788 6.96629 6.46108 8.29669 7.01119 6.24738 11.4284 6.47457
threshold=-0.11179702798063974 0.13898323884359173 -0.018545612786341942 -0.0019630471863991291 -0.049104965967239372 1.5000000000000002 0.07415288766859375 0.030384111976049791 0.063221772554731062 1.5000000000000002 -0.099769335619035934 172829.50000000003 11892.000000000002 0.14910827085147679
decision_type=2 8 2 2 2 2 2 2 2 2 2 8 2 2
left_child=8 2 3 -2 7 -5 -4 -3 10 -10 -1 12 -6 -14
right_child=1 4 6 5 11 -7 -8 -9 9 -11 -12 -13 13 -15
leaf_value=-0.07500857153866243 -0.047172633249968426 -0.063977500634763124 -0.058977634574270604 0.067980790716201098 0.054317273832187644 -0.024070045035446186 0.03921577921863325 0.056021600786626928 0.065043409198493565 -0.041508545749298603 0.059137266759553844 0.075807804692065217 -0.065870133974323813 0.047168511432548368
leaf_weight=0.9946521520614614 7.839989215135577 3.5327464267611495 16.188054859638218 9.2333806455135328 12.899624586105348 3.3182308897376052 2.0698282644152632 1.8390426188707349 3.3045634254813185 4.0857262834906578 47.004539057612419 10.780906289815904 3.9880346655845633 1.8564572036266325
leaf_count=5 67 22 146 22 27 24 7 4 7 19 86 17 24 5
internal_value=0.0253981 0.00712829 -0.017997 0.00872857 0.0349554 0.0436456 -0.0478458 -0.0228956 0.0496567 0.00613609 0.0563575 0.0454809 0.0280379 -0.0299643
internal_weight=128.936 73.5463 38.6495 20.3916 34.8968 12.5516 18.2579 5.37179 55.3895 7.39029 47.9992 29.525 18.7441 5.84449
internal_count=482 365 266 113 99 46 153 26 117 26 91 73 56 29
is_linear=0
shrinkage=0.05


Tree=23
num_leaves=15
num_cat=0
split_feature=114 41 45 86 112 39 166 160 79 20 130 145 112 82
split_gain=27.5562 22.4875 11.0353 15.6018 10.6366 9.32045 10.1423 8.30077 5.75857 4.72877 5.83518 5.33922 4.47517 4.31888
threshold=-0.043596150524666089 0.11990847213285076 0.1236140788565271 -0.010500214286294267 -0.07156513589063089 0.027707795970569851 -0.040995461792536721 -0.050202018060917709 -0.091197495546140178 472.50000000000006 -0.11257088164877703 -0.087175131297625996 -0.10871129090043161 -0.021601244194237586
decision_type=2 8 2 2 2 2 2 2 2 2 2 2 2 2
left_child=2 4 9 -4 8 -3 -7 -5 -2 -1 -11 -12 -13 -9
right_child=1 5 3 7 -6 6 -8 13 -10 10 11 12 -14 -15
leaf_value=-0.061502302729099671 0.10856815311522146 -0.036179020161643753 -0.066855168790592251 -0.034973611264513885 -0.056955292549003993 -0.064864214360509667 0.053973598615166596 0.078799090212663542 -0.014434667664904616 -0.074170286434356872 -0.072795967396327807 -0.077437983232841331 0.061851162490233383 0.023222347842598703
leaf_weight=0.8593992292881002 1.5443316698074339 4.6183743476867702 4.7506013512611416 3.3778877928853079 18.428157009184361 1.9882734194397986 18.510290592908856 7.3433053493499791 2.4788944497704533 0.83982214331626792 0.76269812881946464 0.58273857831954856 55.222100391983986 6.671412207186215
leaf_count=6 2 27 30 17 187 12 43 11 19 4 4 3 101 22
internal_value=0.025652 -0.00451323 0.043497 0.0134503 -0.0408749 0.0279895 0.0424468 0.0353848 0.0327805 0.0549157 0.0566585 0.0586008 0.0603966 0.0523429
internal_weight=127.978 47.5683 80.41 22.1432 22.4514 25.1169 20.4986 17.3926 4.02323 58.2668 57.4074 56.5675 55.8048 14.0147
internal_count=488 290 198 80 208 82 55 50 21 118 112 108 104 33
is_linear=0
shrinkage=0.05


Tree=24
num_leaves=15
num_cat=0
split_feature=114 41 186 188 45 52 192 91 169 176 76 192 156 38
split_gain=25.4409 13.7746 14.1672 9.51131 8.97225 8.93284 8.85421 7.67064 7.82706 7.21059 6.02427 10.6442 5.91554 5.21536
threshold=-0.043596150524666089 0.11990847213285076 -0.071387844683768673 0.050368036816435369 0.21004449551911705 -0.014598012050337764 -1.0000000180025095e-35 -0.0048018298942457648 0.080004199563469755 -0.017887684993074342 0.07961980739673144 -0.020733403322371089 -0.20318530261062034 0.013695999870351855
decision_type=2 8 2 2 2 2 2 2 2 2 2 2 2 2
left_child=4 2 6 7 10 9 -2 -3 -9 -6 12 -12 -1 -14
right_child=1 3 -4 -5 5 -7 -8 8 -10 -11 11 -13 13 -15
leaf_value=-0.068493006585227709 0.080626618206586509 0.054646526464729332 -0.056805000914492546 -0.064173404281656687 0.076393823991189561 -0.063695217404891327 -0.055997850584144464 -0.063283960952998028 0.051915059893542517 -0.028703837895462936 0.06229968827084198 -0.064434371663935064 -0.060998343406272762 0.057209172811286381
leaf_weight=0.97661005705594917 3.687874473631382 14.237991735339168 15.908076502382754 2.7662865519523612 3.993711069226265 3.6432726755738241 1.7479098141193414 3.3644482493400583 2.6248364299535751 2.7597979828715324 3.5875169485807419 3.0784832388162604 0.9469190388917913 64.001751385629177
leaf_count=6 12 34 164 17 7 24 19 22 7 14 7 19 7 119
internal_value=0.0265107 -0.00406674 -0.0329929 0.0227841 0.0428471 -0.000594509 0.0366942 0.0346764 -0.0127974 0.033446 0.0490689 0.00377154 0.0536492 0.0554858
internal_weight=127.325 44.3374 21.3439 22.9936 82.9881 10.3968 5.43578 20.2273 5.98928 6.75351 72.5913 6.666 65.9253 64.9487
internal_count=478 275 195 80 203 45 31 63 29 21 158 26 132 126
is_linear=0
shrinkage=0.05


Tree=25
num_leaves=15
num_cat=0
split_feature=41 179 53 114 57 150 74 113 130 45 152 179 176 163
split_gain=25.3988 14.0808 13.4077 11.1741 11.5461 10.8077 7.52368 6.19375 5.01149 5.08833 7.22929 4.73486 3.38196 2.72015
threshold=0.063012334196510839 0.051620896937667873 -4.8549676801133907 0.1001852009432075 -1.4999999999999998 0.0041034849013456944 -0.10484585770915301 0.26196319914704924 -0.089544614662713448 0.19818855114389497 0.020953170154690701 0.12566524615596372 -0.10249862814579584 -0.15078643033169312
decision_type=8 2 2 2 2 2 2 2 2 2 2 2 2 2
left_child=2 3 -1 8 -5 -3 -7 -4 -2 12 -11 -9 -10 -14
right_child=1 5 7 4 -6 6 -8 11 9 10 -12 -13 13 -15
leaf_value=0.053995532408774277 -0.01480250311334751 -0.06935139332360192 0.015927703268127227 0.053193644428035973 -0.047253990440836516 -0.069105857605402388 0.044814891230686667 -0.059889837795259394 -0.0017789293925825718 -0.061210907224785484 0.053618076201855096 0.051391748935904619 -0.062099744591147567 0.059697562237975565
leaf_weight=4.5937065482139614 2.9554659426212302 5.3406469821929923 3.9814295545220402 5.0111473798751831 6.667024649679659 1.8339796587824819 6.9101084694266302 16.133887059986595 2.4120409041643063 2.3223394379019728 3.3448166400194168 1.0160728693008412 0.46223503351210737 55.437376745045199
leaf_count=11 12 33 15 16 50 11 20 152 9 18 7 4 3 118
internal_value=0.0205317 0.0327302 -0.023424 0.0409788 -0.00415153 -0.0133083 0.0209212 -0.040254 0.0488527 0.0517933 0.0065624 -0.0532968 0.0561891 0.0586904
internal_weight=118.422 92.6972 25.7251 78.6124 11.6782 14.0847 8.74409 21.1314 66.9343 63.9788 5.66716 17.15 58.3117 55.8996
internal_count=479 297 182 233 66 64 31 171 167 155 25 156 130 121
is_linear=0
shrinkage=0.05


Tree=26
num_leaves=15
num_cat=0
split_feature=76 45 176 57 153 129 53 43 49 127 189 187 162 125
split_gain=19.0144 11.2046 12.8002 9.77146 10.469 8.4414 6.63271 8.41788 4.29603 5.98639 7.99092 4.85784 6.50665 6.58721
threshold=0.030520806491972974 0.19702567918758232 -0.055188792056508083 1.0000000180025095e-35 0.23121822284664192 0.043745363172693327 -0.25492243622853178 0.32057928380090844 23110.000000000004 -0.016154057392911595 -0.029493845758007255 -0.035290896203869368 -0.023071152109253167 -0.050695704280247729
decision_type=2 2 2 2 2 2 2 2 2 2 2 2 2 2
left_child=1 6 -3 4 -2 -6 8 -8 9 -1 -11 -12 -13 -14
right_child=3 2 -4 -5 5 -7 7 -9 -10 10 11 12 13 -15
leaf_value=0.057127790427041927 -0.060842617140475043 0.060946959713199127 -0.061890875967993468 -0.061292758462627106 0.043087742733724371 -0.060390654698342941 0.055414331973900215 -0.043452562157038056 0.065191391491553383 -0.036475522580624281 0.065369319055845046 0.046664850713001478 0.044782139547060666 -0.06680378123519673
leaf_weight=23.236015059053894 4.4436679854989114 3.3564588576555252 5.7604980915784818 7.3629404269158831 12.433572202920912 2.3421070910990229 3.8863653913140279 4.8271529600024223 22.067685328423977 4.7419407218694678 8.2410890609025973 7.5750596225261679 2.1341669410467139 3.4778967574238848
leaf_count=57 37 9 47 65 45 21 8 36 42 28 16 21 6 23
internal_value=0.0248071 0.0358568 -0.0166674 -0.0123152 0.00644813 0.0266853 0.0418286 0.000643618 0.0468496 0.0386571 0.0222572 0.0352544 0.0164346 -0.0243697
internal_weight=115.887 89.3043 9.11696 26.5823 19.2193 14.7757 80.1874 8.71352 71.4739 49.4062 26.1702 21.4282 13.1871 5.61206
internal_count=461 293 56 168 103 66 237 44 193 151 94 66 50 29
is_linear=0
shrinkage=0.05


Tree=27
num_leaves=15
num_cat=0
split_feature=114 52 37 0 170 75 33 89 20 145 92 0 148 96
split_gain=21.3724 12.1865 14.2532 9.23084 7.96971 8.9119 6.85424 9.76871 6.76524 8.82934 11.6947 5.39774 3.99611 3.37077
threshold=-0.0017942830879286427 -0.027497108573524175 0.80402345857367374 50905.000000000007 0.065184541743878485 0.022149785701120448 4.5000000000000009 -0.02641997524589226 6056.5000000000009 0.014356206586004805 -0.054495461198091961 1629.0000000000002 -0.087540976428342507 -0.10991870154151366
decision_type=2 2 2 2 2 2 2 2 2 2 2 2 2 2
left_child=4 11 3 -3 6 -6 8 -8 9 10 -1 -2 -10 -14
right_child=1 2 -4 -5 5 -7 7 -9 12 -11 -12 -13 13 -15
leaf_value=0.042319392166520552 -0.018314630506327742 -0.057894683231571389 0.049094625592802282 0.075178740968834271 -0.053154879454669957 0.039162415090542725 -0.0568116444510674 0.039708224806228667 -0.084036014853450219 0.053828487321842255 -0.065778379140888021 0.073493972616066355 -0.076713685607123647 0.062750606063631711
leaf_weight=5.1873493120074272 2.3837799318134811 18.628826096653945 4.5904239043593398 1.4011800885200489 5.1450674906373006 5.314604140818119 4.111856073141098 7.2323665395379049 0.47957150638103385 11.942025221884249 4.8333551101386565 4.8752822503447533 0.43818440288305183 38.510807476937771
leaf_count=16 20 187 12 2 29 16 19 22 2 25 36 10 3 74
internal_value=0.0212223 -0.0135874 -0.0303734 -0.0485857 0.034561 -0.00624807 0.0404295 0.00472339 0.0470275 0.0247882 -0.00982015 0.0433452 0.0594153 0.0611816
internal_weight=115.075 31.8795 24.6204 20.03 83.1952 10.4597 72.7355 11.3442 61.3913 21.9627 10.0207 7.25906 39.4286 38.949
internal_count=473 231 201 189 242 45 197 41 156 77 52 30 79 77
is_linear=0
shrinkage=0.05


Tree=28
num_leaves=15
num_cat=0
split_feature=114 41 156 115 62 33 33 189 118 176 35 106 105 113
split_gain=18.3145 17.665 10.6385 8.69337 8.97342 8.8814 5.91668 8.91851 5.28241 5.17725 4.9016 4.81079 4.08506 3.80992
threshold=-0.11179702798063974 0.06163384929275148 -0.05994807590551219 -0.0205025440307063 211.50000000000003 4.5000000000000009 4.5000000000000009 0.010556724723277589 -0.049104965967239372 0.043466317728564956 2.5000000000000004 0.045200226068323572 -0.097354873338245038 0.2906535858195321
decision_type=2 8 2 2 2 2 2 2 2 2 2 2 2 2
left_child=6 -2 -3 5 13 8 9 -8 -4 12 -11 -7 -1 -5
right_child=1 2 3 4 -6 11 7 -9 -10 10 -12 -13 -14 -15
leaf_value=-0.086953280120136367 -0.050540597395946622 -0.045016411052428651 -0.0066041389322549536 0.059846526523011229 -0.046517728436931222 -0.070053392315374746 -0.053129147113811372 0.047382330335215675 0.059883745919896737 0.050337740445971703 -0.029992845945347305 0.032296337220731573 0.05864650684590092 -0.010454704878005826
leaf_weight=0.48824296891689201 12.894535321742294 6.4877592623233786 3.4606970623135593 4.5393125489354151 7.4504985697567463 2.5747749432921401 3.849072799086569 5.1732402443885803 21.841136954724789 3.9149932265281668 3.6876551285386086 2.0720515921711922 36.19585632532835 3.3491239249706268
leaf_count=2 139 49 17 11 56 14 18 12 53 9 15 6 72 19
internal_value=0.0197097 0.00182367 0.0148649 0.0234433 -0.00716688 0.039121 0.0414075 0.00450242 0.0507898 0.048926 0.0113735 -0.024415 0.0567087 0.0299994
internal_weight=117.979 64.6699 51.7754 45.2876 15.3389 29.9487 53.3091 9.02231 25.3018 44.2867 7.60265 4.64683 36.6841 7.88844
internal_count=492 364 225 176 86 90 128 30 70 98 24 20 74 30
is_linear=0
shrinkage=0.05


Tree=29
num_leaves=15
num_cat=0
split_feature=114 41 32 33 83 47 13 36 164 39 117 118 177 186
split_gain=16.9081 16.0202 11.7987 10.6732 10.2282 5.79709 9.65957 5.40976 4.69602 4.10406 9.56496 3.48406 5.16624 3.41847
threshold=-0.11179702798063974 0.13898323884359173 1.5000000000000002 4.5000000000000009 -0.063957272563649151 1.5897652102837108 1033.5000000000002 4.5000000000000009 -0.13241704864177758 0.027707795970569851 0.098543627615976209 -0.074122405736112076 0.056991758959494397 -0.075864118963316782
decision_type=2 8 8 2 2 8 2 2 2 2 2 2 2 2
left_child=5 2 13 9 7 6 -1 -4 -7 10 -3 12 -6 -2
right_child=1 3 4 -5 11 8 -8 -9 -10 -11 -12 -13 -14 -15
leaf_value=0.043753639571029887 0.088878267052079296 -0.062701631498277066 -0.030056604913988046 -0.044034483103351896 -0.058146950636638155 -0.08071977500255284 -0.069646589708436193 0.067869848572117614 0.05185965563135652 0.054971002563932697 0.064672513485208458 -0.058548630208059643 0.068154689995179971 0.012692215001632019
leaf_weight=5.349543482065199 2.4026656150817871 2.6833137944340768 2.5021254196763065 4.0713901147246352 1.8416646607220202 0.67871122062206168 2.8936773836612701 3.2320807874202728 41.967040278017521 18.562158815562725 3.2700029164552689 18.237242572009563 1.4448408707976339 3.8027690947055808
leaf_count=13 4 19 23 23 20 3 16 9 87 41 6 188 3 18
internal_value=0.0209675 0.00344746 -0.0200343 0.0309348 -0.0342001 0.0423302 0.00394594 0.0251396 0.0497496 0.0433853 0.00726169 -0.050009 -0.00262117 0.0421905
internal_weight=112.939 62.0503 33.4634 28.5869 27.258 50.889 8.24322 5.73421 42.6458 24.5155 5.95332 21.5237 3.28651 6.20543
internal_count=473 354 265 89 243 119 29 32 90 66 25 211 23 22
is_linear=0
shrinkage=0.05


Tree=30
num_leaves=15
num_cat=0
split_feature=45 162 109 133 135 118 33 138 51 14 187 152 86 0
split_gain=12.3319 12.6928 11.3695 9.86663 8.88334 7.55939 5.69696 10.2144 4.07061 16.0772 3.23664 2.86395 2.77823 2.73984
threshold=0.09642369145132472 0.08703935094992811 0.03148327603221892 0.0039729605670278294 0.032282601347737916 -0.059447790894258536 4.5000000000000009 -0.027871004911626147 -0.0072465709489930195 151699.00000000003 -0.05413778259705055 0.052303944678050385 -0.10715809301475653 501.50000000000006
decision_type=2 2 2 2 2 2 2 2 2 2 2 2 2 2
left_child=1 6 3 5 -5 -2 8 -8 11 -10 -7 12 -1 -4
right_child=2 -3 13 4 -6 10 7 -9 9 -11 -12 -13 -14 -15
leaf_value=-0.0068523786632732802 -0.063838514357612564 -0.044458742220815695 0.034354464137674942 -0.06232759453228115 0.024861064818807389 -0.017225191137184903 0.046636926962363559 -0.069027400076505693 -0.062954398109787271 0.050525857879914274 0.05611312436321695 0.01313194770124242 0.059925229658911484 -0.06162188563819674
leaf_weight=1.6290956027805794 1.6751548685133482 4.9309554547071448 0.82107138633727839 6.399897348135708 5.3750404380261898 1.690857749432326 4.6093222126364708 3.2579111754894248 4.0878462381660965 13.197539813816546 13.644988510757685 4.1366324089467517 35.474630251526833 7.8803934715688229
leaf_count=7 15 40 2 56 23 13 13 22 35 34 40 18 81 70
internal_value=0.0207354 0.0329386 -0.00248243 0.0126568 -0.0225276 0.0370112 0.0386868 -0.00126099 0.0440567 0.0236887 0.0480272 0.0525937 0.0569933 -0.0525655
internal_weight=108.811 71.3239 37.4874 28.7859 11.7749 17.011 66.393 7.86723 58.5257 17.2854 15.3358 41.2404 37.1037 8.70146
internal_count=469 250 219 147 79 68 210 35 175 69 53 106 88 72
is_linear=0
shrinkage=0.05


Tree=31
num_leaves=15
num_cat=0
split_feature=114 40 85 32 71 44 109 37 119 139 165 18 121 49
split_gain=17.8615 12.4065 8.78124 7.78663 6.33315 7.788 6.40513 8.22502 9.34981 5.95633 4.86582 4.64172 3.98505 2.91873
threshold=-0.043596150524666089 0.10618263788225459 -0.11774489203209919 1.5000000000000002 0.10578678349762689 63.500000000000007 0.035295149669022967 0.6202627180481014 -0.033602439323878311 -0.02115335865290895 -0.0595820167724294 7497.0000000000009 0.10414831132697976 -6658.9999999999991
decision_type=2 10 2 8 10 2 2 2 2 2 2 8 2 2
left_child=4 2 -2 -4 6 -6 10 8 -8 -3 11 -1 -5 -12
right_child=1 9 3 12 5 -7 7 -9 -10 -11 13 -13 -14 -15
leaf_value=-0.039184748770051479 0.061789947730298535 -0.034082054807212998 0.032980293630155796 -0.056256192835048513 0.056378058611685683 -0.062758795396630568 0.033129271934624914 0.050087169008204591 -0.068964722763872652 0.04714397110762001 -0.059322792970363837 0.038520917206470343 0.055163200743205382 0.059258248603510533
leaf_weight=2.5523607134819013 2.4601367563009289 2.8034900426864615 3.2645233273506191 17.017839368432764 2.3245870023965827 3.3465613573789597 4.4358709752559662 8.5321358144283277 4.535441569983961 11.577955074608324 0.52568845450878043 7.7793913558125496 0.84223031625151534 40.326607555150986
leaf_count=12 7 17 13 204 5 25 13 17 27 30 4 21 3 81
internal_value=0.0226109 -0.00529261 -0.027612 -0.0380236 0.0368579 -0.0139249 0.0410508 0.0149412 -0.0184843 0.0313099 0.0499795 0.0193245 -0.051002 0.0577323
internal_weight=112.325 37.9662 23.5847 21.1246 74.3586 5.67115 68.6875 17.5034 8.97131 14.3814 51.184 10.3318 17.8601 40.8523
internal_count=479 274 227 220 205 30 175 57 40 47 118 33 207 85
is_linear=0
shrinkage=0.05


Tree=32
num_leaves=15
num_cat=0
split_feature=114 76 104 153 57 57 84 86 139 132 136 125 50 51
split_gain=12.4774 9.1285 9.82229 8.93777 8.29421 8.08456 6.45076 6.16349 8.54324 5.8529 5.33558 3.32216 3.17177 7.53347
threshold=0.1001852009432075 0.01138627709070089 -0.074990086852757848 0.23121822284664192 -1.4999999999999998 1.0000000180025095e-35 0.060863174335132518 -0.04330982538040274 -0.024316371180958526 -0.028131550398248977 0.032845121751862438 0.10438427146582106 0.016810877745469761 -0.023291687795978479
decision_type=2 2 2 2 2 2 2 2 2 2 2 2 2 2
left_child=1 2 -1 -3 6 10 -2 8 -4 -7 12 -6 13 -5
right_child=4 3 7 5 11 9 -8 -9 -10 -11 -12 -13 -14 -15
leaf_value=-0.040984328992847506 -0.025934739016892323 -0.061059610686200222 -0.068504369799811199 0.062308048023674983 -0.057861841079494242 0.038555932028700043 0.080332980852970637 0.05052173208763177 0.032694891788330759 -0.063764881749650948 -0.029697498517461451 0.046270508501130618 0.063369539706687128 -0.061098007161425161
leaf_weight=3.6863443441689006 2.8399904444813719 4.3754692599177387 2.6346033662557593 3.2192615196108871 8.694110900163647 2.0493856631219387 2.8724557161331177 52.106307588517666 10.005995012819765 4.3944295644760123 2.7468810006976119 0.83992567285895425 9.5272337757050973 2.0081238411366948
leaf_count=22 25 38 17 9 92 8 4 132 33 37 19 4 21 18
internal_value=0.0218988 0.0285236 0.0384036 0.00465014 -0.020142 0.0166571 0.0275011 0.0429235 0.0116025 -0.0312229 0.0342859 -0.048688 0.0461977 0.0149011
internal_weight=112.001 96.754 68.4333 28.3208 15.2465 23.9453 5.71245 64.7469 12.6406 6.44382 17.5015 9.53404 14.7546 5.22739
internal_count=479 354 204 150 125 112 29 182 50 45 67 96 48 27
is_linear=0
shrinkage=0.05


Tree=33
num_leaves=15
num_cat=0
split_feature=114 0 41 98 189 50 170 117 37 99 101 8 63 63
split_gain=13.6401 11.2538 11.5447 7.18995 10.8666 6.6808 5.49642 7.57766 4.09078 6.26619 3.93427 5.20351 4.08585 3.71372
threshold=-0.11057888269142531 981.50000000000011 0.051329949727262798 0.0067787478123322179 0.031378511879026759 0.049499039032484919 0.068481814360902726 0.021548266064997323 0.57981556086890607 -0.0037245779223326302 -0.039210257424694528 337188.00000000006 664.50000000000011 992.50000000000011
decision_type=2 2 8 2 2 2 2 2 2 2 2 2 2 2
left_child=6 5 -3 8 -5 13 10 -8 9 -4 11 -1 -12 -2
right_child=1 2 3 4 -6 -7 7 -9 -10 -11 12 -13 -14 -15
leaf_value=-0.031003481325349913 -0.058916210478594792 -0.056547642812241943 0.043357101061743349 -0.062252110246266458 0.038242722680099754 0.049940982906628711 -0.067495387893553069 0.053669358353234234 0.05740209418639465 -0.040730369812628515 -0.073423533961551699 0.057680164291913472 0.054099555120323599 0.010181456522055069
leaf_weight=3.5808047577738753 10.896678056567906 4.7558267451822775 6.9102573618292791 4.9603852890431863 5.8769589141011238 2.0726940333843222 2.6882252022624007 2.4816118106245995 15.129979006946085 3.2611206881701982 0.63953730463981528 3.0740023702383041 35.195929929614067 2.3669569864869109
leaf_count=14 117 61 24 39 20 5 16 6 36 29 3 6 79 15
internal_value=0.0196656 0.00298627 0.0166844 0.0263217 -0.00775499 -0.0335399 0.0393445 -0.0093342 0.0409177 0.0163972 0.0452673 0.00996145 0.0518237 -0.0465854
internal_weight=103.891 56.2309 40.8945 36.1387 10.8373 15.3363 47.6601 5.16984 25.3014 10.1714 42.4903 6.65481 35.8355 13.2636
internal_count=470 346 209 148 59 137 124 22 89 53 102 20 82 132
is_linear=0
shrinkage=0.05


Tree=34
num_leaves=15
num_cat=0
split_feature=114 85 39 32 76 21 33 14 57 152 32 139 116 48
split_gain=10.5364 11.2651 10.5683 8.05879 6.55734 7.73011 5.56089 9 5.45939 4.88707 4.86413 7.26628 5.42175 4.62929
threshold=-0.043596150524666089 -0.062726265495640837 0.056873050843157837 4.5000000000000009 0.072628900406392929 7250.0000000000009 4.5000000000000009 340262.00000000006 -1.0000000180025095e-35 0.10690130106353792 3.5000000000000004 0.0038141258805493065 -0.12842510461465426 205.16250000000002
decision_type=2 2 2 8 2 2 2 2 2 2 10 2 2 10
left_child=4 13 9 -4 6 -6 10 8 -8 -3 12 -12 -1 -2
right_child=1 2 3 -5 5 -7 7 -9 -10 -11 11 -13 -14 -15
leaf_value=-0.066662190287607434 -0.020010524451595495 -0.056629012054889655 0.043948008453223407 -0.035376464191271405 -0.063451331065722802 0.056000203995526222 0.020792622461335165 0.057107993753828204 -0.076552731212873454 0.071111302047258421 -0.0515361178341954 0.043683865198222732 0.050743983256566698 0.057200414075952714
leaf_weight=1.0059207454323758 2.496155969798564 13.37250541895628 8.0735788121819461 5.3060979321599016 3.7415676340460768 2.122804619371891 2.3862225860357285 4.2445527464151382 3.6333693116903287 0.79315169528126794 3.2748983651399595 5.1608620285987854 43.779124729335308 8.7338219098746759
leaf_count=6 23 163 31 41 27 5 8 9 19 2 14 14 103 28
internal_value=0.0187038 -0.00216979 -0.0193776 0.0124896 0.0303749 -0.0202119 0.0350478 0.00135124 -0.0379641 -0.0494767 0.0415466 0.00671793 0.0481069 0.0400383
internal_weight=108.125 38.7753 27.5453 13.3797 69.3493 5.86437 63.485 10.2641 6.01959 14.1657 53.2208 8.43576 44.785 11.23
internal_count=493 288 237 72 205 32 173 36 27 165 137 28 109 51
is_linear=0
shrinkage=0.05


Tree=35
num_leaves=15
num_cat=0
split_feature=114 98 50 0 40 159 184 32 118 35 97 163 37 156
split_gain=12.0342 13.0327 9.57896 8.97998 7.32281 6.68654 6.56063 5.62581 4.92203 3.84672 5.02365 3.92434 3.35851 5.82504
threshold=-0.11179702798063974 0.0067787478123322179 0.010757107078577891 981.50000000000011 0.11817563978890573 -0.092290906451347174 -0.057217577369929044 3.5000000000000004 -0.078418703656952596 1.5000000000000002 -0.061490781312865554 -0.072733453746597607 0.57981556086890607 0.032673077283191215
decision_type=2 2 2 2 8 2 2 8 2 2 2 2 2 2
left_child=6 2 -2 5 -3 -4 -1 -6 -5 -8 -11 -12 13 -10
right_child=1 4 3 8 7 -7 9 -9 12 10 11 -13 -14 -15
leaf_value=-0.038958444063625197 -0.041642963465274636 -0.058201425739795504 0.036294888543902629 -0.061893354918576497 0.058041310924652013 -0.05906598732499925 0.064014987648500651 -0.02958166358699631 -0.029699229789057646 -0.037734407857290597 -0.014272965706195668 0.045198364338212317 0.064238997779915707 0.051901907338624778
leaf_weight=2.7226373702287665 5.7404850609600535 11.411132764071224 3.1582337878644466 1.0677998103201414 3.0247435718774822 4.3981612287461749 12.653956614434717 4.6448858976364136 3.198435992002489 2.4461988508701316 3.1910990104079273 21.217460788786415 13.441251572221516 6.9157732017338276
leaf_count=14 59 134 11 10 7 44 25 26 26 10 16 52 28 20
internal_value=0.0158843 0.000896849 0.0178562 0.0284701 -0.0328073 -0.0192094 0.0361133 0.00497503 0.0431021 0.0412867 0.0305772 0.0374233 0.0478617 0.026097
internal_weight=99.2323 57.0009 37.9201 32.1797 19.0808 7.5564 42.2314 7.66963 24.6233 39.5087 26.8548 24.4086 23.5555 10.1142
internal_count=482 365 198 139 167 55 117 33 84 103 78 68 74 46
is_linear=0
shrinkage=0.05


Tree=36
num_leaves=15
num_cat=0
split_feature=114 52 45 76 138 157 0 189 181 89 78 17 163 109
split_gain=13.8771 10.7124 6.40789 7.85561 7.24834 5.86687 6.95152 5.72831 5.61551 4.97728 4.23075 3.24877 3.17134 3.16439
threshold=-0.0017942830879286427 -0.027497108573524175 0.21004449551911705 0.094773092461179431 0.062694970662053165 -0.13601379328424956 50905.000000000007 -0.046219178057789891 0.015572252088882516 -0.012835051981735618 0.03696692854084279 3308.0000000000005 0.075836972071436734 -0.010992041200407499
decision_type=2 2 2 2 2 2 2 2 2 2 2 10 2 2
left_child=2 11 3 7 -4 -3 -7 10 12 13 -1 -2 -9 -10
right_child=1 5 4 -5 -6 6 -8 8 9 -11 -12 -13 -14 -15
leaf_value=-0.039641010369273741 -0.014951811335240768 0.019817368392987103 -0.044782896719963348 -0.038984811761343365 0.053787919754607755 -0.056656503346469871 0.067806538774124347 0.060920524276469212 0.020585879867396698 0.036258402465456349 0.033279709236403936 0.05965453607916682 0.017100351859862684 -0.066398475189505146
leaf_weight=3.7728865556418887 2.0306699536740807 4.1992647685110631 5.6585442461073381 3.480289924889802 2.7819077596068382 14.220222409814591 1.2179475426673878 31.543888758867979 1.9135043025016782 11.909407459199427 4.2071306258440018 5.1848094873130322 4.7507453784346572 2.3050690740346935
leaf_count=20 18 24 44 25 7 176 2 68 7 35 11 14 15 15
internal_value=0.0172535 -0.013441 0.02865 0.0340598 -0.0122947 -0.0325839 -0.0468374 0.0382684 0.044276 0.0197268 -0.00119661 0.0386579 0.0551847 -0.0269432
internal_weight=99.1763 26.8529 72.3234 63.8829 8.44045 19.6374 15.4382 60.4026 52.4226 16.128 7.98002 7.21548 36.2946 4.21857
internal_count=481 234 247 196 51 202 178 171 140 57 31 32 83 22
is_linear=0
shrinkage=0.05


Tree=37
num_leaves=15
num_cat=0
split_feature=114 89 20 162 87 156 33 168 125 187 190 114 86 115
split_gain=11.9507 12.2917 9.79713 8.10734 6.21162 5.8587 4.1081 9.06561 3.60857 4.84488 7.5351 3.48859 3.12852 3.41787
threshold=-0.11057888269142531 -0.02641997524589226 3697.5000000000005 0.059058788303299643 -0.11291160100596175 -0.056487105467992578 4.5000000000000009 -0.021026253691074467 0.0043068026807653228 -0.03688340950785627 0.015095393050417859 0.19595448375907579 -0.054828326281958169 -0.0205025440307063
decision_type=2 2 2 2 2 2 2 2 2 2 2 2 2 2
left_child=6 4 11 5 -2 -4 8 -8 -1 -10 -11 -3 -7 -14
right_child=1 2 3 -5 -6 12 7 -9 9 10 -12 -13 13 -15
leaf_value=0.056534787307807699 0.065392676543412936 -0.057696317041677915 -0.030707709488336149 -0.038907914473532895 -0.0586164893164429 -0.0080294527124505962 0.042496330537539213 -0.072588533238829869 0.054393324284086789 0.029196280417949153 -0.074974382996674763 0.055588895946791318 0.059530365205046447 0.011923638272400526
leaf_weight=21.40063564479351 1.1248631477355946 5.4244254343211642 3.0249411202967158 4.2824303619563571 9.8723058104515058 2.6798575595021275 4.9498594403266907 2.6153389886021605 7.4985592961311331 6.0296792536973935 2.4377984181046486 0.77691925689578045 17.324083495885137 4.818859767168763
leaf_count=48 2 69 25 45 112 15 12 16 18 17 13 3 41 28
internal_value=0.0176571 0.000665672 0.0140344 0.0251396 -0.045932 0.0349889 0.0363112 0.00271073 0.0431139 0.0251248 -0.000794596 -0.0435037 0.0429947 0.0491699
internal_weight=94.2606 49.3287 38.3315 32.1302 10.9972 27.8477 44.9319 7.5652 37.3667 15.966 8.46748 6.20134 24.8228 22.1429
internal_count=464 340 226 154 114 109 124 28 96 48 30 72 84 69
is_linear=0
shrinkage=0.05


Tree=38
num_leaves=15
num_cat=0
split_feature=114 85 41 112 20 51 190 104 86 135 43 78 114 143
split_gain=15.4024 7.44073 5.84286 8.04527 5.79163 12.5534 6.28583 5.08468 4.56467 3.63535 3.62737 7.91872 2.12132 4.13779
threshold=-0.0037408581532301639 -0.084726351883255099 0.21761419435424281 0.021323165830626708 6387.5000000000009 -0.014880925486100012 0.059255960084769715 0.13851642446519932 -0.10715809301475653 -0.032955638313463202 1.3066303655773126 0.069843370361529336 -0.12228089252612974 0.046357600703421958
decision_type=2 2 8 2 2 2 2 2 2 2 2 2 2 2
left_child=4 -2 7 -4 5 6 9 -3 -6 -1 -10 -12 -11 -14
right_child=1 2 3 -5 8 -7 -8 -9 10 12 11 -13 13 -15
leaf_value=-0.027045977286671099 0.036524280088013006 -0.055600436483562977 -0.059476927828963959 0.056445026681610305 -0.029160220571950765 -0.066708160900581237 -0.043676797293995685 0.07532245612267878 0.053399426458579757 0.057587073075596719 -0.048192700579086478 0.045635163073698935 -0.02997482823114658 0.066276061936933445
leaf_weight=1.9176991358399469 5.3542034775018719 12.937344186007971 2.4885226190090224 3.7555934116244316 2.2226969152688971 4.3483440950512877 2.7278002351522437 0.78670063614845354 30.396945148706436 11.131881259381776 3.0782044641673556 8.3446965143084508 2.2972503937780795 2.1726362407207489
leaf_count=12 25 183 20 9 12 34 18 2 74 25 19 22 18 4
internal_value=0.0175117 -0.0158173 -0.0298521 0.0102456 0.0298076 0.0103721 0.026926 -0.0480956 0.0406614 0.037919 0.0443723 0.0203507 0.0459042 0.0168089
internal_weight=93.9605 25.3224 19.9682 6.24412 68.6382 24.5956 20.2473 13.724 44.0425 17.5195 41.8198 11.4229 15.6018 4.46989
internal_count=477 239 214 29 238 111 77 185 127 59 115 41 47 22
is_linear=0
shrinkage=0.05


Tree=39
num_leaves=15
num_cat=0
split_feature=71 90 32 81 114 41 112 10 75 115 146 88 33 189
split_gain=8.43901 7.85469 7.76142 7.28147 6.59072 9.03919 9.94102 4.70293 4.28695 5.27164 3.713 3.59465 3.44383 5.68128
threshold=0.56410256410256421 0.1015162228623032 3.5000000000000004 -0.024446834880038602 -0.043596150524666089 0.12775948425783967 -0.07156513589063089 10307.500000000002 -0.016778502395729918 -0.054547003521454591 -0.010652809921536862 -0.098795580624114324 4.5000000000000009 0.028805977311069354
decision_type=10 2 10 2 2 8 2 2 2 2 2 2 2 2
left_child=1 2 4 10 12 6 -6 -5 -7 -10 -4 -2 -1 -14
right_child=11 -3 3 7 5 8 -8 -9 9 -11 -12 -13 13 -15
leaf_value=0.048896496228009539 0.031442398350390317 -0.066236585748967555 0.055313116143316104 0.040459098063424709 0.061005697589180244 0.05675112836875329 -0.054637439217270489 -0.063687568522946644 0.036627817886970691 -0.05864670452784998 -0.014763565267048718 -0.058655346787462793 -0.031963807197900033 0.053333784755105584
leaf_weight=37.452938675880432 1.4325734898447988 2.4685192666947833 4.4087715446949005 1.3278070650994758 2.4646154455840552 9.1160747706890088 7.5548978969454819 5.9027845114469528 4.1541759669780722 2.2319517955183983 3.3089348822832108 4.8720210865139952 3.7517877221107474 4.069728747010231
leaf_count=98 8 21 13 5 8 22 116 52 13 19 20 57 19 10
internal_value=0.0177025 0.0216967 0.0242282 -0.00850939 0.0311406 0.0108216 -0.0261914 -0.0445623 0.0347441 0.00332937 0.025268 -0.0381827 0.0425947 0.0124186
internal_weight=94.5176 88.213 85.7445 14.9483 70.7962 25.5217 10.0195 7.23059 15.5022 6.38613 7.71771 6.30459 45.2745 7.82152
internal_count=481 416 395 90 305 178 124 57 54 32 33 65 127 29
is_linear=0
shrinkage=0.05


Tree=40
num_leaves=15
num_cat=0
split_feature=32 90 79 190 27 157 40 115 87 118 13 6 130 154
split_gain=6.97086 8.84148 6.03101 5.82412 6.25151 5.79707 6.56913 4.52332 4.58567 5.18619 3.70115 3.6452 3.96393 3.66167
threshold=3.5000000000000004 0.024459402749916492 0.1159418190374616 0.049655139678882611 1.5000000000000002 -0.13970147675217379 0.165436877926839 -0.11375722295937631 0.032863894813087303 -0.032534295612207269 38919.000000000007 1.5000000000000002 -0.030955517744735185 -0.049998503424760941
decision_type=8 2 2 2 2 2 10 2 2 2 2 10 2 2
left_child=10 2 3 7 -5 -3 -7 -2 -9 -10 11 13 -13 -1
right_child=1 5 -4 4 -6 6 -8 8 9 -11 -12 12 -14 -15
leaf_value=0.013165072778712136 -0.063792063620283751 0.035124820050680149 -0.06363348741171429 0.037737882859553394 -0.062131932640773192 -0.062815142282308861 0.044012392274366145 0.04254570202407789 0.054298576524151598 -0.048837025453297829 -0.016416405128250457 0.058358201958425775 -0.059635417784106276 0.054095053613588975
leaf_weight=7.0836002863943603 1.2176555339246977 2.8246791809797278 2.1435642652213565 2.6644167490303508 3.8042557016015053 8.8742273952811939 1.7175985723733891 27.238268088549376 1.9876633435487745 3.1515673510730258 3.2217817157506934 1.1745199933648112 1.8066620342433442 23.903851635754108
leaf_count=35 11 9 26 10 36 86 5 101 7 29 23 3 19 71
internal_value=0.0180426 0.00683817 0.0180772 0.022449 -0.020996 -0.0285189 -0.0454917 0.0308142 0.0343722 -0.00894801 0.0348006 0.0396583 -0.0131485 0.0447386
internal_weight=92.8143 55.6239 42.2074 40.0638 6.46867 13.4165 10.5918 33.5952 32.3775 5.13923 37.1904 33.9686 2.98118 30.9875
internal_count=471 320 220 194 46 100 91 148 137 36 151 128 22 106
is_linear=0
shrinkage=0.05


Tree=41
num_leaves=15
num_cat=0
split_feature=0 37 133 136 147 117 90 155 20 146 132 189 11 84
split_gain=8.10909 7.63716 8.90218 6.88399 5.57622 5.44033 5.05416 4.01698 3.85439 3.64556 3.59455 3.5682 7.60367 2.79024
threshold=826.50000000000011 0.58352400874383215 0.0077752553479703609 0.011279241105728597 0.04828058443467579 -0.006278102636397046 0.054563188898727966 0.15356833802438544 4129.0000000000009 -0.03449179751587194 -0.0030011929688626292 -0.037923320142121082 18888.000000000004 -0.024482482688695361
decision_type=2 2 2 2 2 2 2 2 2 2 2 2 2 2
left_child=3 2 6 5 7 -1 8 -4 -2 -8 -7 12 -3 -10
right_child=1 11 4 -5 -6 10 9 -9 13 -11 -12 -13 -14 -15
leaf_value=-0.043602578721050451 -0.029088032003553629 0.053077613872946183 -0.060245766231931966 -0.056385615792465628 0.035429504609555851 -0.023975563406735321 0.050913589596176256 0.045366611235928639 0.0035218562464795693 -0.061197778691574348 0.047757945207086733 0.04794074489566387 -0.063730893111229106 0.049538725431162632
leaf_weight=3.5957236438989666 2.2253716737031999 3.3790723010897628 7.6482232771813852 6.0526830255985251 2.619818562641739 2.3612904027104378 1.0021813753992321 1.0204771459102628 4.1314050890505376 2.6227742042392483 6.7062965258955938 29.778419923037291 2.3706155493855476 16.255745727568861
leaf_count=34 23 9 79 57 12 18 5 3 26 28 24 91 20 51
internal_value=0.0168403 0.0243633 0.0086331 -0.0125241 -0.0284943 0.00844036 0.0246069 -0.0478131 0.0333933 -0.0302027 0.0290778 0.040978 0.00491708 0.0402135
internal_weight=91.7701 73.0541 37.526 18.716 11.2885 12.6633 26.2375 8.6687 22.6125 3.62496 9.06759 35.5281 5.74969 20.3872
internal_count=480 347 227 133 94 76 133 82 100 33 42 120 29 77
is_linear=0
shrinkage=0.05


Tree=42
num_leaves=15
num_cat=0
split_feature=76 52 45 35 108 153 25 108 85 114 100 149 117 41
split_gain=7.50607 6.74686 6.66182 5.79203 5.77847 5.6266 5.03453 7.66698 2.99117 6.57587 5.99692 4.33489 3.59201 3.1038
threshold=0.030520806491972974 -0.013790064688219543 0.20406070142925434 3.5000000000000004 0.062441688785332218 0.23121822284664192 -320.49999999999994 -0.027028127460460797 -0.062726265495640837 -0.048477479767759617 0.010216016075269807 0.029182457651607603 -0.075318149795057784 0.22020415008629121
decision_type=2 2 2 2 2 2 2 2 2 2 2 2 2 10
left_child=2 3 6 5 -4 -2 8 -8 -1 12 11 13 -10 -11
right_child=1 -3 4 -5 -6 -7 7 -9 9 10 -12 -13 -14 -15
leaf_value=0.055980511874140049 -0.057404644030500412 -0.045260060409827572 -0.058553569974536118 -0.046538759045536116 0.041071160690846077 0.044050520337322555 0.042102495351010627 -0.066592662108364509 -0.010602206162939935 -0.059090951941099291 -0.057721544674305417 0.050304889900306973 0.04804627726062325 0.040885435772076845
leaf_weight=13.96641309186816 1.5932791903615022 7.7316403910517684 4.0598199591040602 3.2132068108767262 2.2689999416470528 9.605021443217991 3.349772036075592 3.1460118778049937 2.9058562964201 2.158422112464907 3.450198668986558 4.9757097028195858 25.706634819507595 1.2123669832944868
leaf_count=36 19 83 45 36 9 36 13 33 12 24 37 15 67 4
internal_value=0.0176678 -0.00757926 0.025987 0.0126361 -0.0228362 0.0296156 0.0310631 -0.0105403 0.0360331 0.0291388 -0.0022738 0.0206467 0.04209 -0.0231326
internal_weight=89.3434 22.1431 67.2002 14.4115 6.32882 11.1983 60.8714 6.49578 54.3756 40.4092 11.7967 8.3465 28.6125 3.37079
internal_count=469 174 295 91 54 55 241 46 195 159 80 43 79 28
is_linear=0
shrinkage=0.05


Tree=43
num_leaves=15
num_cat=0
split_feature=114 41 32 172 137 167 132 90 86 33 87 21 139 134
split_gain=6.26456 6.92131 7.75842 7.18968 5.90635 5.48314 4.45979 4.31198 7.58326 3.10519 3.74924 3.05966 2.75683 2.49847
threshold=-0.11179702798063974 0.14041689489742071 1.5000000000000002 0.05280385447467318 -0.082635679996440184 0.10138581579603485 0.08737693968038035 0.026273107850270271 -0.027917872360284392 3.5000000000000004 -1.0000000180025095e-35 5500.0000000000009 -1.0000000180025095e-35 0.055342468385080272
decision_type=2 8 8 2 2 2 2 2 2 2 2 2 2 2
left_child=7 2 13 9 -4 6 -6 -1 -9 -3 -11 -7 -10 -2
right_child=1 3 4 -5 5 11 -8 8 12 10 -12 -13 -14 -15
leaf_value=0.043403417470634031 0.0029559285217769103 0.048016826065493644 0.059168757865402988 -0.060583405142335928 -0.056760645554047487 -0.025629490928890025 0.032757007748035458 -0.069182716169710085 -0.0055866560869747761 0.030092828451093536 -0.060366429275062042 0.064855878701543274 0.054023290626351389 0.070344803602186104
leaf_weight=28.960859477519989 2.4236569851636913 14.809598587453371 1.8833982609212458 2.1274205297231665 13.286963470280169 1.8377752117812627 1.554090917110442 2.5411355569958678 3.2589704096317282 4.0330702625215054 1.5998276248574246 1.9002089500427244 4.7910269871354094 3.1801753640174866
leaf_count=81 16 41 6 17 189 19 9 15 13 17 13 4 13 5
internal_value=0.0186421 0.00662459 -0.0109267 0.0268948 -0.0252019 -0.0337547 -0.0473867 0.0334198 0.00611999 0.0359986 0.00440104 0.0203689 0.0298907 0.0411991
internal_weight=88.1882 48.6362 26.0663 22.5699 20.4624 18.579 14.8411 39.552 10.5911 20.4425 5.6329 3.73798 8.05 5.60383
internal_count=458 336 248 88 227 221 198 122 41 71 30 23 26 21
is_linear=0
shrinkage=0.05


Tree=44
num_leaves=15
num_cat=0
split_feature=41 81 51 0 29 113 119 113 79 85 90 86 7 17
split_gain=7.21017 6.97096 6.34507 6.23921 5.64706 6.2872 5.48155 4.17313 4.05994 3.50732 3.39427 3.42814 2.33446 4.40456
threshold=0.054940607488394543 0.10303182828157097 -0.031213680044778643 826.50000000000011 3.5000000000000004 0.30230593726899641 0.0073260457731127047 0.26196319914704924 0.012468456417062963 0.012187035331869154 0.024459402749916492 0.051561839963323287 23819.500000000004 282055.00000000006
decision_type=8 2 2 2 2 2 2 2 2 2 2 2 8 10
left_child=2 3 9 6 12 10 8 -4 -2 -1 -6 -12 -5 -14
right_child=1 -3 7 4 5 -7 -8 -9 -10 -11 11 -13 13 -15
leaf_value=-0.032656893757780865 -0.042900521375107865 -0.059711818089069585 0.019742429244432123 0.053996461757485792 0.039661662001662074 -0.041966412662919117 -0.063460850936987875 -0.0519575667162189 0.038401461987829406 0.048731329414903816 -0.061825489454199238 0.04182495172767639 -0.015227157764312403 0.064981657601047751
leaf_weight=1.8345793150365377 2.1632608920335752 2.4626903794705859 2.6340771093964568 24.124324541538957 11.865088526159527 4.1911982335150233 3.195882759988308 8.8400275427848083 5.2916410639882088 4.7535464242100716 1.882187440991401 1.3845458850264547 3.7860112860798827 3.1237977743148804
leaf_count=18 16 25 12 74 38 38 31 124 21 14 15 5 29 6
internal_value=0.0148305 0.0227624 -0.013042 0.0260916 0.0334453 0.0122259 -0.00867652 -0.0354976 0.0148093 0.0260673 0.027236 -0.0178951 0.0466573 0.0210338
internal_weight=81.5329 63.4706 18.0622 61.0079 50.3572 19.323 10.6508 11.4741 7.4549 6.58813 15.1318 3.26673 31.0341 6.90981
internal_count=466 298 168 273 205 96 68 136 37 32 58 20 109 35
is_linear=0
shrinkage=0.05


Tree=45
num_leaves=15
num_cat=0
split_feature=114 84 6 49 40 139 43 126 36 35 142 0 104 117
split_gain=7.53281 6.6214 6.43233 6.24803 5.07876 5.04967 4.75723 5.99385 4.42629 3.79518 3.60019 3.29644 2.56559 2.49348
threshold=-0.11179702798063974 -0.019986639641952478 8.5000000000000018 13522.000000000002 0.032633028460727957 0.019821875614618994 1.2345188747338822 0.012676196797012757 1.5000000000000002 2.5000000000000004 -0.051420281784401188 597.50000000000011 -0.08419116709069327 -0.057615328762953638
decision_type=2 2 10 2 8 2 2 2 2 2 2 2 2 2
left_child=6 3 4 -2 -3 -5 13 9 -6 -8 -10 -12 -13 -1
right_child=1 2 -4 5 8 -7 7 -9 10 -11 11 12 -14 -15
leaf_value=0.008213776973467193 -0.058251055172505797 -0.05582332063763204 -0.055257396422393273 0.034077713757800748 -0.034256692929134858 -0.057723520461755398 0.055442633955402734 -0.06633587548842694 -0.059170169085375882 -0.013755742383611869 -0.060077729417102523 -0.065559922155885034 0.045376324919754074 0.052023865055122666
leaf_weight=3.7688797488808659 6.777996236458419 1.8593575879931474 2.786781905218958 5.3136179372668266 2.4782706014812019 2.0860722586512566 4.676594212651251 2.2357773557305327 0.96114897727966564 3.4381623193621635 0.80401262640953319 0.5332052037119962 23.092327719554298 23.493742115795612
leaf_count=14 90 29 44 24 24 23 12 14 12 17 8 6 87 63
internal_value=0.0183585 0.00494435 0.0173775 -0.0235698 0.0241864 0.00819771 0.0350108 0.00615195 0.0295245 0.0261238 0.0357498 0.0394844 0.0428726 0.0459674
internal_weight=84.3059 46.6928 32.5151 14.1777 29.7283 7.39969 37.6132 10.3505 27.869 8.11476 25.3907 24.4295 23.6255 27.2626
internal_count=467 347 210 137 166 47 120 43 137 29 113 101 93 77
is_linear=0
shrinkage=0.05


Tree=46
num_leaves=15
num_cat=0
split_feature=32 89 103 90 160 39 50 104 121 19 9 186 114 134
split_gain=8.39857 8.0835 5.94404 5.1759 4.72579 5.08904 4.20967 4.28803 3.77791 3.63644 6.20063 3.37913 3.89579 3.07038
threshold=3.5000000000000004 -0.052738627514987285 0.053752478071160029 0.012534600047117355 0.18614369588150251 0.097405017892449389 0.0096356771221579405 -0.08419116709069327 -0.04306677495270176 3262.0000000000005 20267.000000000004 0.036391644930587781 -0.052953676484681231 -0.026274299682544189
decision_type=8 2 2 2 2 2 2 2 2 2 2 2 2 2
left_child=6 13 3 9 5 -5 8 -8 -1 10 -3 -11 -13 -2
right_child=1 2 -4 4 -6 -7 7 -9 -10 11 -12 12 -14 -15
leaf_value=0.042664300035365324 0.0039067324610396583 0.03819007368722882 -0.047961399582730102 -0.048339116471122323 0.06502548928640299 0.042770256298199749 -0.060090068448661639 0.044932622454383127 -0.058070452801069573 0.051258943401857771 -0.057730745325288824 0.041806702756815237 -0.05979660737541629 -0.066210618725392703
leaf_weight=1.6380314733833077 2.2202405761927366 4.0574802961200502 3.8378444556146851 6.6504461634904128 1.6489949822425831 1.9916817992925642 1.0060864239931131 28.622681010514498 2.1555767133831969 15.191033152863385 2.8811697140336037 2.2346034497022633 1.6328411251306523 5.2604582142084828
leaf_count=8 19 20 38 68 3 7 10 106 25 49 38 8 17 51
internal_value=0.0158051 0.00231742 0.0112134 0.0174717 -0.0125414 -0.0273419 0.0350169 0.0413664 -0.0145745 0.0293526 -0.0016396 0.040636 -0.00109037 -0.0454001
internal_weight=81.0292 47.6068 40.1261 36.2883 10.2911 8.64213 33.4224 29.6288 3.79361 25.9971 6.93865 19.0585 3.86744 7.4807
internal_count=467 318 248 210 78 75 149 116 33 132 58 74 25 70
is_linear=0
shrinkage=0.05


Tree=47
num_leaves=15
num_cat=0
split_feature=19 177 114 33 189 44 178 86 183 11 95 53 138 81
split_gain=6.2344 6.45735 5.91952 5.76438 5.36187 3.66644 6.34044 4.93689 3.74607 3.14539 2.47644 2.29575 2.58023 2.08491
threshold=4237.5000000000009 -0.043095396061263828 -0.052953676484681231 4.5000000000000009 -0.087931410124042444 9614.0000000000018 0.052420550612362345 -0.044354602989627769 -0.064497644079423974 19820.000000000004 0.11761104210827888 -0.29232686487448806 0.03839868426747798 -0.073101712915589909
decision_type=2 2 2 2 2 2 2 2 2 2 2 2 2 2
left_child=1 -1 3 9 -2 11 7 -7 -9 13 -4 -6 -13 -3
right_child=4 2 10 -5 5 6 -8 8 -10 -11 -12 12 -14 -15
leaf_value=-0.059565315293844914 -0.046083738322517054 -0.0050684278831843559 -0.053805116011922921 -0.052532973762307415 0.046123170193837812 -0.046124439632010072 -0.059590263476679665 -0.05877300092500351 0.038145679559194998 -0.011641041755174136 0.047790523778666723 -0.033884548445411382 0.046894845929332019 0.053422251075611431
leaf_weight=4.4834757559001472 2.539481706917285 1.8072381615638722 4.5345752369612411 2.3353374227881423 24.201502423733476 2.2808127962052884 2.6384958364069453 1.0626335740089476 16.145388193428513 3.2231301181018344 0.69125086069107045 2.0508154891431327 1.9084871783852575 9.7053321823477834
leaf_count=56 24 7 90 15 76 20 28 12 71 19 2 15 8 30
internal_value=0.0148394 -0.00481285 0.00619683 0.0204509 0.0248018 0.0283814 0.0131508 0.0229989 0.0321607 0.0320175 -0.0403665 0.0403489 0.00505323 0.0442404
internal_weight=79.608 26.7803 22.2969 17.071 52.8276 50.2881 22.1273 19.4888 17.208 14.7357 5.22583 28.1608 3.9593 11.5126
internal_count=473 219 163 71 254 230 131 103 83 56 92 99 23 37
is_linear=0
shrinkage=0.05


Tree=48
num_leaves=15
num_cat=0
split_feature=114 39 29 32 19 118 153 160 154 111 133 190 44 90
split_gain=6.91265 7.31025 7.3022 5.72208 5.05513 5.5754 4.24868 4.19865 3.12513 6.43531 2.13432 2.79781 1.64382 1.25278
threshold=-0.043596150524666089 0.10456499019263339 3.5000000000000004 3.5000000000000004 1671.0000000000002 -0.035864855963680227 0.24862412186140492 0.16582195525308471 0.19063055485765656 0.02964415886994708 0.042657774113930409 -0.016157718230957793 785696.50000000012 0.05605911485404938
decision_type=2 2 2 8 2 2 2 2 2 2 2 2 2 2
left_child=4 2 3 6 5 -1 -2 12 10 -10 13 -12 -5 -6
right_child=1 -3 -4 7 8 -7 -8 -9 9 -11 11 -13 -14 -15
leaf_value=0.030470498492617477 -0.05561569139985692 0.048582032670281931 -0.055801345470636643 -0.054871252428679532 0.051583835196066866 -0.046440827260262191 0.045941239700019884 0.050537775980427427 -0.065226262052891129 0.04867790820854706 0.047202155343182277 -0.028850037358823678 0.035401267590445325 0.020546710502027138
leaf_weight=5.195970319211483 1.1967208757996592 5.5820004753768435 7.4916741084307423 5.415365982800723 24.057025089859966 4.3115957491099817 7.3856794126331806 1.3718040026724336 2.1710250228643408 2.8916411995887756 2.5731376260519028 2.2815728336572638 0.556075770407915 3.7593199908733359
leaf_count=19 17 17 114 95 67 34 32 6 15 9 8 12 4 15
internal_value=0.0163801 -0.00283607 -0.0150926 0.00405739 0.028176 -0.0044081 0.0317802 -0.0283436 0.036386 -0.000167659 0.0420504 0.0114598 -0.0464648 0.0473892
internal_weight=76.2406 28.9993 23.4173 15.9256 47.2413 9.50757 8.5824 7.34325 37.7337 5.06267 32.6711 4.85471 5.97144 27.8163
internal_count=464 285 268 154 179 53 49 105 126 24 102 20 99 82
is_linear=0
shrinkage=0.05


Tree=49
num_leaves=15
num_cat=0
split_feature=76 132 113 182 83 38 80 183 154 113 19 176 190 83
split_gain=6.55875 5.74435 5.85748 5.33462 4.30214 3.6321 3.04866 3.92244 3.32267 3.05527 5.20069 2.84771 2.41429 2.15105
threshold=0.030520806491972974 -0.028131550398248977 0.28940318980606183 0.11320041290828281 0.10847905806937308 0.013695999870351855 -0.034729074331646355 0.047041206695998906 -0.091963172987485589 0.30484779467495277 12314.000000000002 -0.10249862814579584 0.05272426929714915 -0.042306027994777499
decision_type=2 2 2 2 2 2 2 2 2 2 2 2 2 2
left_child=3 2 -2 5 -3 -1 7 8 -7 11 13 -8 -13 -11
right_child=1 4 -4 -5 -6 6 9 -9 -10 10 -12 12 -14 -15
leaf_value=-0.056164425382311513 0.046234705343736859 -0.04990974384308778 -0.054501144657464154 -0.064882957413576553 0.02449535585606373 -0.042152593509232797 -0.020514552146154764 -0.063216467299090418 0.031252798455979162 0.034299996235287698 0.036411328632038095 0.04896118987366932 -0.00044007793737765931 -0.058654666249357515
leaf_weight=1.3714005202054966 5.7897728644311455 9.3149833325296623 1.9221301861107347 1.7371742241084565 2.4547215681523076 1.9346570577472437 1.8011533692479087 1.850442936643957 7.5878275111317626 0.79360190778970752 6.2164727225899696 26.137860687449585 2.7316292338073245 2.8844640944153053
leaf_count=18 21 120 35 13 13 17 9 17 36 6 27 92 14 40
internal_value=0.0125187 -0.0124142 0.0211271 0.0213427 -0.0343916 0.0241525 0.0262733 0.00339504 0.0163392 0.0326874 0.00852827 0.0404813 0.0442868 -0.0385982
internal_weight=74.5283 19.4816 7.7119 55.0467 11.7697 53.3095 51.9381 11.3729 9.52248 40.5652 9.89454 30.6706 28.8695 3.67807
internal_count=478 189 56 289 133 276 258 70 53 188 73 115 106 46
is_linear=0
shrinkage=0.05


Tree=50
num_leaves=15
num_cat=0
split_feature=76 114 39 57 25 109 171 10 104 89 52 109 38 138
split_gain=7.73537 5.41618 5.54016 5.60273 5.14084 4.54472 4.36675 3.59316 3.55347 3.30576 2.90575 2.85031 1.77769 2.98077
threshold=0.030520806491972974 -0.041278126043635691 0.11153955299850545 -1.0000000180025095e-35 -2277.9999999999995 -0.029695779113063325 0.027984356156281514 2287949.0000000005 -0.071086170076150576 0.12366425473623503 -0.013533692312737636 0.050897759249251086 0.043680822408104301 0.01560124346384825
decision_type=2 2 2 2 2 2 2 2 2 2 2 2 2 2
left_child=1 8 3 5 6 -3 10 -7 -1 -6 -2 12 13 -10
right_child=4 2 -4 -5 9 7 -8 -9 11 -11 -12 -13 -14 -15
leaf_value=-0.022456704653243877 0.047340477242695342 0.046410158419013622 0.052260716396109443 -0.048422087477989151 -0.057542724676802805 -0.055877563515600748 -0.056398373985861262 0.047667181745833315 -0.025011585425866567 0.029782753774220051 -0.020791468522084296 -0.00073701934537110845 0.050799823724712714 0.048257146968046769
leaf_weight=2.5821742489933959 5.2259529680013648 4.7054855190217495 4.1255727857351294 6.4533252548426399 7.1576661635190231 2.8820198401808739 1.9915709886699913 1.181239381432533 2.2723515890538755 1.2771216630935667 2.2338839806616333 4.0326644480228415 21.864936299622059 3.5673624351620674
leaf_count=13 17 20 11 93 107 43 26 4 14 6 19 16 64 12
internal_value=0.0125313 0.0220221 0.00086679 -0.0130623 -0.0159454 0.0129606 0.00937765 -0.0257758 0.0339484 -0.0443207 0.026938 0.0385376 0.0442543 0.0197468
internal_weight=71.5533 53.6671 19.3476 15.2221 17.8862 8.76874 9.45141 4.06326 34.3195 8.43479 7.45984 31.7373 27.7047 5.83971
internal_count=465 290 171 160 175 67 62 47 119 113 36 106 90 26
is_linear=0
shrinkage=0.05


Tree=51
num_leaves=15
num_cat=0
split_feature=33 170 37 133 109 114 163 12 107 127 41 121 117 55
split_gain=5.52817 5.22883 4.84922 7.6922 4.71472 4.40609 4.16698 4.15191 4.11174 2.98874 3.35285 2.60848 2.59302 2.13966
threshold=4.5000000000000009 0.10813580934658024 0.57743125426054576 0.00939998406927838 -0.069756204514058159 -0.0017942830879286427 -0.07851809658094519 307920.00000000006 -0.044843143982224824 -0.010245890196187555 0.06872948834422718 -0.053930932533109634 0.04720809885567822 3.3571428571428572
decision_type=2 2 2 2 2 2 2 2 2 2 10 2 2 2
left_child=1 2 3 5 -2 11 12 -7 -5 10 -6 -1 -4 -8
right_child=4 -3 6 8 9 7 13 -9 -10 -11 -12 -13 -14 -15
leaf_value=-0.0056247431069207585 0.046551871671150762 -0.046537145016292795 -0.063732240508127203 0.016606204642663523 -0.057111466728851472 -0.053967581757586328 0.046786145105708388 0.063094557270932147 -0.059931160637316565 -0.060461285807237523 0.030676196110839916 0.043992364483486049 0.033617136859718573 0.0059087880173863492
leaf_weight=3.3147085737437054 2.2043702676892272 3.0026717465370885 1.6269614212214976 2.5944269839674234 1.8242966961115588 2.9984506163746181 23.391817396506671 1.0134695768356321 5.4219545312225801 5.1622880622744551 2.6935302559286356 13.187399605289098 1.1802635379135606 3.7088053338229647
leaf_count=19 8 34 21 15 22 60 88 2 72 51 14 49 8 21
internal_value=0.0117733 0.0178113 0.0211177 0.00637093 -0.0194423 0.0226004 0.0351852 -0.024396 -0.0351606 -0.0344706 -0.00477243 0.034026 -0.0228029 0.041192
internal_weight=73.3254 61.4409 58.4383 28.5304 11.8845 20.514 29.9078 4.01192 8.01638 9.68012 4.51783 16.5021 2.80722 27.1006
internal_count=484 389 355 217 95 130 138 62 87 87 36 68 29 109
is_linear=0
shrinkage=0.05


Tree=52
num_leaves=15
num_cat=0
split_feature=45 29 39 114 129 76 121 11 50 101 180 57 123 132
split_gain=5.58373 5.08452 5.08661 6.55407 4.61178 3.96767 3.8758 3.15693 3.03454 3.2381 2.94341 2.86638 3.93725 2.45274
threshold=0.20516570403618653 3.5000000000000004 0.11640729663190819 -0.12386475995544335 -0.014903394557034729 0.097215402227207662 0.057909565345076457 6199674.5000000009 0.010052440388606932 -0.031450333415696856 -0.15149713580165347 2.5000000000000004 0.052390425455485855 -0.13246713468491592
decision_type=2 2 2 2 2 2 2 2 2 2 2 2 2 2
left_child=1 5 3 4 -3 8 13 -5 9 -1 -10 -12 -13 -2
right_child=6 2 -4 7 -6 -7 -8 -9 10 -11 11 12 -14 -15
leaf_value=0.033797823287129602 0.061708131096010616 -0.033274694832199539 0.045440512052117486 -0.058156931714945154 0.044215849595097771 -0.032007319118131997 0.032375180479184779 0.024353108596710402 -0.067870649764644117 -0.059207203793563284 0.04403714749171745 -0.065566067214044649 0.041986652637315269 -0.055854813459610943
leaf_weight=1.998553801327944 0.48353523015975941 2.9240761026740074 4.703056499361991 7.0446361899375916 5.5918153375387227 2.492477247491478 2.1459617968648672 1.3876435831189153 0.65155891329049964 1.7600709740072478 32.140451211482286 1.4798327051103108 2.0022365152835846 5.3799046874046308
leaf_count=10 1 14 16 94 18 35 14 7 5 21 128 17 6 85
internal_value=0.0142456 0.0191583 -0.000565445 -0.0133319 0.0176082 0.0292004 -0.0251179 -0.0445788 0.0330113 -0.00975413 0.0374425 0.0393688 -0.00372181 -0.0461599
internal_weight=72.1858 64.1764 21.6512 16.9482 8.51589 42.5252 8.0094 8.43228 40.0327 3.75862 36.2741 35.6225 3.48207 5.86344
internal_count=471 371 149 133 32 222 100 101 187 31 156 151 23 86
is_linear=0
shrinkage=0.05


Tree=53
num_leaves=15
num_cat=0
split_feature=33 163 170 162 71 32 50 189 75 88 7 49 189 105
split_gain=5.3182 6.10437 5.24194 4.89289 4.23306 4.56962 3.94451 3.44718 3.43574 3.29238 2.92936 2.5798 2.78169 2.46381
threshold=4.5000000000000009 -0.041736762050965791 0.081595528746667881 0.10408055360249037 1.5000000000000002 3.5000000000000004 0.013822019463480478 0.010556724723277589 0.030519957126498253 -0.079554471714798333 11271.500000000002 -650.99999999999989 -0.13132490628919549 -0.051964894646165959
decision_type=2 2 2 2 10 10 2 2 2 2 10 2 2 2
left_child=2 7 3 4 5 9 -7 -2 -4 -1 -8 -11 -13 -12
right_child=1 -3 8 -5 -6 6 10 -9 -10 11 13 12 -14 -15
leaf_value=-0.018765693676876694 -0.032365690725047323 -0.048868552024136064 -0.06013207001303561 -0.04287911648750465 -0.027870036015642877 -0.063632238978028527 0.045708459464609094 0.054996545036551797 0.02549921255276338 -0.028786380000401651 0.030869005962312554 -0.069009092449363041 0.045690728029087226 -0.065875749714596893
leaf_weight=2.3672067672014157 1.718195656314492 6.3098564352840167 3.1213485617190591 2.5077658705413333 3.1339320559054604 1.9717696160078029 3.7504398413002491 3.2937413677573204 1.875027574598789 1.2514127921312965 1.185131289064884 0.53587242215871 38.920601062476656 1.4798619505017998
leaf_count=19 19 60 39 40 41 19 14 9 13 17 6 5 161 14
internal_value=0.0153682 -0.0161476 0.021114 0.0254109 0.0285477 0.0319834 -0.00178182 0.025047 -0.0279966 0.0385579 0.0172278 0.0418913 0.0441329 -0.022853
internal_weight=73.4222 11.3218 62.1004 57.104 54.5962 51.4623 8.3872 5.01194 4.99638 43.0751 6.41543 40.7079 39.4565 2.66499
internal_count=476 88 388 336 296 255 53 28 52 202 34 183 166 20
is_linear=0
shrinkage=0.05


Tree=54
num_leaves=15
num_cat=0
split_feature=53 0 41 51 114 74 110 191 125 170 114 190 73 110
split_gain=5.58639 5.52113 5.43131 6.82296 4.8858 3.91787 5.04869 3.4332 3.3346 2.94891 2.86974 4.85251 2.26367 2.14519
threshold=-0.17287060765321632 988.50000000000011 0.07185166659722815 -0.014880925486100012 -0.043596150524666089 -0.055478141599627398 0.014055215675212668 -0.03576341074001145 0.022913879246713946 -0.0074384346117494582 0.04518525431367184 -0.0039435473641352787 0.28113648554940679 -0.038120063058349953
decision_type=2 2 8 2 2 2 2 2 2 2 2 2 2 2
left_child=1 4 3 7 5 9 -7 -3 -8 -1 -4 -12 13 -9
right_child=-2 2 10 -5 -6 6 8 12 -10 -11 11 -13 -14 -15
leaf_value=-0.014616477490061017 -0.055068369421152688 -0.057426703353210387 0.042343421764379163 -0.06056358767812578 -0.054275360060980604 -0.065602850446208463 -0.035667777425502166 0.0424312374736475 0.055643976168914325 0.056668201730056544 0.042704029973387174 -0.034394861175543939 0.047828374676916668 -0.057119349563592825
leaf_weight=2.1530787386000156 3.0826295819133511 1.2649220582097758 24.834016986191273 3.8087519239634284 4.5409289542585602 3.3005233779549616 1.7191078811883924 0.98950796574354072 2.3896959647536278 4.4479666352272034 4.5764094926416874 3.6834954079240543 5.7197175826877356 1.1942967288196089
leaf_count=14 53 16 92 56 95 23 12 4 8 13 17 40 20 16
internal_value=0.0106908 0.0138276 0.0231016 -0.00431361 -0.00920372 0.00540453 -0.0195522 0.0190537 0.0174395 0.0334171 0.033852 0.00832187 0.0312941 -0.0120118
internal_weight=67.705 64.6224 46.0711 12.9772 18.5513 14.0104 7.40933 9.16844 4.1088 6.60105 33.0939 8.2599 7.90352 2.1838
internal_count=479 426 261 112 165 70 43 56 20 27 149 57 40 20
is_linear=0
shrinkage=0.05


Tree=55
num_leaves=15
num_cat=0
split_feature=32 29 109 126 41 154 114 39 110 146 26 114 18 78
split_gain=5.67153 4.19693 4.22097 4.04632 6.04566 3.30205 3.26315 3.2008 2.94974 2.69392 2.36303 2.80923 2.1815 3.69348
threshold=4.5000000000000009 3.5000000000000004 0.088696505347062249 0.0017291383993897154 0.22490736423285154 -0.1913929414294028 -0.041278126043635691 0.13568536463234068 0.063198965740489929 0.061714504244639534 3.5000000000000004 -0.071539766180008971 1414.0000000000002 -0.08981840992128258
decision_type=10 2 2 2 10 2 2 2 2 2 2 2 8 2
left_child=1 2 9 6 8 -2 10 -8 -5 12 11 -3 13 -1
right_child=5 3 -4 4 -6 -7 7 -9 -10 -11 -12 -13 -14 -15
leaf_value=0.0417231498796308 0.038549611232346744 -0.033092450775986097 -0.045413815047691181 -0.056156369752335927 0.053122104089380208 -0.053676885804616353 -0.054509957786566511 0.041896439776781334 0.017720766871862335 -0.022577401290206158 0.052390936909531782 0.053478030804571579 0.038607122911591213 -0.055481024717441235
leaf_weight=2.2507899645715956 1.2442874815315006 2.2453283369541173 1.8624313548207272 6.5430716015398485 2.1569015979766837 4.4113999474793664 2.4233923740685017 1.3354010283946989 1.7027758453041313 2.1762616503983727 6.5442379266023636 1.6083638817071895 34.762225395068519 1.7271424997597962
leaf_count=15 7 18 17 71 7 45 44 4 13 22 21 4 174 30
internal_value=0.0147047 0.0187438 0.0282018 0.00226941 -0.021406 -0.0333865 0.0196668 -0.0202593 -0.0409007 0.0315527 0.0340998 0.00303831 0.0345935 -0.000481051
internal_weight=72.994 67.3383 42.7789 24.5595 10.4027 5.65569 14.1567 3.75879 8.24585 40.9164 10.3979 3.85369 38.7402 3.97793
internal_count=492 440 258 182 91 52 91 48 84 241 43 22 219 45
is_linear=0
shrinkage=0.05


Tree=56
num_leaves=15
num_cat=0
split_feature=114 98 50 40 191 104 32 37 11 109 18 44 148 98
split_gain=5.3099 5.84326 6.02477 3.73801 3.86361 3.42677 2.96815 4.19615 3.23593 2.65143 6.37978 2.05157 2.02965 2.58217
threshold=-0.11057888269142531 0.0038963389599700484 0.010757107078577891 0.15475378214091443 -0.088217419560763136 0.050464484483953347 1.5000000000000002 0.57981556086890607 1552934.0000000002 0.026863651669448773 5064.0000000000009 14921.500000000002 -0.0024754953639124244 0.041108330361913713
decision_type=2 2 2 8 2 2 8 2 2 2 8 2 2 2
left_child=9 2 -2 4 -3 -5 -4 8 -8 12 -11 -12 -1 -14
right_child=1 3 6 5 -6 -7 7 -9 -10 10 11 -13 13 -15
leaf_value=0.053145501003722354 -0.054048705563966473 0.039009043868076576 0.057035387482816384 -0.028207241615088481 -0.056019313817061316 0.058698114953085183 -0.042216045782608541 0.035720750149353213 0.035784673476215986 -0.066700106334408246 0.049793934937918158 -0.0034815594236899138 0.0060597223370841358 0.057083996021389097
leaf_weight=12.338126383721828 2.6293959356844452 1.2437366247177113 5.7042773887515095 2.3912292085587969 7.6400254536420098 2.1579769216477871 4.1740497071295968 9.4863560590893012 1.9512392543256281 2.2021393068134767 4.8147642910480499 2.8927562981843948 7.2127332277595997 3.7784710973501205
leaf_count=40 53 8 14 19 135 6 63 49 9 17 15 14 34 12
internal_value=0.0154828 0.00255362 0.0173605 -0.0238408 -0.0427152 0.0130175 0.0261691 0.014891 -0.0173686 0.0300221 0.00835466 0.0297988 0.0392259 0.0236005
internal_weight=70.6173 37.3783 23.9453 13.433 8.88376 4.54921 21.3159 15.6116 6.12529 33.239 9.90966 7.70752 23.3293 10.9912
internal_count=488 356 188 168 143 25 135 121 72 132 46 29 86 46
is_linear=0
shrinkage=0.05


Tree=57
num_leaves=15
num_cat=0
split_feature=32 71 139 0 86 45 168 50 51 131 108 117 113 50
split_gain=4.33819 4.7801 3.48755 3.32211 3.8204 3.19434 3.69315 3.16244 4.41508 3.00122 3.30739 2.18642 2.03521 3.13202
threshold=4.5000000000000009 3.9722222222222228 0.0038141258805493065 981.50000000000011 -0.025754585115952626 0.1236140788565271 -0.05526299001360193 0.020654318251008597 -0.014880925486100012 -0.085471702199156965 0.086084285577561218 -0.011490009102736702 0.29208918721839516 0.010052440388606932
decision_type=10 10 2 2 2 2 2 2 2 2 2 2 2 2
left_child=1 3 -2 4 -1 12 -7 8 11 -8 -11 -6 -5 -14
right_child=2 -3 -4 5 7 6 9 -9 -10 10 -12 -13 13 -15
leaf_value=-0.041502765133430465 -0.061847413244898009 -0.043900650522703359 0.018097323738895606 0.049042446705008527 -0.035918921523224838 0.037358169912720167 0.053120751148431712 0.037640931862652077 -0.062186844302879331 -0.057949729073850736 0.048476989017986666 0.03791029920993301 -0.055238278457941763 0.029969119676424572
leaf_weight=3.8894539251923588 3.3261816008016458 3.0867322366684666 2.3127765953540802 15.571427606046202 1.3644319968298075 4.8284836672246456 1.0995344109833238 7.3145752903074026 2.5426779435947511 3.9648993313312513 0.89473752677440632 3.7836442738771447 1.1811692249029864 12.404545050114391
leaf_count=51 31 48 20 54 16 26 4 36 44 54 5 19 17 63
internal_value=0.0129269 0.0167501 -0.0290587 0.0199319 0.00265753 0.028103 0.00485747 0.0141041 -0.0082815 -0.0214766 -0.0383549 0.0183428 0.0367035 0.022561
internal_weight=67.5653 61.9263 5.63896 58.8396 18.8948 39.9448 10.7877 15.0053 7.69075 5.95917 4.85964 5.14808 29.1571 13.5857
internal_count=488 437 51 389 166 223 89 115 79 63 59 35 134 80
is_linear=0
shrinkage=0.05


Tree=58
num_leaves=15
num_cat=0
split_feature=37 114 186 14 101 87 39 185 119 87 184 23 167 191
split_gain=4.11344 5.75281 3.9378 4.3154 3.70415 3.74267 3.86958 4.54758 3.51115 2.31965 1.98505 1.90346 2.40798 1.41505
threshold=0.75044384553538457 0.0024467276553416253 -0.076930873336337441 3678880.5000000005 -0.061163760683317248 0.018219153218464363 0.057757264052235018 -0.056625242973214342 -0.045279461320887691 -0.082123625356981325 -0.070607036239279455 -1988.9999999999998 -0.029104712301644749 -0.029927384439195872
decision_type=2 2 2 2 2 2 2 2 2 2 2 2 2 2
left_child=1 4 13 -4 8 9 7 -7 -1 -6 -11 -2 -13 -3
right_child=11 2 3 -5 5 6 -8 -9 -10 10 -12 12 -14 -15
leaf_value=0.044918406377715658 0.053087224805603156 0.05320174443474357 -0.049714218197724591 0.049089075031532342 -0.013420720459898656 0.044812866325921574 0.033367331655017117 -0.059581973584028808 -0.061954667824246537 -0.017540413291158064 0.040352770956615866 0.051294627536074403 -0.035760486268592045 -0.013969752285816213
leaf_weight=1.0936042666435244 8.6119702626019698 1.9830885957926514 8.4163145367056114 1.2721932753920544 2.5597750097513154 1.4126563742756841 3.8414697572588921 3.9885943019762617 2.5853136265650383 1.5831427164375771 22.873846381902705 1.5901512745767834 1.5871953740715969 1.2967248670756806
leaf_count=4 30 9 174 4 18 5 18 42 24 11 99 7 14 17
internal_value=0.0141757 0.00822422 -0.0207098 -0.0367404 0.0176193 0.0224696 -0.00499458 -0.0322783 -0.0301853 0.0318654 0.0366052 0.0408839 0.00780756 0.0266445
internal_weight=64.696 52.9067 12.9683 9.68851 39.9384 36.2595 9.24272 5.40125 3.67892 27.0168 24.457 11.7893 3.17735 3.27981
internal_count=476 425 204 178 221 193 65 47 28 128 110 51 21 26
is_linear=0
shrinkage=0.05


Tree=59
num_leaves=15
num_cat=0
split_feature=114 0 67 179 146 43 10 7 145 90 22 190 0 78
split_gain=4.3128 5.655 4.14262 3.80805 3.30176 2.81828 3.61381 5.06936 2.34779 2.24997 3.46537 3.37158 2.02677 2.81933
threshold=-0.043596150524666089 981.50000000000011 1.0000000180025095e-35 -0.014806668324236705 -1.0000000180025095e-35 1.3066303655773126 1701712.5000000002 1489.5000000000002 0.071377678009940479 0.024459402749916492 -749.99999999999989 -0.022233155089318758 826.50000000000011 -0.062215428185634677
decision_type=2 2 2 2 2 2 2 10 2 2 2 2 2 2
left_child=5 -2 8 -4 -5 9 7 -7 -3 12 -11 -12 13 -1
right_child=1 2 3 4 -6 6 -8 -9 -10 10 11 -13 -14 -15
leaf_value=0.051848594149819884 -0.053723617036647492 -0.047328006943529538 0.04566309714388396 0.021528847263250134 -0.054500395905777502 0.029092821904295841 0.038925557618120395 -0.059094184361819527 0.041531096717934632 0.044803507036698678 0.023323184310030519 -0.064508925112689713 0.047123353639722983 -0.029816549109189801
leaf_weight=1.9881192222237585 4.6638708747923401 4.0814457675442108 7.596954263746742 3.739407566376034 2.3101920336484838 2.8257090896368009 3.8774512335658073 3.8498556651175022 0.90888928994536389 3.5367822796106339 2.1287659853696823 2.2447691895067683 16.731688410043716 2.2562124840915265
leaf_count=8 114 70 34 30 40 16 15 38 5 14 9 16 61 14
internal_value=0.0125712 -0.00448399 0.0078382 0.0220934 -0.00750483 0.0226474 0.000534039 -0.0217654 -0.0311441 0.0307261 0.00800249 -0.0217577 0.0392954 0.00843683
internal_weight=62.7401 23.3008 18.6369 13.6466 6.0496 39.4394 10.553 6.67556 4.99034 28.8863 7.91032 4.37354 20.976 4.24433
internal_count=484 293 179 104 70 191 69 54 75 122 39 25 83 22
is_linear=0
shrinkage=0.05


Tree=60
num_leaves=15
num_cat=0
split_feature=136 44 114 67 133 61 57 82 117 57 74 37 35 41
split_gain=3.45643 3.58788 3.57492 5.23472 4.44654 2.65436 2.58963 2.29643 2.9828 2.20752 2.1978 1.8777 3.86361 2.47548
threshold=0.053859231957167276 46.000000000000007 -0.11057888269142531 1.0000000180025095e-35 -0.058520113185099025 454.50000000000006 2.5000000000000004 0.056613458274106278 0.053787929152538223 -3.4999999999999996 -0.21547831966472494 0.45533200963533127 2.5000000000000004 0.09373167108373856
decision_type=2 2 2 2 2 2 2 2 2 2 2 2 2 10
left_child=2 -2 6 4 -4 7 11 10 -9 -6 -5 12 -1 -14
right_child=1 -3 3 5 9 -7 -8 8 -10 -11 -12 -13 13 -15
leaf_value=0.051672887409359769 0.031117665403396444 -0.046951738384762937 0.027994503338856044 -0.05700882617808592 0.032159157564057239 -0.030505652827724869 -0.014867119394313883 -0.05671974137724925 0.041311576645832432 -0.055582257757624189 0.037803236237045741 0.046437065497447749 -0.059886145298664574 0.028951171151444924
leaf_weight=3.4230671748519006 2.1797334905713788 4.5306231137365103 2.8702162755653262 0.63789771869779066 0.80814142338931549 2.3597700828686348 2.7611665278673163 1.7440205700695508 1.3979138173162935 6.3465893212705868 14.617576937191188 14.902218252420424 1.9598952382802965 1.3071794211864469
leaf_count=12 14 49 19 7 6 31 15 26 6 111 94 57 17 6
internal_value=0.0122898 -0.0215924 0.0164135 0.00508902 -0.0245805 0.0194183 0.0307273 0.0258219 -0.0131035 -0.0456717 0.0338387 0.0365578 0.0145518 -0.0243417
internal_weight=61.846 6.71036 55.1357 30.7821 10.0249 20.7572 24.3535 18.3974 3.14193 7.15473 15.2555 21.5924 6.69014 3.26707
internal_count=470 63 407 300 136 164 107 133 32 117 101 92 35 23
is_linear=0
shrinkage=0.05


Tree=61
num_leaves=15
num_cat=0
split_feature=76 48 25 109 104 76 39 14 61 42 114 188 43 101
split_gain=4.26152 4.25389 5.02716 3.32079 5.03998 4.81941 2.95608 2.71753 2.70295 2.17152 2.04801 4.33599 1.91775 2.28649
threshold=0.01138627709070089 580.87500000000011 -1049.4999999999998 0.035295149669022967 -0.074990086852757848 -0.053545543546669926 0.0013443734303453744 75624.000000000015 450.50000000000006 0.44123191016343716 -0.041278126043635691 0.016967606540195673 0.60264608389236818 0.010093055415204175
decision_type=2 10 2 2 2 2 2 2 2 2 2 2 2 2
left_child=3 2 8 4 -1 7 -6 -5 9 -2 -8 12 -12 -14
right_child=1 -3 -4 5 6 -7 10 -9 -10 -11 11 -13 13 -15
leaf_value=-0.064046894354032408 -0.012834139768669196 -0.050377476253928202 -0.043295868996548352 -0.035032124807747311 -0.058802170396212744 -0.062841597743854047 0.045960573348494765 0.038692023419528737 -0.033252048755107656 0.046326397771564762 0.045508571754532774 -0.055333908610361728 -0.055146351802270732 0.038294638670572395
leaf_weight=1.4112228760495806 1.9801363162696342 4.5222127959132186 3.9606770677492031 1.7443780563771722 0.85813011601567524 2.6511373631656152 17.710200414061553 4.4099744576960802 1.8177148438990123 7.1588235115632415 6.9294704571366257 1.6828001830726851 1.2101502325385811 1.4263323321938512
leaf_count=13 19 75 67 21 10 31 70 21 20 34 27 26 23 10
internal_value=0.0113102 -0.0078969 0.00498114 0.0206367 0.0282835 -0.00648234 0.0326535 0.0177958 0.0224326 0.0335081 0.0353635 0.0186794 0.0316995 -0.00459494
internal_weight=59.4734 19.4396 14.9174 40.0338 31.2283 8.80549 29.8171 6.15435 10.9567 9.13896 28.959 11.2488 9.56595 2.63648
internal_count=467 215 140 252 179 73 166 42 73 53 156 86 60 33
is_linear=0
shrinkage=0.05


Tree=62
num_leaves=15
num_cat=0
split_feature=162 32 114 45 162 149 165 152 75 113 29 41 114 99
split_gain=4.8151 4.23488 4.14808 4.40803 4.48519 3.64164 2.81296 2.41327 2.37642 2.68873 1.8302 2.95217 2.11065 1.63053
threshold=0.10408055360249037 3.5000000000000004 0.027109172326476843 0.022534159376379714 -0.061390472075018437 -0.030088647725713392 -0.070573468435423628 0.047865551628432652 0.060357987192947944 0.26196319914704924 3.5000000000000004 0.17003457793189611 -0.11732165810764102 -0.082449798574357289
decision_type=2 8 2 2 2 2 2 2 2 2 2 10 2 2
left_child=1 8 3 5 -5 -3 -6 -4 10 -10 -1 12 -12 -8
right_child=-2 2 7 4 6 -7 13 -9 9 -11 11 -13 -14 -15
leaf_value=0.045801227740564915 -0.05527891219937673 -0.025539865642426052 -0.054773236403565073 0.03040472327928169 0.012913310669932281 0.044043978530436574 0.016170257461116843 0.013884298483698316 0.045425747877701206 -0.057560228717605348 0.023569421297519797 0.056522956176568856 -0.05495627551164043 -0.060621117216161452
leaf_weight=13.624479424208408 2.7209344478324047 2.302421808242797 4.4853529939427963 4.431362863630059 2.4921175222843894 10.255049560219055 0.79809187352657396 1.7909143157303331 1.0811001211404794 1.5316758528351782 1.6483850330114367 2.2491963356733322 1.7795185148715962 5.1644160076975751
leaf_count=66 56 16 94 23 20 43 4 18 4 18 9 8 30 58
internal_value=0.00960957 0.0129015 0.00122342 0.0102037 -0.0103408 0.0312857 -0.0316969 -0.035182 0.0298047 -0.0149473 0.0358626 0.0120109 -0.0171954 -0.0503425
internal_weight=56.355 53.6341 31.7197 25.4435 12.886 12.5575 8.45463 6.27627 21.9144 2.61278 19.3016 5.6771 3.4279 5.96251
internal_count=467 411 276 164 105 59 82 112 135 22 113 47 39 62
is_linear=0
shrinkage=0.05


Tree=63
num_leaves=15
num_cat=0
split_feature=44 57 181 149 80 134 78 18 119 7 84 150 99 89
split_gain=3.60271 4.99276 3.58496 3.39315 2.84754 2.79003 2.37067 2.31252 2.31007 2.8196 2.15085 2.44837 2.04313 1.58308
threshold=815.00000000000011 1.0000000180025095e-35 0.077936498991265021 0.022959037639757766 -0.092273315994849128 0.03535814197768869 -0.076800011515393118 73913.000000000015 -0.023754842070208244 7363.5000000000009 -0.019986639641952478 -1.0000000180025095e-35 -0.0037245779223326302 -0.065693529876339959
decision_type=2 2 2 2 2 2 2 8 2 10 2 2 2 2
left_child=2 3 10 4 -2 -4 -5 -8 9 -3 11 -1 -11 -6
right_child=1 8 5 6 13 -7 7 -9 -10 12 -12 -13 -14 -15
leaf_value=-0.055534381006049474 -0.054811861099720582 -0.05850752867816237 -0.066181475087170122 0.033630722261248129 -0.01437942238159781 0.029417592330341705 -0.060173091668666114 0.023652848400907357 -0.050888906347181101 0.049388351573419295 0.044651015311891827 0.027243830630914914 -0.025763079339854934 0.036685355913500695
leaf_weight=1.1999687543138859 1.0149599527940179 1.6370026236400006 1.6569967921823257 1.6241872459650037 1.690467594191438 1.4149032309651373 3.0498423492535944 1.1266982853412622 4.9423130899667722 2.3121207859367132 15.72744587343186 3.4950374979525867 1.4854484647512438 14.854540399275718
leaf_count=19 21 25 17 12 15 8 44 8 83 11 71 24 16 98
internal_value=0.0131776 0.00270898 0.0282104 0.0155286 0.0264809 -0.022149 -0.0176264 -0.0375595 -0.0261508 -0.00365344 0.0357854 0.00608704 0.0199923 0.0314679
internal_weight=57.2319 33.7376 23.4944 23.3607 17.56 3.0719 5.80073 4.17654 10.3769 5.43457 20.4225 4.69501 3.79757 16.545
internal_count=472 333 139 198 134 25 64 52 135 52 114 43 27 113
is_linear=0
shrinkage=0.05


Tree=64
num_leaves=15
num_cat=0
split_feature=39 90 114 115 128 18 150 170 189 87 190 98 102 84
split_gain=4.29262 4.56127 4.18711 5.03441 3.90605 4.26413 3.37852 2.89917 2.76632 2.49798 1.82855 1.37639 1.14287 1.03811
threshold=0.091921253455720831 0.020130539955571656 -0.11179702798063974 -0.011233960391501289 0.071288406432949189 10011.000000000002 0.034447042071937738 0.013385717777916691 -0.0051985383819461309 -0.052171763036042131 0.054056822507986026 -0.05095613287191908 -0.15289556826161196 -0.0076960910304640752
decision_type=2 2 2 2 2 10 2 2 2 2 2 2 2 2
left_child=1 2 10 6 5 -3 7 11 -7 -9 -1 -4 -5 -2
right_child=13 4 3 12 -6 8 -8 9 -10 -11 -12 -13 -14 -15
leaf_value=0.046165136434038016 0.018344592775249042 -0.058335001896885452 -0.013559498059304315 0.040508739960288392 0.035963664652936288 -0.040305443533736107 -0.054628762525598999 0.054232300877238418 0.029092388660128615 -0.055810361209254283 0.0012802433982991095 0.045077024599659857 -0.055205438534727348 0.051944825670868659
leaf_weight=10.557905383408068 3.4993883557617664 6.3910286733880621 1.1486058831214876 0.3386048525571822 2.7439113836735478 2.4400346595793962 1.5417299540713418 0.72995900921523604 3.4897237960249186 1.7570733679458488 2.8902259133756152 7.7770719798281798 3.9511458212509813 6.7001935392618162
leaf_count=44 19 91 12 2 17 25 28 3 25 34 18 43 81 27
internal_value=0.0110848 0.00454644 0.0156063 -0.00070249 -0.0179865 -0.0300016 0.0148439 0.0242289 0.000535894 -0.0235122 0.0365186 0.0375314 -0.0476504 0.0404169
internal_weight=55.9566 45.757 30.6923 17.2442 15.0647 12.3208 12.9544 11.4127 5.92976 2.48703 13.4481 8.92568 4.28975 10.1996
internal_count=469 423 265 203 158 141 120 92 50 37 62 55 83 46
is_linear=0
shrinkage=0.05


Tree=65
num_leaves=15
num_cat=0
split_feature=162 76 184 125 187 40 103 53 86 7 97 192 49 143
split_gain=4.19058 3.51725 3.28447 3.76878 3.11122 2.75337 2.43874 2.32356 2.33692 3.39848 2.16453 1.98349 1.8416 2.40178
threshold=-0.010487090616083461 -0.010152640207506218 -0.013922392168806632 0.0036903855161933984 -0.040466392739552125 0.065477628801382401 0.013546229963779953 -0.47941920745042205 0.13640180145242614 30998.000000000004 -0.061843845914186825 -0.066619904427547574 2773.0000000000005 -0.029343211081809765
decision_type=2 2 2 2 2 10 2 2 2 10 2 2 2 2
left_child=2 10 3 6 5 -3 -1 -4 9 -9 -2 -6 13 -12
right_child=1 4 7 -5 11 -7 -8 8 -10 -11 12 -13 -14 -15
leaf_value=0.038993394898754953 -0.043874573103549419 -0.053635673617087626 0.041246408856935243 -0.057788930676415343 0.0075970752067915336 0.033690160069823734 -0.034563378342004791 -0.05664259158621724 0.053142546763778643 0.05503163723986905 0.037639738465355364 -0.058247738629136084 0.031179591470858699 -0.056905322757100099
leaf_weight=3.9257810264825848 1.4860052615404118 1.2717694994062183 17.546144448220737 2.3468858366832137 1.4282094109803436 3.109980121254921 1.5804891269654033 2.2235763119533618 1.5025070086121557 0.98220124840736378 1.1900643231347205 5.7422838769853097 8.9375969748944026 1.542251924052837
leaf_count=23 16 27 91 31 17 19 23 41 6 4 10 94 57 25
internal_value=0.0105433 -0.00471736 0.0230671 -0.00473332 -0.024849 0.0083445 0.0178801 0.0328773 0.00168853 -0.0224273 0.0129603 -0.0451329 0.0201974 -0.0157261
internal_weight=54.8157 24.7082 30.1076 7.85316 11.5522 4.38175 5.50627 22.2544 4.70828 3.20578 13.1559 7.17049 11.6699 2.73232
internal_count=484 265 219 77 157 46 46 142 51 45 108 111 92 35
is_linear=0
shrinkage=0.05


Tree=66
num_leaves=15
num_cat=0
split_feature=153 39 133 114 129 136 137 90 37 182 25 42 108 165
split_gain=3.6174 3.54805 3.97127 4.98602 4.46682 2.6277 2.56794 2.49116 2.5369 2.03167 1.61378 2.66716 1.8007 1.40125
threshold=0.21779346332260427 0.091921253455720831 0.00939998406927838 -0.11732165810764102 -0.026988615670194383 0.0083497947681779837 -0.045901239745061072 0.057073803401215983 0.77124154658440514 -0.031790976829845545 -1176.9999999999998 0.54905129431108557 -0.038879129476219042 0.056452126706915511
decision_type=2 2 2 2 2 2 2 2 2 2 2 2 2 2
left_child=6 2 4 5 9 -4 -1 10 -9 -2 12 -12 -6 -8
right_child=1 -3 3 -5 7 -7 13 8 -10 -11 11 -13 -14 -15
leaf_value=0.030151206440527791 0.015338514853148581 0.046498761379779464 0.04444945532897749 -0.045653242925717596 -0.0011406805858443767 -0.022465739136770493 -0.056769920376359834 -0.058221318962670514 0.052068263413912089 -0.057116611901687799 -0.031129696133200782 0.039898097087967259 0.050190822906071436 0.0037479205168868082
leaf_weight=1.7273631198331711 1.6405479935929181 8.4525099061429483 3.779011182487011 5.9527462003752571 1.9588436465710426 2.398150660097599 3.608667296357452 1.4906745525076979 0.80188620835542668 2.358335335738956 2.1679996727034512 3.3858360452577472 13.367942180484532 1.3014750853180883
leaf_count=11 15 36 16 115 18 15 56 25 3 38 36 23 54 11
internal_value=0.0123034 0.0171106 0.0107902 -0.0129979 0.0214095 0.0184711 -0.022283 0.0298309 -0.0196445 -0.0273918 0.035263 0.0121716 0.0436304 -0.0407292
internal_weight=54.392 47.7545 39.302 12.1299 27.1721 6.17716 6.63751 23.1732 2.29256 3.99888 20.8806 5.55384 15.3268 4.91014
internal_count=472 394 358 146 212 31 78 159 28 53 131 59 72 67
is_linear=0
shrinkage=0.05


Tree=67
num_leaves=15
num_cat=0
split_feature=114 50 98 61 39 67 76 112 109 47 144 118 38 134
split_gain=3.94726 4.94956 3.56308 3.86505 3.33678 2.6611 3.03409 2.44122 2.26949 2.04611 2.54792 1.83871 1.94646 1.30548
threshold=-0.13836895830033757 0.010052440388606932 0.0067787478123322179 357.00000000000006 0.064943291019495905 1.0000000180025095e-35 -0.024365908930887685 -0.083606222563633051 0.050897759249251086 1.5897652102837108 -0.015404501846951057 -0.046141555023770715 0.053833426673787273 -0.080414838289550414
decision_type=2 2 2 2 2 2 2 2 2 10 2 2 2 2
left_child=8 -2 5 -4 7 6 -3 -5 9 10 -1 12 -7 -8
right_child=1 2 3 4 -6 11 13 -9 -10 -11 -12 -13 -14 -15
leaf_value=-0.035119130398121826 -0.054269994513513213 0.025486352191612674 -0.057033204351675054 0.056885401374864086 0.036913040264159945 0.054112522743707508 0.055818157333272472 -0.055590354424189949 -0.010485960570894813 0.048126689015732332 0.03954929492014278 0.04057117309703015 -0.055741492838750656 -0.055440896742817269
leaf_weight=1.9269771277904508 3.5858407355844966 3.4501981874927878 3.6609645457938296 0.60315670073032412 3.9162773108109832 0.64278217405080873 0.29367017745971713 2.4100833674892783 2.9901319146156302 11.668117001652716 2.806347005069262 11.465266807004808 1.0819783881306646 2.5798838343471333
leaf_count=13 88 22 67 2 22 3 1 46 17 52 14 64 18 46
internal_value=0.0116034 0.00125912 0.00787342 -0.0154763 0.00647882 0.0205457 -0.00612073 -0.0330762 0.0295752 0.0368787 0.00915113 0.0333305 -0.0148012 -0.0440705
internal_weight=53.0817 33.6901 30.1043 10.5905 6.92952 19.5138 6.32375 3.01324 19.3916 16.4014 4.73332 13.19 1.72476 2.87355
internal_count=475 379 291 137 70 154 69 48 96 79 27 85 21 47
is_linear=0
shrinkage=0.05


Tree=68
num_leaves=15
num_cat=0
split_feature=25 32 103 46 97 136 90 118 18 38 29 126 188 169
split_gain=3.64042 3.78101 3.3655 3.40273 3.287 3.02039 2.43146 2.18918 3.32196 1.85876 1.7066 2.22834 1.94336 1.28647
threshold=-1176.9999999999998 3.5000000000000004 0.029273898816712947 37.494233615468801 0.05736652751809912 0.027231520752380924 0.087977748794460117 0.0042313989439006407 3970.0000000000005 0.20654382706819086 3.5000000000000004 0.016085575613864044 -0.025788589295554096 -0.11035610644158773
decision_type=2 10 2 2 2 2 2 2 10 2 2 2 2 2
left_child=1 6 3 7 9 -3 10 -2 -9 -5 13 12 -12 -1
right_child=2 5 -4 4 -6 -7 -8 8 -10 -11 11 -13 -14 -15
leaf_value=-0.022838673475865393 0.038652753535614759 -0.051277325381943434 -0.047082418562240998 -0.055843892661680453 0.032950601416612969 0.021357279745324986 -0.024780241758967474 -0.06286356175318529 0.054908570039613004 0.037076091862938844 -0.02093072311273101 -0.028874421716438593 0.042981691065996669 0.044849026117433737
leaf_weight=0.73110082652420416 7.1299735335633212 2.8546892916783682 3.7464757710695258 4.1962078018113962 1.955210657790303 2.8703593639656901 1.9254877530038346 1.4971852386370303 0.99779313802719105 0.61738677043467749 1.5128869358450172 2.1437306199222803 5.5622968459501845 17.620208026841286
leaf_count=6 53 35 59 83 17 21 18 23 4 6 16 21 31 93
internal_value=0.0126285 0.0223241 -0.00432706 0.00544385 -0.0217198 -0.0148606 0.0295416 0.0245468 -0.0157641 -0.0439261 0.0333354 0.0157841 0.0293153 0.0421524
internal_weight=55.361 35.2208 20.1402 16.3938 6.76881 5.72505 29.4957 9.62495 2.49498 4.81359 27.5702 9.21891 7.07518 18.3513
internal_count=486 241 245 186 106 56 185 80 27 89 167 68 47 99
is_linear=0
shrinkage=0.05


Tree=69
num_leaves=15
num_cat=0
split_feature=184 32 90 114 179 23 115 128 19 108 128 18 162 110
split_gain=3.86448 2.9901 3.43611 2.75432 2.64135 2.58741 2.41565 2.24459 1.99857 1.80861 1.75174 2.56305 1.67056 2.7894
threshold=-0.061821290876853403 3.5000000000000004 0.026273107850270271 0.028577578851173142 -0.046495851233620461 -155853.99999999997 -0.11375722295937631 0.056522011677752462 1671.0000000000002 -0.058138218780304625 0.027022548633909575 2981.0000000000005 0.067040549787063433 -0.044700395934938804
decision_type=2 8 2 2 2 2 2 2 2 2 2 10 2 2
left_child=5 12 3 6 -4 -1 -3 -5 9 -8 -10 -12 -2 -14
right_child=1 2 4 7 -6 -7 8 -9 10 -11 11 -13 13 -15
leaf_value=0.05789662373997706 0.038440618271457505 -0.058316758389784444 0.032153765316881668 -0.053060321805847882 -0.03969222511182291 -0.043787059309680479 0.042836289337688689 0.035298841762088772 0.043733732486495737 -0.05627369061219914 0.054961567674166448 -0.038433915570406763 0.058059200053968821 -0.053347367383459202
leaf_weight=0.72787007689476002 15.074879264459016 0.84103631414473667 1.6522512594237921 2.2846774011850353 5.666852142661809 4.4529664926230899 0.73927705734968174 1.0486348941922186 11.593101155944167 1.2198484661057651 1.2699553519487374 1.7425520475953815 0.95952516794204745 1.3557229470461596
leaf_count=2 95 13 14 64 78 71 4 10 55 21 5 16 3 28
internal_value=0.011413 0.0160769 0.00598033 0.0163749 -0.0234733 -0.0295012 0.0243489 -0.0252632 0.0285461 -0.0188745 0.0349068 0.000937969 0.0323674 -0.00717633
internal_weight=50.6292 45.4483 28.0582 20.7391 7.3191 5.18084 17.4058 3.33331 16.5647 1.95913 14.6056 3.01251 17.3901 2.31525
internal_count=479 406 280 188 92 73 114 74 101 25 76 21 126 31
is_linear=0
shrinkage=0.05


Tree=70
num_leaves=15
num_cat=0
split_feature=114 80 89 78 98 156 159 81 177 0 84 0 41 62
split_gain=3.12987 3.09554 2.99501 3.14292 2.97634 2.57324 2.82779 2.40854 2.20914 1.85019 2.6907 1.84956 1.77301 2.16964
threshold=0.0024467276553416253 -0.017846043883593687 -0.052738627514987285 -0.079884305314300366 -1.0000000180025095e-35 -0.077295618410380976 -0.055333455783283074 -0.036419507407527266 0.020785828574546902 981.50000000000011 -0.040859947394776205 702.50000000000011 0.074540245158716739 206.50000000000003
decision_type=2 2 2 2 2 2 2 2 2 2 2 2 8 2
left_child=2 -2 3 -1 8 6 -4 -5 -3 10 -7 -12 13 -11
right_child=1 4 5 7 -6 9 -8 -9 -10 12 11 -13 -14 -15
leaf_value=0.04142807047902218 -0.053325015540888844 0.036348336896603314 0.034124105285676436 0.010253444721062696 -0.040276585465994018 -0.057923503781484913 -0.048674738310020275 -0.061809345505062611 -0.030338478575981764 -0.032284368180419611 0.047071583324465899 -0.013006070215498149 0.049316049609432949 0.034454017509239016
leaf_weight=1.9893959406763313 3.1451343614608058 5.4008439099416128 1.8788288999348877 1.9222599938511846 2.7603373397141668 1.248522490262985 2.2856838097795835 2.9221187978982917 1.6127294246107338 1.6470538079738588 3.2726888358593049 2.105172423645854 13.074250150471929 4.6727631064131856
leaf_count=14 86 40 11 13 68 15 32 33 31 14 15 16 65 26
internal_value=0.0110098 -0.0101793 0.0184046 -0.0114853 0.00370445 0.0251715 -0.0113199 -0.0332147 0.0210141 0.0310119 0.00820234 0.0235541 0.0388053 0.0170608
internal_weight=49.9378 12.919 37.0187 6.83377 9.77391 30.185 4.16451 4.84438 7.01357 26.0205 6.62638 5.37786 19.3941 6.31982
internal_count=479 225 254 60 139 194 43 46 71 151 46 31 105 40
is_linear=0
shrinkage=0.05


Tree=71
num_leaves=15
num_cat=0
split_feature=86 190 105 175 105 153 96 151 152 168 73 106 38 168
split_gain=2.76704 2.55996 3.03551 2.35026 2.6968 2.33403 2.97244 2.1099 1.96268 1.86103 2.35719 1.69071 1.5224 2.36317
threshold=-0.10715809301475653 -0.0019857011348994951 -0.054082358512018779 -0.026531188226775894 0.034378255239817378 0.22519477783871941 -0.02179098256598358 -0.047906788617465675 0.065655266350949246 -0.0093734575654825843 0.23845898218672212 0.072966482553376191 0.069611141816929067 -0.044144341133241546
decision_type=2 2 2 2 2 2 2 2 2 2 2 2 2 2
left_child=-1 5 -3 7 9 6 -2 -4 11 10 -5 12 13 -7
right_child=1 2 3 4 -6 8 -8 -9 -10 -11 -12 -13 -14 -15
leaf_value=-0.05657529346240675 0.02838997306009132 -0.050626925140007009 0.034438252998944555 0.040420265148124114 -0.034158589034129432 -0.060507788253536213 -0.061319878802853549 -0.047614198794327253 -0.034660781526863575 0.042858988244833529 -0.037964572641663953 -0.015940056031893243 0.044150546254126191 0.027879133830017819
leaf_weight=1.4833859335631121 1.9478328526020052 2.6592970760539201 1.0585060967132447 1.8371324259787827 2.1295073879882702 0.90317405853420485 1.7556022163480545 3.0151689937338277 1.1657360196113575 6.9458463145419875 2.0068232491612434 1.7055927608162154 14.989907561801372 4.6484630228951671
leaf_count=22 15 42 11 13 37 15 27 47 18 45 24 20 83 47
internal_value=0.0106558 0.0127882 -0.000952745 0.00682096 0.0172625 0.0227469 -0.0141367 -0.0262936 0.0285811 0.0274112 -0.000502297 0.031895 0.0358668 0.0134998
internal_weight=48.252 46.7686 19.6523 16.993 12.9193 27.1163 3.70344 4.07368 23.4129 10.7898 3.84396 22.2471 20.5415 5.55164
internal_count=466 444 219 177 119 225 42 58 183 82 37 165 145 62
is_linear=0
shrinkage=0.05


Tree=72
num_leaves=15
num_cat=0
split_feature=86 114 186 43 152 109 0 128 184 166 48 150 183 17
split_gain=2.37528 2.29421 3.32433 2.41753 3.03413 3.71376 2.32193 2.26592 2.21428 2.13874 1.57312 2.27977 1.5173 2.09991
threshold=-0.10715809301475653 0.0024467276553416253 0.017962808776135656 1.2113655760961073 0.039364299737675364 -0.0068961187481265725 1019.5000000000001 -0.036640489712943779 -0.059721307132564329 -0.062921359951417385 221.74242424242428 -0.05000456981744697 0.047041206695998906 5310.0000000000009
decision_type=2 2 2 2 2 2 2 2 2 2 10 2 2 10
left_child=-1 3 6 4 12 -6 -3 -5 -9 -8 11 -11 -2 -14
right_child=1 2 -4 7 5 -7 9 8 -10 10 -12 -13 13 -15
leaf_value=-0.055845188226835707 0.043455032973063343 -0.052828857896091375 -0.052868031080268808 -0.04548785205140049 0.039351099708035409 -0.050605041615879198 -0.054401510582018135 -0.056698968995057754 0.01948248156358182 0.058027447040632223 0.043446553929632405 -0.054678958374284707 -0.044111504806290301 0.038566280441656005
leaf_weight=1.3165672188624729 15.479303045198327 1.3198663657531122 2.9373729471117249 2.2082507209852329 2.1643078960478306 2.4417598303407422 0.87884752824902435 1.0768349841237057 8.350683097727595 0.73942267894744862 4.8916184511035681 1.1410666592419154 1.2757606450468295 1.9296374656260011
leaf_count=22 83 42 85 27 11 22 16 12 63 2 32 23 14 11
internal_value=0.0103896 0.0122515 -0.00670063 0.0187132 0.0280111 -0.00833628 0.00841626 0.0001021 0.0107808 0.0189817 0.0285049 -0.0103619 0.0369713 0.00566021
internal_weight=48.1513 46.8347 11.9082 34.9265 23.2908 4.60607 8.97082 11.6358 9.42752 7.65096 6.77211 1.88049 18.6847 3.2054
internal_count=465 443 200 243 141 33 115 102 75 73 57 25 108 25
is_linear=0
shrinkage=0.05


Tree=73
num_leaves=15
num_cat=0
split_feature=45 161 121 0 42 53 41 145 112 95 161 179 162 20
split_gain=3.92074 3.2908 3.02492 2.56032 2.44119 2.20808 2.20782 1.89347 1.76408 1.69766 1.58693 1.42137 1.36917 1.48255
threshold=0.09642369145132472 -0.12445487533403793 0.10414831132697976 826.50000000000011 0.61030819455015994 -0.25492243622853178 0.040076579568575445 0.042022834222111762 -0.10871129090043161 -0.051531239406818613 0.14032006829705349 0.028994149224604516 -0.14442920317851074 809.00000000000011
decision_type=2 2 2 2 2 2 10 2 2 2 2 2 2 2
left_child=3 -2 4 6 10 8 -1 -7 -5 -8 -3 -11 -10 -14
right_child=1 2 -4 5 -6 7 9 -9 12 11 -12 -13 13 -15
leaf_value=0.046999663260023833 0.04587378487401645 -0.04613254515577131 0.048722666781798672 -0.059583373002699502 0.017569293678275779 -0.054943523505053521 0.027245956269535732 0.038556641074037099 -0.064721673024050894 -0.060849157965290279 0.03371344614387374 0.00073525990276178312 -0.056880618202095647 0.036634583400307001
leaf_weight=1.4552158256992687 2.1756718177348366 8.6111490521579945 1.4036331139504898 0.5217007882893111 2.2615533359348765 1.4427583310753136 1.2999657336622474 0.86677196249365795 0.35031547397375362 2.5738633200526237 0.67076066043227989 1.4731919970363376 0.43194094393402593 22.55150777567178
leaf_count=12 11 172 8 7 25 27 15 6 3 34 6 15 7 146
internal_value=0.0100552 -0.0110239 -0.0205852 0.0197247 -0.0290127 0.0268293 -0.00760349 -0.0198527 0.0313487 -0.022464 -0.0403624 -0.0384315 0.0333818 0.0348771
internal_weight=48.09 15.1228 12.9471 32.9672 11.5435 26.165 6.80224 2.30953 23.8555 5.34702 9.28191 4.04706 23.3338 22.9834
internal_count=494 222 211 272 203 196 76 33 163 64 178 49 156 153
is_linear=0
shrinkage=0.05


Tree=74
num_leaves=15
num_cat=0
split_feature=35 76 185 37 98 89 176 117 63 191 86 147 115 130
split_gain=3.47423 3.28645 3.02258 3.12717 2.64072 2.49338 2.26029 2.34795 2.19603 2.09089 1.58231 2.26069 1.54321 1.41406
threshold=1.5000000000000002 0.027096934408378643 -0.03774957055155486 0.54442836036135733 0.028082294075896411 -0.025309648516782152 0.04267830083031228 -0.0041186723776783186 806.50000000000011 -0.079229560687926845 -0.04330982538040274 -0.016685166442101631 -0.093143029591172391 0.084417949740946394
decision_type=2 2 2 2 2 2 2 2 2 2 2 2 2 2
left_child=12 4 3 -3 5 8 7 -6 -2 -7 11 -11 -1 -4
right_child=1 2 13 -5 6 9 -8 -9 -10 10 -12 -13 -14 -15
leaf_value=-0.013673908439043659 0.026251892321853956 -0.05389143637704296 -0.051883184403705845 0.054577374205412393 -0.056840462445417732 -0.056431397471789851 -0.059259262502439652 0.026238199749462288 -0.042871560007827991 0.034647720996526195 0.041455532093414099 -0.056347503871677529 0.041003360837202671 0.021979177988843305
leaf_weight=1.4704550011083473 2.0967435091733959 0.99665982788428698 5.3572605224326235 1.9936776552349327 1.155443121679127 0.67094781622291044 2.0548133561387658 3.2219010856933883 2.5420916667208076 1.8210229203104975 12.518854146823283 1.0917972028255487 10.543757400941102 0.7371381577104329
leaf_count=14 12 27 104 9 22 7 25 29 46 14 76 18 77 7
internal_value=0.0110086 0.00328724 -0.0227471 0.0184254 0.0119911 0.020671 -0.0159986 0.00430877 -0.0116279 0.0299757 0.0337326 0.000540455 0.0343112 -0.0429493
internal_weight=48.2726 36.2584 9.08474 2.99034 27.1736 20.7415 6.43216 4.37734 4.63884 16.1026 15.4317 2.91282 12.0142 6.0944
internal_count=487 396 147 36 249 173 76 51 58 115 108 32 91 111
is_linear=0
shrinkage=0.05


Tree=75
num_leaves=15
num_cat=0
split_feature=114 39 29 84 25 110 104 87 169 130 105 16 98 85
split_gain=2.80931 3.28415 3.38734 2.87001 2.72365 2.25379 2.22574 2.1606 2.48029 2.01225 1.87887 2.28729 1.5758 2.37834
threshold=-0.11179702798063974 0.11153955299850545 3.5000000000000004 0.20663874049563 -1209.4999999999998 0.022882793994682252 0.022555077831300091 0.032361712258361833 -0.0136901234560302 0.034034694135219153 0.027957110890785782 73397.000000000015 -0.0060925741445281749 -0.061014898642913866
decision_type=2 2 2 2 2 2 2 2 2 2 2 2 2 2
left_child=7 2 4 -4 9 -6 -7 10 -9 12 -1 -12 -2 -14
right_child=1 -3 3 -5 5 6 -8 8 -10 -11 11 -13 13 -15
leaf_value=0.04195590847150877 0.046990225081763981 0.044772967256682797 -0.049488839772860505 0.050736268340499206 -0.053810004560045088 -0.053015122638334772 0.036813015351174094 0.03816526497121308 -0.040218410698735552 -0.024533744713128691 -0.048467156012722772 0.030813503444589718 0.052887478491735009 -0.055731517602375741
leaf_weight=13.063201323151594 5.7050855252891779 3.5741434581577769 5.7411561030894509 0.81577802821993817 2.7605281672440496 1.0151434671133759 2.1502551063895226 1.7345233261585233 2.4135664328932753 1.8478084774687884 1.4097060747444623 2.5652673579752445 0.955860424786806 1.0660067684948464
leaf_count=69 29 18 130 4 70 30 14 10 22 29 11 15 4 27
internal_value=0.0114466 0.000311303 -0.00689312 -0.0370194 0.00585057 -0.0207908 0.00800513 0.0249184 -0.00744228 0.0223392 0.0327969 0.00269698 0.0335483 -0.00438067
internal_weight=46.818 25.6318 22.0576 6.55693 15.5007 5.92593 3.1654 21.1863 4.14809 9.57476 17.0382 3.97497 7.72695 2.02187
internal_count=482 355 337 134 203 114 44 127 32 89 95 26 60 31
is_linear=0
shrinkage=0.05


Tree=76
num_leaves=15
num_cat=0
split_feature=32 114 89 54 103 115 153 90 146 154 97 131 186 81
split_gain=3.88481 3.21569 2.52018 2.40842 2.37029 2.45748 1.90749 1.58088 2.78494 1.12001 1.43167 1.03089 1.02864 1.26963
threshold=3.5000000000000004 0.027109172326476843 -0.043538428451541981 20.500000000000004 0.055224186472352658 -0.098566670341177484 0.22266522065194252 0.024459402749916492 0.013118592098240555 -0.0075296194805174405 -0.0080699955511002782 -0.016392868824407221 -0.053815693497292247 -0.043152587627672816
decision_type=8 2 2 2 2 2 2 2 2 2 2 2 2 2
left_child=6 2 3 -2 5 11 -1 -7 -9 10 -8 -4 13 -3
right_child=1 12 4 -5 -6 7 9 8 -10 -11 -12 -13 -14 -15
leaf_value=-0.039338300771788265 0.016272332641239909 0.041799581915133083 0.028750603287238264 -0.052497811215919787 -0.040579658748070256 0.037395475119759006 0.031537205353567133 -0.057993052591403721 0.038767764801676631 0.042234959005051871 -0.030151328969517794 -0.057208569450112261 -0.052748048512889403 -0.054428496771320438
leaf_weight=0.94016905408352869 2.2059732265770498 0.75987624004483223 0.47942013014107954 3.0106684900820255 1.6709210174158204 11.328486680984492 3.0626775361597538 1.3152171690016978 1.7110820002853868 11.420816933736202 1.3573770932853229 1.2801310941577051 3.3943584836088112 0.62448420748114564
leaf_count=24 18 7 5 34 16 75 23 16 12 77 23 18 113 17
internal_value=0.0108623 -0.000611611 0.00714211 -0.0234168 0.0161054 0.0219832 0.0298572 0.0288193 -0.00328409 0.033964 0.012593 -0.0337875 -0.0379334 -0.00160885
internal_weight=44.5617 27.7806 23.0019 5.21664 17.7853 16.1143 16.781 14.3548 3.0263 15.8409 4.42005 1.75955 4.77872 1.38436
internal_count=478 331 194 52 142 126 147 103 28 123 46 23 137 24
is_linear=0
shrinkage=0.05


Tree=77
num_leaves=15
num_cat=0
split_feature=114 98 50 75 189 33 189 183 37 86 75 141 132 132
split_gain=3.0564 3.50203 2.99535 2.72482 1.80063 1.7323 3.25425 2.10453 1.8391 2.0664 1.69315 1.46807 1.87334 1.48439
threshold=-0.11179702798063974 0.0067787478123322179 0.010973747903063791 -0.049220230463155497 0.039750272429240723 4.5000000000000009 0.010556724723277589 -0.10183694176340871 0.49256515420952213 -0.04330982538040274 0.060357987192947944 0.029940032067640395 -0.049311636989027706 -0.02605870625606874
decision_type=2 2 2 2 2 2 2 2 2 2 2 2 2 2
left_child=5 2 -2 4 -3 7 -7 -1 9 -9 11 13 -13 -4
right_child=1 3 10 -5 -6 6 -8 8 -10 -11 -12 12 -14 -15
leaf_value=-0.035717257415441975 -0.052794245938426236 -0.052981476227258767 -0.02575991190159399 -0.049220839859352439 0.046483198824374551 -0.062238393084838722 0.03248412447500864 -0.043056439241062505 0.047932048712644032 0.029570466383103611 -0.035907672464300086 0.043606904400193297 -0.053792581829852741 0.040511041604998251
leaf_weight=1.128677330911162 1.6427456121891761 0.64970813132822547 0.94150825589894971 5.6734586567617944 1.5184304742142556 1.5789647772908204 2.1298270411789417 1.3182857558131216 9.6841470859944803 3.8099130168557158 1.2607328109443177 0.84565770812332663 1.1861026640981425 8.2409302452579141
leaf_count=7 50 20 13 129 11 15 13 12 51 25 21 5 27 57
internal_value=0.00861011 -0.00420881 0.0106725 -0.0310005 0.0166774 0.0229357 -0.00784263 0.0300964 0.0351113 0.0109006 0.01903 0.0252063 -0.013253 0.033716
internal_weight=41.6091 21.9593 14.1177 7.8416 2.16814 19.6498 3.70879 15.941 14.8123 5.1282 12.4749 11.2142 2.03176 9.18244
internal_count=456 333 173 160 31 123 28 95 88 37 123 102 32 70
is_linear=0
shrinkage=0.05


Tree=78
num_leaves=15
num_cat=0
split_feature=20 33 170 80 117 65 145 79 76 12 90 165 12 181
split_gain=2.4985 2.67221 2.82465 2.31588 2.20403 1.93444 1.8568 1.77365 1.6227 1.94226 1.4289 3.0326 1.14276 1.09262
threshold=2491.0000000000005 4.5000000000000009 0.081595528746667881 0.016232187384307855 0.00091214630853524864 1.0000000180025095e-35 0.076347974951888886 0.11402095898649574 0.094773092461179431 307920.00000000006 0.044301800432293655 -0.025598545971572805 1076.5000000000002 -0.11829199759159136
decision_type=2 2 2 2 2 2 2 2 2 2 2 2 2 2
left_child=5 2 6 4 -3 -1 8 -4 10 -10 13 -12 -13 -2
right_child=1 3 7 -5 -6 -7 -8 -9 9 -11 11 12 -14 -15
leaf_value=-0.040402309378550966 -0.027360203744881913 -0.04148119462734421 -0.056684324535068401 -0.059696447281062326 0.03789022485259988 0.025978319479041959 -0.039678652581664378 0.039965324848661929 -0.054660113020946366 0.056007490263575349 -0.055670645605483793 0.053239223856929224 -0.0062268694141138546 0.037487996681646561
leaf_weight=4.2954276888631275 0.67318518459797871 1.4767339527606957 1.8917494970373803 2.1799762370064855 2.1452049864456058 1.4741869540885089 1.1368776578456152 0.63369664410129178 1.2555181235074986 0.57944180071353901 1.4514416996389625 2.1191195510327812 1.3056749859824774 18.503304199315615
leaf_count=97 8 24 34 27 17 18 13 8 33 2 22 10 17 145
internal_value=0.00706615 0.0120452 0.0181364 -0.0189784 0.00552898 -0.0234415 0.0228621 -0.0324325 0.0256086 -0.0197136 0.0290662 0.00489872 0.0305683 0.0352115
internal_weight=41.1215 35.3519 29.55 5.80192 3.62194 5.76961 27.0246 2.52545 25.8877 1.83496 24.0527 4.87624 3.42479 19.1765
internal_count=475 360 292 68 41 115 250 42 237 35 202 49 27 153
is_linear=0
shrinkage=0.05


Tree=79
num_leaves=15
num_cat=0
split_feature=19 110 109 177 82 92 37 32 180 139 76 136 112 175
split_gain=2.4371 2.88826 2.66853 2.71895 2.16189 1.95091 2.22461 1.76189 1.50956 1.29513 1.14807 1.86079 1.9645 1.05951
threshold=4237.5000000000009 -0.092347422649368655 0.025109287881348676 -0.034421103890758732 0.13328462799382104 -0.051938688368359957 0.57743125426054576 4.5000000000000009 -0.042127586693152246 -0.067237217061704477 -0.0050353059465040335 0.032671020865876234 -0.050516672431038252 -0.037455560979422854
decision_type=2 2 2 2 2 2 2 10 2 2 2 2 2 2
left_child=1 -1 3 -3 7 -5 -7 9 -8 -2 -11 12 -12 -14
right_child=4 2 -4 5 -6 6 8 -9 -10 10 11 -13 13 -15
leaf_value=0.044982836233767753 -0.036639824918693123 -0.055089366847713699 -0.056225963524481296 0.043857545430577086 -0.058043602000202726 -0.054175829739371177 -0.039196220073126065 -0.028736805386657783 0.03587837722228681 0.034490977177222264 -0.056359573605588333 -0.05436428123062919 -0.010088258922577854 0.040445361370631205
leaf_weight=2.253841772209852 0.84608141425997629 2.0304182157851738 3.170395547989755 2.7408871892839652 0.90622675698250432 1.7484920429997162 0.9218445643782619 1.6911499574780453 2.4468904491513968 14.908166951499886 0.75024852715432633 0.96035236306488503 1.3273515719920395 4.745885358192024
leaf_count=13 13 44 73 22 18 44 14 23 26 107 12 22 21 35
internal_value=0.00855224 -0.00728729 -0.0163086 -0.00351056 0.0178326 0.00981663 -0.00841635 0.0205581 0.0153344 0.0240998 0.0263645 0.0108 0.0199714 0.0294009
internal_weight=41.4482 15.3128 13.0589 9.88853 26.1355 7.85811 5.11723 25.2292 3.36874 23.5381 22.692 7.78384 6.82349 6.07324
internal_count=487 236 223 150 251 106 84 233 40 210 197 90 68 56
is_linear=0
shrinkage=0.05


Tree=80
num_leaves=15
num_cat=0
split_feature=32 45 80 98 153 127 37 51 93 146 172 51 82 78
split_gain=2.64948 2.74814 2.5478 2.76714 2.31786 1.63335 1.82992 1.43987 1.42103 1.34019 1.13879 1.09205 1.88108 0.805255
threshold=3.5000000000000004 0.003371030031671073 0.00098395129634460342 -0.0013565211776297532 0.38138408580445116 0.025655098289524912 0.67958333150175221 -0.02344887308418912 0.0055113704905942898 -0.043657518299822597 0.029276002818225889 -0.010358221406175705 -0.0029590012937563046 0.043238172795227403
decision_type=8 2 2 2 2 2 2 2 2 2 2 2 2 2
left_child=5 9 7 10 -5 13 -7 8 -3 -2 -4 -11 -13 -1
right_child=1 2 3 4 -6 6 -8 -9 -10 11 -12 12 -14 -15
leaf_value=0.041735921457574057 -0.031270145179493461 -0.054500705602054028 0.041650688299790115 -0.051549055457571671 0.021205361095597761 -0.04168551399971529 0.031097280301707275 -0.056633017837111978 0.035733329710765607 0.045998026435010997 -0.015144868603979886 -0.038229934798091468 0.035026467358436952 0.0041629442209884428
leaf_weight=10.549824043177066 1.0188945718109597 0.74965177476406086 4.0143508175387952 2.8950279681012043 1.760428682900965 1.5909602828323834 1.8889711536467073 3.6742901522666207 1.0438844757154582 4.5724030639976254 1.1313094934448598 1.3319491278380149 2.5616574799642002 1.6488882526755322
leaf_count=78 12 13 32 53 21 31 18 82 11 30 17 18 20 21
internal_value=0.0119552 0.00176887 -0.0113616 0.00389359 -0.0240375 0.0280377 -0.00217767 -0.0387066 -0.00198216 0.0229065 0.0291638 0.0294267 0.00996646 0.0366572
internal_weight=40.4325 24.7538 15.2689 9.80112 4.65546 15.6786 3.47993 5.46783 1.79354 9.4849 5.14566 8.46601 3.89361 12.1987
internal_count=457 309 229 123 74 148 49 106 24 80 49 68 38 99
is_linear=0
shrinkage=0.05


Tree=81
num_leaves=15
num_cat=0
split_feature=45 169 156 35 25 78 32 160 64 145 51 40 104 84
split_gain=3.3326 2.40024 2.07279 2.26973 2.02988 2.41384 1.75464 1.66395 1.65911 1.64926 1.37423 1.26944 1.45683 1.19166
threshold=0.20516570403618653 0.12483422975729384 -0.080563359204717647 3.5000000000000004 -568.49999999999989 -0.10045119202737893 4.5000000000000009 -0.014858125454395228 14.500000000000002 -0.038030916661809383 -0.062516986896755999 0.086190209191972719 -0.02459576851025759 -0.019986639641952478
decision_type=2 2 2 2 2 2 10 2 2 2 2 10 2 2
left_child=1 2 3 7 6 -6 13 -1 10 -3 -2 -7 -13 -4
right_child=8 9 4 -5 5 11 -8 -9 -10 -11 -12 12 -14 -15
leaf_value=0.048086428369689613 0.056289588276199204 0.029300408193071822 0.017911302755559477 -0.055762432303828963 0.044565708724685738 -0.053514599835874213 -0.02797880095221951 -0.032334538204112528 0.046826907806938781 -0.060137988553076296 -0.053318804328341754 -0.056116334557263739 0.023274001253156637 0.042147284947125038
leaf_weight=1.6163859777152541 0.31217014789581332 0.73810916766524348 8.0278771016746795 1.8613533540628848 1.9902567779645322 1.8401506654918218 1.2375824395567168 1.0682887397706498 0.57966691628098477 1.7086330158635963 3.4064486962743095 0.81762591004371676 1.9704084526747463 13.774450905621052
leaf_count=10 1 7 76 39 16 55 15 17 3 21 96 12 20 91
internal_value=0.00979917 0.0146839 0.0181061 -0.0133325 0.022925 -0.0014808 0.0299359 0.0160852 -0.0318527 -0.0331571 -0.0441174 -0.0212822 -8.20661e-06 0.0332233
internal_weight=40.9494 36.6511 34.2044 4.54603 29.6584 6.61844 23.0399 2.68467 4.29829 2.44674 3.71862 4.62819 2.78803 21.8023
internal_count=479 379 351 66 285 103 182 27 100 28 97 87 32 167
is_linear=0
shrinkage=0.05


Tree=82
num_leaves=15
num_cat=0
split_feature=32 92 71 188 120 136 93 154 84 0 143 180 125 173
split_gain=2.41184 2.1795 1.80514 2.2962 1.99381 3.14516 2.45918 1.45816 1.43772 1.18265 2.3736 1.4384 1.16347 1.02051
threshold=3.5000000000000004 -0.026059229679004415 1.5000000000000002 0.091075023576904321 0.018433250382172268 0.011279241105728597 -0.025002546967692368 0.0086005692456285563 -0.050229668186817129 1019.5000000000001 0.026918268817379437 -0.092312046200640305 -0.01734881555910291 -0.033001813250166531
decision_type=10 2 10 2 2 2 2 2 2 2 2 2 2 2
left_child=2 8 3 4 9 6 12 -4 -2 10 11 -1 -6 -3
right_child=1 13 7 -5 5 -7 -8 -9 -10 -11 -12 -13 -14 -15
leaf_value=0.05006939873758131 -0.043054191609973341 0.00079403779265862964 0.046606313560463547 -0.038901785043328793 0.021157450949962242 -0.044954015317852619 0.041437836950142776 -0.054440544649296423 0.033774714910286635 0.037255346937557943 0.040701693225597094 -0.04180147130527475 -0.056388645738348467 -0.057712268460055165
leaf_weight=0.53015495464205775 0.83076305594295297 1.0006739301607015 0.46253873035311643 1.7137970887124527 0.80503940861672196 2.6234142845496535 4.3183569023385626 1.5651082382537422 2.2803772962652147 14.149192441254852 3.0310532292351127 2.1697855675593116 1.2117869928479192 2.9209687169641247
leaf_count=4 10 17 3 29 11 51 31 47 21 104 28 47 17 47
internal_value=0.00856311 -0.0179914 0.0142952 0.0173271 0.0206686 0.00108409 0.0201486 -0.0313901 0.0132592 0.029494 0.0103321 -0.0237619 -0.0254352 -0.0427834
internal_weight=39.613 7.03278 32.5802 30.5526 28.8388 8.9586 6.33518 2.02765 3.11114 19.8802 5.73099 2.69994 2.01683 3.92164
internal_count=467 95 372 322 293 110 59 50 31 183 79 51 28 64
is_linear=0
shrinkage=0.05


Tree=83
num_leaves=15
num_cat=0
split_feature=32 188 67 186 48 62 75 171 41 86 13 132 161 116
split_gain=2.53648 2.16697 2.04363 1.93349 1.75296 1.61901 2.13361 1.39072 1.8695 1.27626 1.18974 1.48097 1.18243 1.16429
threshold=3.5000000000000004 -0.0093260516398530249 1.0000000180025095e-35 0.026799825604977439 272.20454545454555 223.50000000000003 -0.011328631289870451 0.047049877340450012 0.086160664739918902 0.090459983475570951 786.00000000000011 -0.032149916838353935 0.078641897871517361 0.10403512270671965
decision_type=8 2 2 2 10 2 2 2 8 2 2 2 2 2
left_child=7 5 4 10 -3 6 -2 -1 -9 -7 -4 -12 -5 -13
right_child=1 2 3 12 -6 9 -8 8 -10 -11 11 13 -14 -15
leaf_value=0.032958289059047845 0.035120505576815446 -0.04196048954009772 0.047511465962000052 -0.054383322113599954 0.018890502701636898 -0.053870966577783855 -0.037452432209666424 -0.054436590702397626 0.02403885393255932 0.012388780483501519 0.044600793024405165 -0.053570944545028004 0.03771558867654614 0.037297680523170201
leaf_weight=12.196005290374158 2.2356526143848896 2.7754753353074184 5.3299750937148911 1.137269843369723 2.0633965069428086 3.7242631795816123 1.8514855839312074 1.1689712833613146 2.1635473538190131 0.9029385158792137 1.4879692718386615 1.1015422325581345 0.50248161517083634 0.5184115655720235
leaf_count=109 25 46 32 26 29 78 34 24 21 11 13 24 6 4
internal_value=0.00943862 -0.000876952 0.0106959 0.0235201 -0.0160123 -0.0206864 0.00224475 0.0251366 -0.00348854 -0.0409412 0.0331747 0.00858757 -0.0261607 -0.0244915
internal_weight=39.1594 23.6309 14.9165 10.0776 4.83887 8.71434 4.08714 15.5285 3.33252 4.6272 8.4379 3.10792 1.63975 1.61995
internal_count=482 328 180 105 75 148 59 154 45 89 73 41 32 28
is_linear=0
shrinkage=0.05


Tree=84
num_leaves=15
num_cat=0
split_feature=0 114 156 112 19 32 95 139 108 123 153 98 52 130
split_gain=2.38295 3.2508 1.982 2.10159 1.88826 1.85312 1.66547 1.60388 1.57038 1.11875 1.38967 1.07755 2.04085 0.981147
threshold=981.50000000000011 -0.15007984219319481 -0.086602692870196965 -0.025546595596824279 681.00000000000011 4.5000000000000009 -0.065700331834406128 0.0038141258805493065 -0.092533157692657839 0.062699393664175165 0.35348960423528641 -0.053616128366750629 -0.013955801376584323 -0.035384024636090187
decision_type=2 2 2 2 2 10 2 2 2 2 2 2 2 2
left_child=1 13 3 -2 -4 9 -3 -7 -8 11 -11 12 -6 -1
right_child=2 6 4 -5 5 7 8 -9 -10 10 -12 -13 -14 -15
leaf_value=-0.013496146518658457 0.022244933868721322 0.014806181650787842 -0.053918500719500551 -0.055775203449844268 0.043048071496140219 -0.057796395267055371 0.049481498118642692 0.023547981468638471 -0.052738856658075754 -0.053817476031491444 0.032617942571860209 0.038517010084572312 -0.057372006958248095 0.040463290633139942
leaf_weight=1.1792135573923586 1.6934549044817688 1.5162694328464565 0.77127338293940084 1.7603518459945942 1.1867237649858 1.1704899929463857 0.40763095766305912 1.2564631756395099 4.800246366299687 0.84469880163669486 1.0345398150384424 16.492917760740966 0.88197779096663964 2.9498150143772364
leaf_count=12 22 29 20 36 8 16 3 17 116 18 8 138 14 20
internal_value=0.00992913 -0.0098676 0.0178595 -0.0175207 0.0230288 0.025624 -0.0313109 -0.0156834 -0.0447379 0.0305285 -0.00623391 0.0342504 0.000234608 0.025053
internal_weight=37.9461 10.8532 27.0929 3.45381 23.6391 22.8678 6.72415 2.42695 5.20788 20.4409 1.87924 18.5616 2.0687 4.12903
internal_count=477 180 297 58 239 219 148 33 119 186 26 160 22 32
is_linear=0
shrinkage=0.05


Tree=85
num_leaves=15
num_cat=0
split_feature=41 51 89 40 162 68 44 52 70 145 172 134 189 0
split_gain=2.6229 2.59894 1.83038 1.78825 1.74907 1.84737 2.32792 1.53867 1.48266 1.27914 1.05693 1.00453 0.802064 0.661424
threshold=0.13749904455469222 -0.0057803887024956606 -0.052738627514987285 0.049736217878131546 -0.062056099642957448 22.500000000000004 709.00000000000011 -0.040416701684449462 1.0000000180025095e-35 0.012768634650871219 0.066486208701096602 -0.024634345916484401 -0.15850675083571023 770.00000000000011
decision_type=8 2 2 8 2 2 2 2 2 2 2 2 2 2
left_child=1 2 7 -2 -4 6 9 -1 -7 -6 13 -10 -8 -5
right_child=3 -3 4 10 5 8 12 -9 11 -11 -12 -13 -14 -15
leaf_value=0.045705324281508405 -0.028994389968291324 -0.053565135636898679 0.03939402355100851 -0.0067725699915482124 -0.020148458278750638 -0.035530641732208608 0.044373745122578773 -0.045926040734916143 -0.0072869017799458884 0.046638011748032733 -0.0085213321457960796 0.045562852354375238 -0.04735283147554329 0.040716726512598146
leaf_weight=0.55709216836839948 1.2860791496932487 2.0552434939891127 4.3219133997336092 0.78508104383945365 1.2516544638201543 0.92252085171639908 0.25547727383673668 2.5792649835348156 1.1683829808607695 1.6781900841742752 1.3885919880121935 3.9013462536968291 3.5484605790115848 11.097267564386128
leaf_count=5 21 76 37 7 14 16 2 58 15 10 17 31 78 82
internal_value=0.0107999 -2.2512e-07 0.00545396 0.0272999 0.0119122 0.00257898 -0.0153917 -0.0296501 0.0227736 0.0181063 0.0327554 0.033383 -0.0411924 0.0375791
internal_weight=36.7966 22.2395 20.1843 14.557 17.0479 12.726 6.73378 3.13636 5.99225 2.92984 13.2709 5.06973 3.80394 11.8823
internal_count=469 342 266 127 203 166 104 63 62 24 106 46 80 89
is_linear=0
shrinkage=0.05


Tree=86
num_leaves=15
num_cat=0
split_feature=114 181 4 52 26 45 109 84 139 135 132 50 85 147
split_gain=2.15293 2.29054 2.08012 2.00765 2.09796 1.28552 2.79972 1.52902 1.77341 1.30956 1.53951 1.23078 0.774706 1.28631
threshold=0.0024467276553416253 0.047469256330270521 3.5000000000000004 -0.027497108573524175 4.5000000000000009 0.10006465966992688 0.026863651669448773 -0.0514960124882732 0.028452838866576707 -0.00075177338190852646 -0.046046254612072277 0.015927540155329711 -0.041597498030028816 -0.062018520005339188
decision_type=2 2 8 2 2 2 2 2 2 2 2 2 2 2
left_child=1 5 -3 12 -5 7 9 8 -1 10 -7 -6 -2 -14
right_child=3 2 -4 4 11 6 -8 -9 -10 -11 -12 -13 13 -15
leaf_value=-0.035997523385996322 0.051088152197189644 0.017011737746673319 -0.053032078251851113 -0.045991868559028058 -0.052586024349829466 0.045937365131460094 -0.045443238465799174 0.037722261750252201 0.042590617569432165 0.038263904998881271 -0.054035577716490903 0.036650358818631344 0.047585902075960917 -0.052732954460757021
leaf_weight=1.6952456925064354 1.2982096094638111 2.0331608895212403 2.214407894294709 4.8011578591540438 0.51529815234243903 0.62981655821204185 2.0804114593192935 11.394178611692043 1.245088145136833 3.9101342917419961 0.99101725965738274 1.544689333066344 0.6245272234082222 0.65431691054254748
leaf_count=18 8 20 35 158 19 5 31 86 6 31 19 13 3 24
internal_value=0.0067263 0.0141039 -0.0195046 -0.0137484 -0.0278814 0.0206087 0.00400168 0.0294268 -0.00271927 0.0225998 -0.0151885 0.0143282 0.0238791 -0.00374195
internal_weight=35.6317 26.1935 4.24757 9.4382 6.86115 21.9459 7.61138 14.3345 2.94033 5.53097 1.62083 2.05999 2.57705 1.27884
internal_count=476 251 55 225 190 196 86 110 24 55 24 32 35 27
is_linear=0
shrinkage=0.05


Tree=87
num_leaves=15
num_cat=0
split_feature=35 156 117 104 183 80 126 75 6 160 51 90 158 98
split_gain=2.28038 2.18586 1.89977 1.72257 1.53812 1.45498 1.28434 1.20769 1.20768 1.01514 1.00498 1.81184 1.41431 1.10612
threshold=3.5000000000000004 -0.0523789324165886 -0.08670050879693178 -0.08419116709069327 0.059674145252724901 -0.090611024923527142 -0.076970156267404513 -0.095165021487235477 6.5000000000000009 -0.014858125454395228 -0.016117689547022956 -0.053788012129853617 -0.12074373998875608 -0.05095613287191908
decision_type=2 2 2 2 2 2 2 2 10 2 2 2 2 2
left_child=2 -2 -1 -3 5 -5 -4 -8 10 -10 -9 12 -12 -13
right_child=1 3 6 4 -6 -7 7 8 9 -11 11 13 -14 -15
leaf_value=-0.043742092919146922 -0.046658370156860113 -0.056764103615173089 -0.053807174384503276 -0.054911681953238249 -0.038861835877709201 0.027730581081609636 -0.057132068436717115 0.043724694014812417 0.024404513562777702 -0.05299927416472703 0.03756917353437051 -0.019214424377403977 -0.058385760094077269 0.033941958506038726
leaf_weight=1.1185915432870412 2.6661405069753519 1.0194854401051987 0.53206313727423804 0.57956071477383098 1.2609065542928872 6.5714937178418049 0.44113025255501881 7.9172866474837162 0.85048865946009755 0.84388442011549958 0.57497748546302307 1.0884001310914833 1.1562686832621789 9.7064088545739367
leaf_count=17 70 16 13 11 24 76 9 66 15 25 6 15 20 102
internal_value=0.0110447 -0.00668418 0.0198966 0.00461598 0.0120549 0.0210328 0.0229767 0.0247861 0.0264185 -0.0141465 0.0297806 0.020967 -0.0265174 0.0285824
internal_weight=36.3271 12.0976 24.2295 9.43145 8.41196 7.15105 23.1109 22.5788 22.1377 1.69437 20.4433 12.5261 1.73125 10.7948
internal_count=485 197 288 127 111 87 271 258 249 40 209 143 26 117
is_linear=0
shrinkage=0.05


Tree=88
num_leaves=15
num_cat=0
split_feature=162 175 181 109 139 178 48 110 45 108 29 170 159 52
split_gain=1.92964 2.05276 1.79732 2.14499 1.6717 1.53211 1.45169 2.16005 1.36911 2.34994 1.07382 1.02133 1.46509 0.996542
threshold=-0.0059401761408207823 -0.029800993910717961 0.026207782466347959 0.01898162766081592 -0.040188023171828464 -0.034196192983542935 362.67142857142863 -0.06591298141674938 0.13267855136928638 0.034015142986321974 3.5000000000000004 -0.010414437045607254 0.0894987321545751 -0.037333237018844417
decision_type=2 2 2 2 2 2 8 2 2 2 2 2 2 2
left_child=2 13 8 5 -3 -4 11 -8 -1 -10 -7 -6 -13 -2
right_child=1 4 3 -5 6 10 7 -9 9 -11 -12 12 -14 -15
leaf_value=0.039237422812021562 0.015460879795339319 -0.053079577504424449 0.042783981415651956 -0.057928584630406059 0.04063994991770821 0.01243140410217188 0.053569261862623341 -0.04617018611309251 -0.053510145857149728 0.04120796843777607 -0.056082371537652054 -0.039449802265022191 0.038093413759678091 -0.047966150149875271
leaf_weight=9.6717374329455215 0.76915822690352831 1.0502048963680835 2.268411145079881 1.3649689173325894 4.2592289638705516 1.4520918680354946 0.75901108980178866 1.9059820291586227 1.1890748068690293 1.4574789786711333 0.94346775021404017 1.1956257307902007 1.2418079026974735 3.1780697074718764
leaf_count=89 10 25 17 23 36 21 5 41 34 15 19 30 12 82
internal_value=0.00882542 -0.00490281 0.0195695 -0.00279973 0.00673732 0.0133344 0.0134477 -0.0177636 0.0305177 -0.0013481 -0.0145521 0.0258685 5.64133e-05 -0.0356067
internal_weight=32.7063 14.3591 18.3472 6.02894 10.4119 4.66397 9.36166 2.66499 12.3183 2.64655 2.39556 6.69666 2.43743 3.94723
internal_count=459 241 218 80 149 57 124 46 138 49 40 78 42 92
is_linear=0
shrinkage=0.05


Tree=89
num_leaves=15
num_cat=0
split_feature=114 17 39 109 127 115 29 177 14 43 43 157 107 57
split_gain=2.40375 2.21078 2.6034 1.93294 1.90375 1.67113 1.70894 1.51633 1.68102 1.37227 1.19345 0.853402 0.772017 0.786962
threshold=-0.043596150524666089 282055.00000000006 0.10456499019263339 0.026863651669448773 -0.11692966254157933 0.10047367703795414 2.5000000000000004 -0.043095396061263828 151699.00000000003 0.8601343547964595 0.21571654694737777 -0.20779859438023376 0.046596663774109072 1.5000000000000002
decision_type=2 10 2 2 2 2 2 2 2 2 2 2 2 2
left_child=3 2 4 7 -2 6 9 8 -1 -5 -6 -12 13 -9
right_child=1 -3 -4 5 10 -7 -8 12 -10 -11 11 -13 -14 -15
leaf_value=-0.044196987931694229 0.054105890166150084 0.044040269791805114 0.026422594271479097 0.025712427093799756 0.021042856022845863 0.030989631607124854 -0.056491892872378671 0.044053038753907404 0.029007095136593771 -0.053353849585855845 0.053571221892227343 -0.052463820115206707 -0.0023587067168491546 0.0066875395516830839
leaf_weight=1.494026444852355 0.54734818357974013 1.4506016839295615 2.1579623091965914 1.941114213317632 0.66631067125126797 2.0345558822154999 2.1325067244470119 8.657670943066476 1.6506897695362566 0.76507840305566777 0.19569462537765225 6.2527436697855618 1.3404273204505432 1.6830731667578209
leaf_count=19 3 10 18 15 11 15 26 62 17 15 1 233 12 17
internal_value=0.00515602 -0.0135768 -0.0220879 0.014886 -0.0357504 -0.00703136 -0.0230183 0.0250468 -0.00577151 0.00335929 -0.0426632 -0.0492459 0.0333435 0.0379714
internal_weight=32.9698 11.2707 9.82006 21.6991 7.6621 6.87326 4.8387 14.8259 3.14472 2.70619 7.11475 6.44844 11.6812 10.3407
internal_count=474 276 266 198 248 71 56 127 36 30 245 234 91 79
is_linear=0
shrinkage=0.05


Tree=90
num_leaves=15
num_cat=0
split_feature=35 162 169 125 130 43 91 15 178 147 61 162 114 147
split_gain=2.15414 2.19046 2.08852 1.58026 2.13338 1.41344 1.06425 1.32359 1.08562 1.04689 1.47619 1.17662 0.93542 1.85783
threshold=1.5000000000000002 -0.0023596677670138424 -0.07833885711952443 0.012684256999529351 -0.021916722739293713 2.1420718523691442 -0.074144400657002771 125323.50000000001 -0.087791440761500181 -0.004390690681390013 267.50000000000006 -0.069571603542804894 -0.0064101140842885663 -0.050246780537048973
decision_type=2 2 2 2 2 2 2 2 2 2 2 2 2 2
left_child=9 3 -3 5 -5 12 7 -4 -8 10 -1 -12 -2 -14
right_child=1 2 6 4 -6 -7 8 -9 -10 -11 11 -13 13 -15
leaf_value=0.045115752405423142 0.041243869916335309 0.024832955573257081 -0.054498842273226836 0.025048486601063281 -0.049278459483587014 -0.028965225748118242 0.036199200613111292 0.033992336079684674 -0.046928957063253125 0.039067654010195012 0.044345585091835331 -0.056721563373734754 0.050139348265652063 -0.036573276997233395
leaf_weight=1.1148774074390533 5.9035124555230123 2.1640018718317133 0.65617023967206289 1.8125198651105168 2.0656852931715557 1.1379012116231013 0.42288167495280315 1.1869333824142811 5.512813733890658 6.3123845835216326 0.38753406330943097 1.1209523207508025 1.177069375757126 1.299832790158691
leaf_count=11 47 27 15 22 39 18 7 13 128 55 5 25 7 45
internal_value=0.00715857 -0.000834144 -0.0186143 0.0123621 -0.014541 0.0233237 -0.0307009 0.00248826 -0.0410066 0.0280348 0.00148732 -0.0307572 0.0304236 0.00463415
internal_weight=32.2751 23.3393 9.9428 13.3965 3.87821 9.51832 7.7788 1.8431 5.9357 8.93575 2.62336 1.50849 8.38041 2.4769
internal_count=464 368 190 178 61 117 163 28 135 96 41 30 99 52
is_linear=0
shrinkage=0.05


Tree=91
num_leaves=15
num_cat=0
split_feature=33 39 114 170 7 42 101 184 187 111 42 5 191 7
split_gain=2.43539 1.81283 2.44715 1.72256 1.93734 1.62127 2.07993 1.41559 1.39006 1.46958 1.28656 1.06449 1.04392 0.914276
threshold=4.5000000000000009 0.086255405300263724 0.1001852009432075 0.080814579026448563 495.00000000000006 0.59387221082590758 -0.045837777904315986 0.029711688331799369 -0.045962513192539863 0.0055593307376272591 0.44415638779358835 83.000000000000014 0.049925029346598718 601.50000000000011
decision_type=2 2 2 2 10 2 2 2 2 2 2 10 2 8
left_child=1 2 3 4 -1 6 -6 8 -8 -10 -11 -4 13 -2
right_child=12 -3 11 -5 5 -7 7 -9 9 10 -12 -13 -14 -15
leaf_value=-0.054552941942552183 0.031769255518241106 0.041593534286651114 -0.052023939217526266 -0.040163688581723596 -0.044736322502019969 0.045285261946937438 0.036771799255905242 0.038039740000423886 -0.054303475649384592 0.039168633826060152 -0.041177332946938733 0.055043800508783082 0.01125792962331232 -0.050730186362214283
leaf_weight=0.86550300940872915 0.38266368955373709 5.2013563411310306 2.0496723093092437 1.3440726143307973 1.4223065557889771 5.2650020415894678 1.8842119439505167 5.301419906783849 1.4903744524344551 1.3832893893122675 0.77873547747731198 0.26179811358451832 1.4047488281503318 2.7437382307834923
leaf_count=19 7 42 95 30 25 43 19 47 31 14 20 1 17 58
internal_value=0.00939728 0.0150418 0.00877746 0.0144785 0.018472 0.0220784 0.0121126 0.019573 0.00189081 -0.0161037 0.010229 -0.0398974 -0.0245454 -0.0406325
internal_weight=31.7789 27.2477 22.0464 19.7349 18.3908 17.5253 12.2603 10.838 5.53661 3.6524 2.16202 2.31147 4.53115 3.1264
internal_count=468 386 344 248 218 199 156 131 84 65 34 96 82 65
is_linear=0
shrinkage=0.05


Tree=92
num_leaves=15
num_cat=0
split_feature=114 35 32 162 80 45 165 39 138 181 41 87 181 162
split_gain=2.54666 2.2966 2.26368 2.24886 2.10403 1.93071 1.89247 1.45583 1.45269 1.33682 0.966141 1.37003 0.702151 0.501441
threshold=-0.048477479767759617 1.5000000000000002 4.5000000000000009 -0.010487090616083461 -0.020636785477644592 0.1872896759841263 0.077266316058429027 0.027707795970569851 -0.032152950534714904 -0.11367806111830821 0.10082618768008224 0.11112854229906033 0.026744363385506984 -0.20425326947322661
decision_type=2 2 8 2 2 2 2 2 2 2 8 2 2 2
left_child=1 -1 4 5 -2 12 8 -6 -5 -4 11 -9 -3 -11
right_child=2 3 9 6 7 -7 -8 10 -10 13 -12 -13 -14 -15
leaf_value=0.046268869854028172 -0.052424329473938928 0.047943740576140134 0.028170466637922106 0.01145002564538165 -0.05287776487446956 -0.033699232702767819 0.026362434802895268 -0.0520948858209236 -0.050608166680534465 0.052022078090642493 0.047620202762549607 0.055193951023866095 0.012358122289642649 -0.052883754145052191
leaf_weight=5.5064773242920699 1.147902477532625 4.523939013481141 0.64389023417607116 1.3559157624840743 0.56120934803038558 1.1319801248610017 2.0482607036828995 0.67963368119671963 3.0966861313208902 0.11750257760286542 3.0813714284449811 0.52926847338676453 1.9985690694302318 3.7253359626047287
leaf_count=41 44 30 10 17 19 18 17 25 50 1 19 2 17 141
internal_value=0.00825795 0.0188706 -0.011641 0.00821252 0.00844903 0.0265787 -0.0134129 0.0228522 -0.0317101 -0.0385043 0.0327584 -0.00512285 0.0370399 -0.049676
internal_weight=30.1479 19.6618 10.4861 14.1554 5.99939 7.65449 6.50086 4.85148 4.4526 4.48673 4.29027 1.2089 6.52251 3.84284
internal_count=451 190 261 149 109 65 84 65 67 152 46 27 47 142
is_linear=0
shrinkage=0.05


Tree=93
num_leaves=15
num_cat=0
split_feature=50 13 137 89 125 111 114 30 92 144 50 32 190 48
split_gain=1.52735 1.75766 1.70043 1.76962 1.92951 2.06076 1.35195 1.42185 1.31654 1.21383 1.08411 1.02118 1.01444 1.42355
threshold=0.020654318251008597 75330.000000000015 0.06476662343994051 -0.050588939467847878 -0.0005599070858704439 0.026057693206006958 0.1001852009432075 2.5000000000000004 -0.029285128237373659 -0.053969109974346056 0.015379513124483843 3.5000000000000004 -0.0096248281696412284 510.98076923076928
decision_type=2 2 2 2 2 2 2 2 2 2 2 8 2 8
left_child=1 2 3 -1 12 -6 7 8 -2 -8 -7 -10 -5 -14
right_child=6 -3 -4 4 5 10 9 -9 11 -11 -12 -13 13 -15
leaf_value=-0.042960011282573422 0.04390591447825469 -0.053143685965911992 0.037032741528090087 0.035959574290762096 -0.042297287058449234 0.036365742000875223 0.047193851061783129 0.041402364584979832 0.025428008520383367 -0.052486092853088452 -0.029356730132896643 -0.051634691226401734 -0.052914527424119645 0.03938128829191162
leaf_weight=2.3239518557675245 1.100685407407582 1.4383316496387113 3.2515595853328696 4.6568916961550713 3.3009091592393789 1.9760007443837824 0.43807345908135165 7.1971118487417698 0.65897245705127505 1.0085053998045612 0.91941208019852627 1.2365787310991436 0.88607628550380879 0.7904998459853233
leaf_count=54 11 37 37 49 78 22 4 64 6 33 16 23 31 13
internal_value=0.00859567 5.58575e-05 0.00428217 -0.0028871 0.00454539 -0.0152916 0.0229342 0.0293535 0.000411381 -0.0222996 0.0154962 -0.0248445 0.0239528 -0.00939737
internal_weight=31.1836 19.5436 18.1053 14.8537 12.5298 6.19632 11.6399 10.1933 2.99624 1.44658 2.89541 1.89555 6.33347 1.67658
internal_count=478 337 300 263 209 116 141 104 40 37 38 29 93 44
is_linear=0
shrinkage=0.05


Tree=94
num_leaves=15
num_cat=0
split_feature=114 179 90 50 174 38 75 147 20 125 140 147 135 90
split_gain=1.82957 1.58025 1.80305 1.54236 1.5593 1.24531 1.22901 1.15501 1.10961 1.39449 1.06297 0.858401 0.833413 0.83374
threshold=0.095741769301820698 0.059628499595797704 0.0083503031643546288 0.010404390942939891 0.020182850116271706 0.13381490633344953 -0.049220230463155497 -0.083621967853369866 3087.0000000000005 -0.010698369729059052 -0.020826416806154446 -0.046437682374427039 -0.068051150052859166 0.065580774152340357
decision_type=2 2 2 2 2 2 2 2 2 2 2 2 2 2
left_child=1 3 10 4 11 -2 -7 -5 9 -9 -3 -1 -10 -14
right_child=5 2 -4 7 -6 6 -8 8 12 -11 -12 -13 13 -15
leaf_value=0.0070968797838686318 -0.051934854966423138 -0.03564110892284067 -0.055707948051544824 -0.037255779767283059 0.026390121567364918 0.050572893264720156 -0.032244008349408756 0.022530320736055768 -0.0085769667350897357 -0.053458956227807913 0.033315672795726607 -0.054014342889599769 0.040917400198249437 -0.0029809201697583681
leaf_weight=0.84905334748327721 2.1170056802220638 0.83909305185079608 1.7599947107955811 0.74603154417128337 1.7761414339765904 0.80543126072734583 1.0094060851261017 1.8297598981298508 1.1258001299575049 0.90104523440822148 1.6734037082642306 1.7778820521198313 10.616412902716535 1.2043182868510491
leaf_count=15 102 11 33 11 22 6 25 21 16 29 19 46 100 18
internal_value=0.00583234 0.0108004 -0.0168991 0.0164829 -0.00979608 -0.0258812 0.00451043 0.0235282 0.0264207 -0.00254279 0.0102863 -0.0342625 0.03253 0.036445
internal_weight=29.0308 25.0989 4.27249 20.8264 4.40308 3.93184 1.81484 16.4234 15.6773 2.73081 2.5125 2.62694 12.9465 11.8207
internal_count=474 341 63 278 83 133 31 195 184 50 30 61 134 118
is_linear=0
shrinkage=0.05


Tree=95
num_leaves=15
num_cat=0
split_feature=0 35 29 114 107 33 61 127 129 174 111 80 119 39
split_gain=2.33694 1.77356 1.65212 1.83576 1.3866 1.35757 1.36944 1.34425 1.21968 1.21817 0.950646 0.91706 0.823654 0.768912
threshold=826.50000000000011 1.5000000000000002 3.5000000000000004 -0.13710462365457307 0.08348523802057671 4.5000000000000009 453.50000000000006 -0.022261658121898321 -0.008780413268187395 -0.016517173485060196 0.060203950284427481 -0.0082533499901875553 -0.088292096996376038 0.061119082734611085
decision_type=2 2 2 2 2 2 2 2 2 2 2 2 2 2
left_child=7 -2 5 9 -5 6 -3 8 -1 -4 -8 -10 -9 -7
right_child=1 2 3 4 -6 13 10 12 11 -11 -12 -13 -14 -15
leaf_value=-0.054850213676493134 0.038146656587645794 0.035027011852559291 -0.018241063250437881 -0.042946539947453254 0.036334626976694789 -0.052876598333351149 -0.053596833896261825 0.042184781885417313 -0.02023551843606064 0.051108229836928691 0.0353291174060998 0.050653965157961528 -0.050512514909738584 0.019638802806555049
leaf_weight=0.63017332181334529 6.0086201191879836 7.5372884888201952 1.1060271449387076 3.8136218516156069 0.64474948355928052 0.92312361160293288 0.81307503394782521 0.26132114324718747 0.71443778416141901 1.4813540577888487 0.47676969133317471 1.2622695798054331 2.8876788015477386 0.60522906109690666
leaf_count=19 66 91 12 89 9 25 24 6 16 11 5 10 80 8
internal_value=0.00770813 0.0147261 0.00663905 -0.0120386 -0.0314813 0.0193471 0.0268801 -0.0208349 0.00572209 0.0214635 -0.0207268 0.0250325 -0.04282 -0.0241604
internal_weight=29.1657 23.4099 17.4012 7.04575 4.45837 10.3555 8.82713 5.75588 2.60688 2.58738 1.28984 1.97671 3.149 1.52835
internal_count=471 340 274 121 98 153 120 131 45 23 29 26 86 33
is_linear=0
shrinkage=0.05


Tree=96
num_leaves=15
num_cat=0
split_feature=50 109 105 148 136 133 105 114 129 76 108 170 85 37
split_gain=1.57719 1.66468 1.86094 1.61182 1.4592 1.37566 1.30806 1.07876 1.4943 1.42117 0.984833 0.917126 0.903784 0.862875
threshold=0.029513098581625045 0.032281009456644298 0.076731022246226105 0.078161370552854756 0.044101417935928915 0.091277810051369992 0.070414891716650233 -0.043596150524666089 -0.0057075568408015013 -0.049270992833576811 -0.069851708782397978 0.080814579026448563 -0.081955047958928509 0.59361499798888695
decision_type=2 2 2 2 2 2 2 2 2 2 2 2 2 2
left_child=1 2 4 6 5 7 -3 11 -9 -10 -6 -1 -11 -2
right_child=13 3 -4 -5 10 -7 -8 8 9 12 -12 -13 -14 -15
leaf_value=0.037308733764273079 -0.0041085880094658576 -0.047502825287312873 -0.055520871244083531 0.039842412368723185 0.033278816379765229 -0.053447576178470603 0.020577989901611797 -0.052108316480472906 0.0404631956995683 0.054860161135208821 -0.046446200418168229 -0.011730241734189073 -0.052265181038681975 0.043972442322942056
leaf_weight=8.447381537407642 1.2229481795802701 3.6456503723748019 1.0376463062129904 0.87413451820611943 0.51998674497008357 0.62600785680115301 0.87484395271167148 0.99394030123949706 2.2635364439338517 0.25395795702934953 1.5186925088055421 1.0747246984392411 0.87614783830938947 3.937464605551213
leaf_count=77 27 95 22 9 10 12 11 45 22 1 41 13 40 37
internal_value=0.00759597 0.0019925 0.00943613 -0.022309 0.0135028 0.0190588 -0.0343273 0.022322 0.00180909 0.0176006 -0.0261115 0.0317739 -0.0281919 0.0325779
internal_weight=28.1671 23.0067 17.612 5.39463 16.5744 14.5357 4.52049 13.9097 4.38758 3.39364 2.03868 9.52211 1.13011 5.16041
internal_count=462 398 283 115 261 210 106 198 108 63 51 90 41 64
is_linear=0
shrinkage=0.05


Tree=97
num_leaves=15
num_cat=0
split_feature=114 32 50 32 171 129 180 6 33 89 171 128 39 189
split_gain=1.9617 2.43565 1.56107 1.36808 1.65174 1.33501 1.24846 1.22849 1.02224 1.42492 0.851973 1.29328 0.720239 0.513799
threshold=-0.048477479767759617 3.5000000000000004 0.019963674941396659 3.5000000000000004 0.004623468525523435 0.045364622176288984 0.13529248361780735 2.5000000000000004 4.5000000000000009 -0.040987088745801752 0.049272766255498451 -0.028206088831466681 0.14213448477239723 0.033802972560128014
decision_type=2 8 2 10 2 2 2 10 2 2 2 2 2 2
left_child=3 2 5 7 -5 -2 12 8 10 -10 -1 -12 -3 -11
right_child=1 6 -4 4 -6 -7 -8 -9 9 13 11 -13 -14 -15
leaf_value=0.042337832045944178 -0.042542235809274409 -0.052255579122195063 0.037990990152562694 -0.04156216854748062 0.023925992997064143 0.037890657064264671 0.02746807230211383 -0.027057881146503135 -0.056339012471370124 -0.00420089164377631 -0.055237880137262642 0.030490529466996943 0.02419460379412193 0.049827879617898738
leaf_weight=8.4129954408854299 1.6164419259875988 3.8628661520779142 2.8567465115338564 1.9694937895983451 1.8837895840406416 0.75771878706291307 0.66729430458508421 1.0877443626523007 0.78348645195364985 0.82370037771761306 0.59885968454182181 1.6576833054423321 0.33477677404880513 0.9447021521627903
leaf_count=70 53 184 30 24 19 11 6 20 12 12 8 21 3 8
internal_value=0.00707591 -0.0105938 0.0130903 0.0168978 -0.00954638 -0.0168719 -0.0360595 0.0240189 0.0282211 -0.00020715 0.0350204 0.00773923 -0.0461584 0.0246619
internal_weight=28.2583 10.0958 5.23091 18.1625 3.85328 2.37416 4.86494 14.3092 13.2214 2.55189 10.6695 2.25654 4.19764 1.7684
internal_count=481 287 94 194 43 64 193 151 131 32 99 29 187 20
is_linear=0
shrinkage=0.05


Tree=98
num_leaves=15
num_cat=0
split_feature=32 162 39 131 165 136 53 183 178 87 38 123 57 129
split_gain=1.7647 1.62194 1.45202 1.33717 1.24632 1.35159 1.15258 1.07667 0.853812 0.844918 0.821585 0.83728 1.09925 0.968655
threshold=4.5000000000000009 -0.010487090616083461 0.11640729663190819 -0.012583187177738766 -0.051436737901627776 0.044101417935928915 -0.58384978148687672 -0.073504918490835333 -0.089337164646756298 -0.026988936894087021 0.011178423705200792 -0.037224276059019311 1.0000000180025095e-35 -0.014903394557034729
decision_type=10 2 2 2 2 2 2 2 2 2 2 2 2 2
left_child=1 7 3 8 -5 6 -6 -1 -3 -2 -9 -12 -13 -14
right_child=9 2 -4 4 5 -7 -8 10 -10 -11 11 12 13 -15
leaf_value=-0.030606626392684785 0.014258082126077286 0.035433243571853429 0.042507178842374524 -0.033060788360236681 0.041509488132765893 -0.052713144731439489 -0.023033087424107618 -0.051780497638714451 -0.041491269304573836 -0.055019844951355673 0.047487741468708045 0.032503846944132955 -0.054613928260208604 0.012962806300622902
leaf_weight=0.86192870838567515 0.61229721549898419 0.40504774171859059 1.5709910728037346 1.6247975740116105 3.2620892878621826 0.59594215475954104 0.87784198718144857 0.32071580365300789 3.2962659825570899 1.565075232181697 4.1455010888166708 5.3505608451087028 0.76299294480122659 1.7387480037286875
leaf_count=20 12 6 13 49 37 20 26 17 84 30 37 63 17 28
internal_value=0.00762101 0.0114082 -0.0021988 -0.0091788 0.00472547 0.0176893 0.0278237 0.0234177 -0.0330732 -0.0355383 0.0271978 0.029309 0.0197118 -0.00764707
internal_weight=26.9908 24.8134 11.633 10.062 6.36067 4.73587 4.13993 13.1804 3.70131 2.17737 12.3185 11.9978 7.8523 2.50174
internal_count=459 417 235 222 132 83 63 182 90 42 162 145 108 45
is_linear=0
shrinkage=0.05


Tree=99
num_leaves=15
num_cat=0
split_feature=76 33 114 167 143 14 39 32 187 20 173 96 57 112
split_gain=1.60233 1.5252 1.5329 1.55442 1.52775 1.36189 1.19577 1.38325 1.36537 1.59323 1.0828 1.07705 1.03366 0.950277
threshold=0.094773092461179431 4.5000000000000009 0.0024467276553416253 0.022388300914252219 0.014207949238682594 3678880.5000000005 0.069213195847994888 3.5000000000000004 0.038080316475149111 3121.0000000000005 -0.015291947287990994 -0.049142296261720932 -1.0000000180025095e-35 -0.066383196304978784
decision_type=2 2 2 2 2 2 2 10 2 2 2 2 2 2
left_child=1 2 6 5 -3 -4 7 8 9 11 -10 -1 -5 -6
right_child=-2 4 3 12 13 -7 -8 -9 10 -11 -12 -13 -14 -15
leaf_value=0.034319822991849006 -0.042392224743173085 -0.044750072871671362 -0.052017065467869952 0.03833161786751671 0.053829156558065042 0.053386865881492045 0.044595286653335897 -0.028235649195320667 0.021431590005829369 0.040701117456927186 -0.057695637885794016 -0.05287018271289852 -0.031510714320495938 -0.013693179286931065
leaf_weight=0.60244767181575298 1.5260874095838506 2.2886260855011633 2.0986634478904302 1.8863535132259133 0.8812273591756824 0.35885788500308979 4.7246242333203545 1.6118562100455154 0.85448571015149355 6.6575565543025732 0.87517077941447385 0.85955066047610074 0.73663325887173403 1.2749394653365014
leaf_count=7 62 58 99 23 5 2 42 24 10 59 11 22 27 24
internal_value=0.0073855 0.0103401 0.0159075 -0.00805291 -0.0162974 -0.0366255 0.0234284 0.0147027 0.0217297 0.030322 -0.0186052 -0.0169417 0.0187173 0.0139033
internal_weight=27.2371 25.711 21.2662 5.08051 4.44479 2.45752 16.1857 11.4611 9.84921 8.11955 1.72966 1.462 2.62299 2.15617
internal_count=475 413 326 151 87 101 175 133 109 88 21 29 50 29
is_linear=0
shrinkage=0.05


Tree=100
num_leaves=15
num_cat=0
split_feature=32 90 0 37 179 131 114 163 96 162 156 122 37 114
split_gain=1.67748 1.71998 2.00866 1.65693 1.42069 1.22118 1.00238 1.17284 0.912472 0.886857 0.880367 0.77835 1.04392 0.918059
threshold=2.5000000000000004 0.015292681763569481 888.00000000000011 0.68109546753687999 -0.09426384090637796 -0.055894772670877418 0.028577578851173142 0.18046718257149949 0.025017791225668835 -0.16526308426655803 -0.12580578944997528 1.0000000180025095e-35 0.43539309193507797 -0.11732165810764102
decision_type=8 2 2 2 2 2 2 2 2 2 2 2 2 2
left_child=10 2 5 4 -3 -2 11 9 -5 -8 -1 -4 -13 -14
right_child=1 3 6 8 -6 -7 7 -9 -10 -11 -12 12 13 -15
leaf_value=-0.052483912258689619 0.02900645895041214 0.041008884091939729 0.041441127621518026 0.044810045477287265 -0.051206613294499007 -0.045070988780123292 0.052308445648232317 0.048555762826222433 -0.028867754525802588 -0.051682775370700706 0.033050098573032025 -0.028718949884673568 0.052377352282416051 -0.0051213011366374973
leaf_weight=0.31686606630682934 0.73493580333888564 0.47105688299052406 4.3916668072342855 1.1072025764733551 3.6852289603557429 2.2895802487619248 0.24445176869630825 0.58272813213989128 0.67728844168595959 1.2710653343237928 5.9456080854870406 1.1722673238255086 1.5984359383583089 1.2272040233947317
leaf_count=10 11 6 45 13 110 72 2 5 14 62 78 19 13 19
internal_value=0.00621507 -0.00103061 0.00882749 -0.0234529 -0.0407553 -0.0270707 0.0191799 -0.0117291 0.0168463 -0.0349091 0.0287223 0.0269103 0.0109484 0.0274051
internal_weight=25.7156 19.4531 13.5123 5.94078 4.15629 3.02452 10.4878 2.09825 1.78449 1.51552 6.26247 8.38957 3.99791 2.82564
internal_count=479 391 248 143 116 83 165 69 27 64 88 96 51 32
is_linear=0
shrinkage=0.05


Tree=101
num_leaves=15
num_cat=0
split_feature=37 32 114 67 84 171 96 39 182 38 124 180 188 127
split_gain=1.39766 1.55476 1.42993 2.12195 1.60496 1.34024 1.19857 0.986459 0.867676 0.825155 1.1342 0.81977 0.791997 0.655994
threshold=0.80099986542698187 3.5000000000000004 -0.15007984219319481 1.0000000180025095e-35 0.037350849230601564 0.048026564536747356 -0.057777035867805367 0.091921253455720831 -0.038222518195692466 0.044362581097490264 0.066103994441386968 -0.0012511357821240788 0.0032947889439091747 0.023555229814475696
decision_type=2 8 2 2 2 2 2 2 2 2 2 2 2 2
left_child=1 5 6 -4 7 9 -3 12 -7 10 -1 -6 -5 -14
right_child=-2 2 3 4 11 8 -8 -9 -10 -11 -12 -13 13 -15
leaf_value=-0.053061089928072708 0.042635217467575093 -0.028094328854152969 -0.048590220708098965 -0.054176227704256896 -0.022563251525858835 0.023939359687483848 0.034910827947976016 0.032966087710263638 -0.053219233832613413 0.037400429720918053 0.048618166280242153 0.043553179518193652 -0.032896603105345708 0.025117446873008348
leaf_weight=0.63485002843663607 2.8693127818405619 0.98474820144474495 3.1499433186836487 1.693128034938127 0.59176416532136533 0.62284929398447275 3.2330572977662113 0.7763406466692685 0.87794466875493504 6.4489251859486103 0.4828633014112711 2.2567326677963138 1.1178539558313785 0.86381165194325138
leaf_count=21 25 13 108 56 15 11 34 8 25 76 5 23 32 19
internal_value=0.00967423 0.00568956 -0.00437222 -0.0142907 0.000510235 0.0219654 0.0202008 -0.0182451 -0.0211974 0.0305265 -0.00913464 0.0298177 -0.029064 -0.00760817
internal_weight=26.6041 23.7348 14.6674 10.4496 7.29963 9.06743 4.21781 4.45113 1.50079 7.56664 1.11771 2.8485 3.67479 1.98167
internal_count=471 446 308 261 153 138 47 115 36 102 26 38 107 51
is_linear=0
shrinkage=0.05


Tree=102
num_leaves=15
num_cat=1
split_feature=114 41 82 179 90 112 140 50 54 3 190 134 169 117
split_gain=1.49977 1.67095 1.34069 1.1564 1.22388 1.11582 1.06064 1.02147 0.937033 0.91844 1.25122 0.638521 0.931433 0.613423
threshold=-0.11179702798063974 0.13898323884359173 -0.022541525855293856 0.060906182252720459 -1.0000000180025095e-35 0.015648035848873958 -0.047187526454280558 0.014817730305977482 11.500000000000002 0 -0.046748753393892027 0.00090675978034330271 -0.025743944698511122 -0.13456911881936498
decision_type=2 8 2 2 2 2 2 2 2 9 2 2 2 2
left_child=3 2 5 9 -5 7 -3 -2 -4 10 -1 -8 -13 -10
right_child=1 6 8 4 -6 -7 11 -9 13 -11 -12 12 -14 -15
leaf_value=0.052059297474497647 -0.027301361335032776 -0.034201016465113622 0.054925423062677552 0.029393346903817411 -0.056469596305732297 -0.039972960993377105 0.042738069578553313 0.03713138850539021 0.052762589437584585 0.04027802867491044 -0.023304577795105079 -0.038844561929650842 0.028055688577725932 -0.04869539529361392
leaf_weight=0.87008645758032832 0.84839849406853352 0.80959072150290001 0.256756871938704 0.82294134981930256 0.83725791797041782 1.0636332205031065 2.9850003849714994 2.236942620947957 0.15605905652046281 7.1345812063664216 1.5005427263677118 0.7343082427978519 1.7850116444751618 3.2842467760201539
leaf_count=9 31 17 1 11 11 48 29 31 1 64 22 14 23 150
internal_value=0.0108916 8.6923e-05 -0.015321 0.0245941 -0.0139083 0.00418942 0.0192337 0.0194139 -0.0372163 0.031319 0.00435605 0.0270931 0.00855622 -0.0440931
internal_weight=25.3254 14.1599 7.84604 11.1654 1.6602 4.14897 6.31391 3.08534 3.69706 9.50521 2.37063 5.50432 2.51932 3.44031
internal_count=462 345 262 117 22 110 83 62 152 95 31 66 37 151
cat_boundaries=0 1
cat_threshold=2
is_linear=0
shrinkage=0.05


Tree=103
num_leaves=15
num_cat=0
split_feature=32 33 106 149 81 45 135 86 18 143 186 163 128 76
split_gain=1.44695 1.51451 1.36511 1.11775 1.41836 1.08323 1.3291 0.866939 0.859312 0.82682 0.819987 0.738148 0.683641 0.618302
threshold=3.5000000000000004 4.5000000000000009 0.024038864008275481 0.012826075351797575 0.00067996482884998444 0.089825693016217414 -0.025029390220839835 -0.024019854437833044 3769.5000000000005 0.016856810356646944 -0.059845803997346854 -0.076255115892830252 -0.028206088831466681 -0.055848794812241608
decision_type=10 2 2 2 2 2 2 2 10 2 2 2 2 2
left_child=1 5 -3 4 8 11 -7 10 -2 -4 -8 13 -9 -1
right_child=3 2 9 -5 -6 6 7 12 -10 -11 -12 -13 -14 -15
leaf_value=0.040171807298436564 -0.018860503186605503 -0.043349778258104855 -0.019206258802977397 -0.054177850128087846 -0.044784488061564244 -0.043827640379183685 0.04434442183549564 -0.026380938132689904 0.043439502199668661 0.049029374207015516 -0.052185925149337169 0.034322314390116238 0.037484536419463248 -0.052265644780885037
leaf_weight=0.294637237675488 0.84953676373697806 1.8668212797492736 0.81910879630595423 1.2991561694070695 1.1940594818443058 1.1503015204798428 0.31355069298297167 0.48785777483135451 1.5883474426809696 0.96927714161574841 0.73734662495553471 10.62449434399605 2.9696649750694628 0.46864006901160493
leaf_count=6 17 48 17 37 33 44 4 16 20 8 30 138 44 20
internal_value=0.00996513 0.015763 -0.0134425 -0.0143754 -0.000137946 0.0220254 0.00414519 0.0163852 0.0217296 0.0177764 -0.0233847 0.0309103 0.0284731 -0.0165833
internal_weight=25.6328 20.7017 3.65521 4.9311 3.63194 17.0465 5.65872 4.50842 2.43788 1.78839 1.0509 11.3878 3.45752 0.763277
internal_count=482 375 73 107 70 302 138 94 37 25 34 164 60 26
is_linear=0
shrinkage=0.05


Tree=104
num_leaves=15
num_cat=0
split_feature=37 114 135 32 122 71 109 117 126 146 76 63 39 163
split_gain=1.52096 1.39348 1.26489 1.24701 1.54476 1.159 1.06688 1.03294 1.0605 1.09472 0.901448 0.785781 0.751728 1.01689
threshold=0.80750796319683615 0.095741769301820698 -0.067381448476771313 3.5000000000000004 -0.033192385721152753 0.10578678349762689 0.088696505347062249 -0.022377509008940807 0.0044907893114021821 0.0072542275008506364 0.030520806491972974 841.50000000000011 0.041767521190050241 0.063163967885234512
decision_type=2 2 2 10 2 10 2 2 2 2 2 2 2 2
left_child=1 3 -3 5 -5 6 7 8 9 -1 -7 -11 13 -9
right_child=-2 2 -4 4 -6 10 -8 12 -10 11 -12 -13 -14 -15
leaf_value=0.040815889447686271 0.04403649294726758 0.035517471614894776 -0.051848607364315305 0.020796564644021159 -0.048005145219570798 0.020282597142558808 -0.041620674025740684 0.026532009317094891 -0.031356862214233179 0.026627542652316101 -0.052957621023137572 -0.053332521068508679 0.042546007902179564 -0.041677187145235522
leaf_weight=2.0714951851405288 2.5086147040128699 0.52995429467409882 1.8982906010933209 1.3687823871150615 2.0195569586940101 0.68041947018355031 0.71696693031117398 2.644959452794867 1.5692623630166052 0.54507273808121659 1.0982432200107721 0.7042072806507349 5.4856934268027544 0.68869680096395303
leaf_count=24 25 13 103 16 50 11 14 43 38 8 40 17 57 17
internal_value=0.00714845 0.00294631 -0.0327813 0.00737411 -0.0202114 0.013142 0.0178372 0.0209467 0.00251523 0.0185218 -0.0249399 -0.0184452 0.0311664 0.0124407
internal_weight=24.5302 22.0216 2.42824 19.5934 3.38834 16.205 14.4264 13.7094 4.89004 3.32078 1.77866 1.24928 8.81935 3.33366
internal_count=476 451 116 335 66 269 218 204 87 49 51 25 117 60
is_linear=0
shrinkage=0.05


Tree=105
num_leaves=15
num_cat=0
split_feature=45 175 27 188 12 76 121 188 162 165 135 129 97 75
split_gain=1.37096 1.53 1.70626 1.07191 1.0393 0.96192 0.878804 0.878434 0.76195 1.07249 0.893269 0.814672 1.0294 0.738051
threshold=0.20516570403618653 -0.055861957562485361 4.5000000000000009 -0.050283804829589621 646876.00000000012 -0.029720077059051293 0.071738137176914421 0.039452870833105204 -0.023805682377529083 -0.054909067664399271 0.038038912725851318 -0.023765853240109651 -0.036570398621322824 -0.026158074221595218
decision_type=2 2 2 2 2 2 2 2 2 2 2 2 2 2
left_child=1 5 8 -4 6 13 -2 -5 -3 -10 11 12 -11 -1
right_child=4 2 3 7 -6 -7 -8 -9 9 10 -12 -13 -14 -15
leaf_value=0.035507270272768246 -0.052105075665631329 0.038896803108713379 0.034087094672917755 -0.051512624575706968 0.052185130708700726 -0.041031893716762267 0.026592980144725283 0.016999641461231427 -0.032540726073724928 0.044317710677165202 -0.025932019633651233 0.039105018646316402 -0.040834110338256097 -0.032316235907867377
leaf_weight=1.0759383793920276 1.9321322594769297 6.2022854045499178 0.82237826613709364 1.6720349723473185 0.37258346378803242 1.962808862561366 0.43450983031652857 0.64963115728460241 1.0125049927737615 0.62814683746546507 0.83809212036430825 4.7343048215843586 0.8159875769633842 0.63953012973070178
leaf_count=13 88 79 11 36 3 57 8 13 30 7 20 65 22 14
internal_value=0.00783802 0.0121672 0.0183689 -0.0149664 -0.0254363 -0.0171279 -0.0376563 -0.032342 0.0257334 0.015565 0.0225068 0.0290774 -0.00379611 0.0102225
internal_weight=23.7929 21.0536 17.3754 3.14404 2.73923 3.67828 2.36664 2.32167 14.2313 8.02904 7.01653 6.17844 1.44413 1.71547
internal_count=466 367 283 60 99 84 96 49 223 144 114 94 29 27
is_linear=0
shrinkage=0.05


Tree=106
num_leaves=15
num_cat=0
split_feature=114 84 27 71 84 102 0 176 124 41 15 108 17 134
split_gain=1.85565 1.56696 1.76602 1.28379 1.1634 1.32818 0.925656 0.706357 0.994956 0.643222 1.02745 0.639869 0.633 1.11246
threshold=-0.13836895830033757 -0.019986639641952478 4.5000000000000009 0.56410256410256421 -0.13549384772824555 0.089549196247579219 609.00000000000011 0.044517464915457952 -0.016353073992849038 0.071154907885924004 52046.500000000007 -0.071074058322903907 2462.5000000000005 0.062884288539510627
decision_type=2 2 2 8 2 2 2 2 2 8 2 2 8 2
left_child=7 4 3 6 -2 11 -3 9 -9 10 -1 -6 13 -8
right_child=1 2 -4 -5 5 -7 12 8 -10 -11 -12 -13 -14 -15
leaf_value=-0.023777688071254622 0.047358962832703556 -0.052757394388017444 -0.044029250271032966 -0.051504100590853807 0.0093359590711756726 0.035540502389083149 -0.05199388179993486 0.032562826167234056 -0.045975902441077514 0.049854818057972726 0.041623203279344427 -0.04766205146560757 0.03305489700294479 0.049518967499601468
leaf_weight=0.9739266969263588 0.52409256948158134 0.38181733805685603 1.338791337329895 0.62048866157420057 0.56279348675161589 0.65764165320433665 0.62291424954310171 0.92940382286906242 0.71231086552143075 3.3763770088553424 1.5663374159485099 3.9362831693142661 6.4146934221498659 0.47621532902121544
leaf_count=17 6 14 40 39 13 8 35 11 10 39 16 133 86 5
internal_value=0.00718373 -0.00270216 0.00935407 0.0177463 -0.023617 -0.0308305 0.0231884 0.0275036 -0.00151373 0.0355551 0.0165488 -0.0405321 0.0270476 -0.00801183
internal_weight=23.0941 15.5357 9.85492 8.51613 5.68081 5.15672 7.89564 7.55836 1.64171 5.91664 2.54026 4.49908 7.51382 1.09913
internal_count=472 379 219 179 160 154 140 93 21 72 33 146 126 40
is_linear=0
shrinkage=0.05


Tree=107
num_leaves=15
num_cat=0
split_feature=17 76 33 189 45 92 86 97 90 190 114 149 115 49
split_gain=1.25393 1.57136 1.28567 1.36057 1.3504 1.08657 1.44809 1.06458 0.910485 1.47491 0.870814 1.56741 0.899097 0.845251
threshold=282055.00000000006 0.094773092461179431 4.5000000000000009 0.010556724723277589 0.092244927671454383 0.016303149095709655 0.00090028932380265957 -0.085223633787362543 0.037081771098583113 -0.023080293440322499 -0.092216743853142089 -0.011490044801457119 -0.0058199079723830751 3662.5000000000005
decision_type=10 2 2 2 2 2 2 2 2 2 2 2 2 2
left_child=1 2 4 -4 7 6 -6 -1 10 -10 -9 -12 -13 -5
right_child=-2 -3 3 13 5 -7 -8 8 9 -11 11 12 -14 -15
leaf_value=-0.04145808618777494 0.047274201577728839 -0.052163908557830985 -0.054278170008747767 -0.052884856137594742 -0.039671349602310321 -0.045942279474334852 0.027366763410662017 0.047853170400682779 0.035674578377375692 -0.036498410291753935 -0.052573941798883389 0.043322975926742439 -0.015270261204311861 0.028715147345473604
leaf_weight=0.66001309966669275 1.669582993723451 1.2478858472313721 1.6906170956790441 0.41944519290700544 1.2202145056799047 1.5120576089248059 2.3704582089558244 4.3013973385095658 1.4030099115334453 1.4287206251174218 0.6974530615843898 2.7397651658393509 0.86029705102553711 1.3038765201345084
leaf_count=15 18 63 46 12 48 53 40 50 15 29 25 27 27 20
internal_value=0.00550882 0.00231824 0.00561743 -0.0224096 0.0111825 -0.0103872 0.00458527 0.0202858 0.0238509 -0.000739563 0.0319489 0.0160302 0.0293211 0.00885424
internal_weight=23.5248 21.8552 20.6073 3.41394 17.1934 5.10273 3.59067 12.0907 11.4306 2.83173 8.59891 4.29752 3.60006 1.72332
internal_count=488 470 407 78 329 141 88 188 173 44 129 79 54 32
is_linear=0
shrinkage=0.05


Tree=108
num_leaves=15
num_cat=0
split_feature=44 27 174 114 136 82 135 76 142 124 85 134 83 96
split_gain=1.25963 1.1115 0.974361 0.918801 1.22539 0.953033 0.957911 0.914256 1.13685 0.789496 0.968455 0.778914 0.588666 0.915726
threshold=815.00000000000011 1.5000000000000002 0.10961995104942111 -0.13836895830033757 -0.012571934194254767 -0.044570565185411463 0.029985134473160417 0.009459292060837737 0.052314844350605537 -0.018435917976450906 0.039783544094551461 -0.0052680284712923629 -0.03490434778945322 0.044981084622861961
decision_type=2 2 2 2 2 2 2 2 2 2 2 2 2 2
left_child=7 9 3 4 -3 6 -5 12 -9 -2 -11 -6 -1 -14
right_child=1 2 -4 5 11 -7 -8 8 -10 10 -12 -13 13 -15
leaf_value=0.044595523680219962 0.036275008020290017 -0.046989204453801954 0.029854934275959161 -0.044656535424647842 0.049814583549795052 -0.048362701493535526 0.029771310144713299 -0.053393616158810255 0.035033945570890679 -0.051914404636678804 0.042063730184142986 -0.014395927546784155 0.024713230762137488 -0.036032773433771724
leaf_weight=2.7936330167576671 2.2875320552848284 0.86532838456332717 1.1074313241988418 0.77126352209597715 1.1918409671634436 3.3759757061488926 0.98368348879739642 0.87086515128612496 0.62383615435101092 0.69014453841373213 0.45478224102407694 0.78231171704828617 4.3161875316873211 0.72454165504313994
leaf_count=28 38 15 22 36 13 139 13 26 10 33 6 13 67 13
internal_value=0.00544266 -0.00492682 -0.0140912 -0.0201972 0.00262297 -0.032826 -0.00293821 0.0193481 -0.016487 0.0193103 -0.0145849 0.0243694 0.0261851 0.0159818
internal_weight=21.8394 12.5103 9.07784 7.9704 2.83948 5.13092 1.75495 9.32906 1.4947 3.43246 1.14493 1.97415 7.83436 5.04073
internal_count=472 328 251 229 41 188 49 144 36 77 39 26 108 80
is_linear=0
shrinkage=0.05


Tree=109
num_leaves=15
num_cat=0
split_feature=45 125 121 114 17 37 114 84 0 148 181 170 38 128
split_gain=1.18187 1.31682 1.44687 1.05085 1.07732 0.935894 0.847935 1.3345 0.905546 0.799819 0.888268 0.900186 0.743417 0.728131
threshold=0.042311408100900796 0.0033804483758194358 0.10414831132697976 -0.02265718142867354 341327.50000000006 0.2987702266403936 -0.16684142202986665 -0.019986639641952478 1303.0000000000002 -0.080292505071637627 0.026744363385506984 -0.0024821098376628446 0.071309468918744692 0.0071047952099976353
decision_type=2 2 2 2 8 2 2 2 2 2 2 2 2 2
left_child=6 3 -3 5 -5 -2 -1 8 -8 -9 -11 -12 -7 -10
right_child=1 2 -4 4 -6 12 7 9 13 10 11 -13 -14 -15
leaf_value=0.046674377504655334 -0.052510616484883782 -0.042760165813587346 0.042184608401407309 -0.05118860526512406 0.052891388775140685 -0.010624889130310337 -0.053345589322452626 -0.055294748300160172 0.029266278879547771 0.038865967190452495 -0.053370854352230934 0.021620184400615677 0.037134096058456315 -0.03527452196041491
leaf_weight=2.0502104461193076 0.41730311140418042 3.1649435886647557 0.59564131614752103 1.1636272114701549 0.31618656218051899 1.0693029770627616 1.0789633509702974 0.30792507715523143 1.1310330932028589 4.6365806073881721 0.5854830057360233 1.2643909221515055 3.4237795397639275 0.71215744409710158
leaf_count=26 11 118 7 85 2 23 36 6 18 60 18 19 36 15
internal_value=0.00667042 -0.00583035 -0.0293057 0.00798472 -0.0289502 0.0191156 0.0174544 0.0112889 -0.0169662 0.023441 0.0271788 -0.00211439 0.025768 0.00432951
internal_weight=21.9175 10.1508 3.76058 6.3902 1.47981 4.91039 11.7667 9.71653 2.92215 6.79438 6.48645 1.84987 4.49308 1.84319
internal_count=480 282 125 157 87 70 198 172 69 103 97 37 59 33
is_linear=0
shrinkage=0.05


Tree=110
num_leaves=15
num_cat=0
split_feature=35 90 45 7 128 114 72 177 162 143 39 119 40 40
split_gain=1.24001 1.39792 1.38191 1.16203 1.13633 1.05402 1.44411 1.13307 0.968885 0.870868 0.778272 1.3756 0.731987 0.570513
threshold=1.5000000000000002 0.042817049879729216 0.09642369145132472 267985.50000000006 0.071288406432949189 -0.11179702798063974 0.76388888888888895 0.035643696436294892 -0.11838732213986476 -0.065267290988002963 0.045993947470933487 0.0067853572138730171 0.10384700709692203 0.1198311690224217
decision_type=2 2 2 10 2 2 10 2 2 2 2 2 8 10
left_child=10 2 5 9 13 -2 7 8 -7 -4 11 -1 -11 -3
right_child=1 4 3 -5 -6 6 -8 -9 -10 12 -12 -13 -14 -15
leaf_value=0.034016679923370485 0.040651953018514903 -0.053143162146612369 0.028444321258425151 0.052531874514415017 0.04641442815650984 0.052249005172498135 0.044835280582328101 0.021532481774820537 -0.052600219568375732 -0.052375128459096032 0.044428010493313345 -0.053077739384956302 0.0043705929147147549 -0.0017821639345964051
leaf_weight=1.3379695063922583 3.4786539748311034 2.1399620838928968 0.60359458625316653 0.53924793004989613 0.43677212321199466 0.25374187529086967 1.5068767578341065 1.3055715970695017 1.6735028047114613 2.1673801792785516 3.0765832401812077 0.68572874274104823 0.77026845421642098 0.72346676886081684
leaf_count=25 40 74 13 4 6 2 13 29 69 97 38 26 14 15
internal_value=0.00718509 0.000187432 0.00794099 -0.0158446 -0.0287077 0.0197508 0.00441054 -0.0144322 -0.0387957 -0.0262567 0.0285872 0.0045048 -0.0374961 -0.0401664
internal_weight=20.6993 15.599 12.2988 4.08049 3.3002 8.21835 4.73969 3.23282 1.92724 3.54124 5.10028 2.0237 2.93765 2.86343
internal_count=465 376 281 128 95 153 113 100 71 124 89 51 111 89
is_linear=0
shrinkage=0.05


Tree=111
num_leaves=15
num_cat=1
split_feature=145 114 41 179 82 67 112 109 120 54 3 62 191 75
split_gain=1.06033 1.135 1.434 1.34061 1.09143 1.26162 1.03844 0.92915 1.1646 0.682406 0.555817 0.87097 0.543956 0.481994
threshold=0.08321047993384327 -0.11394520471042557 0.13898323884359173 0.02092923893314667 -0.018545612786341942 1.0000000180025095e-35 0.015982498520734047 0.027830225195828888 -0.050453149908108286 17.500000000000004 0 179.50000000000003 0.044512420528304265 0.012045268691875536
decision_type=2 2 8 2 2 2 2 2 2 2 9 2 2 2
left_child=1 7 4 13 5 -3 -7 10 -9 -5 -1 -12 -10 -4
right_child=-2 2 3 9 -6 6 -8 8 12 -11 11 -13 -14 -15
leaf_value=0.044152715608860034 -0.054284335655428555 -0.051741210095346761 0.042671221912064246 0.019046948724630506 -0.046857902037757811 0.031923543741896328 -0.051832330969328738 0.040842104914551411 -0.055309280376357406 -0.052520234626027486 0.040901959677456363 -0.024421730048483904 0.0061259615303196398 -0.00036588609635618312
leaf_weight=3.5222547035664364 0.7427559478674074 0.94488784531131775 2.6755970669910352 0.53651941753923871 2.3834369727410305 1.9849882533308121 0.45488566765561689 0.8740215711295608 0.93323410116136052 0.87844937574118376 1.1322430316358807 0.92890484072267998 0.58689100295305252 0.85957963950932015
leaf_count=44 20 55 32 7 138 36 23 10 16 24 13 16 10 19
internal_value=0.00430354 0.00663114 -0.00399719 0.0157448 -0.0209394 -0.00268839 0.0163083 0.020911 -0.0051477 -0.0253838 0.0320848 0.0114623 -0.0315903 0.0322067
internal_weight=19.4386 18.6959 10.7183 4.95015 5.7682 3.38476 2.43987 7.97755 2.39415 1.41497 5.5834 2.06115 1.52013 3.53518
internal_count=463 443 334 82 252 114 59 109 36 31 73 29 26 51
cat_boundaries=0 1
cat_threshold=1
is_linear=0
shrinkage=0.05


Tree=112
num_leaves=15
num_cat=0
split_feature=77 190 89 121 96 18 188 19 114 63 29 144 116 126
split_gain=1.2305 1.21578 1.11225 1.12258 1.02572 1.0056 1.00182 0.976518 0.560079 0.949199 0.783899 0.78992 0.724562 0.547951
threshold=-0.074381016241642686 0.050018598915816566 -0.050588939467847878 0.041507067576842561 -0.081712403299002062 21755.000000000004 0.088853078132523231 236.50000000000003 -0.137600284615813 897.50000000000011 3.5000000000000004 -0.015404501846951057 -0.056185378757743445 0.045892851852980247
decision_type=2 2 2 2 2 8 2 2 2 2 2 2 2 2
left_child=4 2 3 13 -1 -3 7 -4 -9 10 -10 -12 -11 -2
right_child=1 5 6 -5 -6 -7 -8 8 9 12 11 -13 -14 -15
leaf_value=0.033531741668065787 -0.054239215610721016 -0.043462740642921688 -0.051828742179189494 0.029318740752667213 -0.046116405178697327 0.016035955762909546 -0.032333334870087126 0.046279817227682978 0.038679783591435285 0.025952910594930673 0.029571634451365705 -0.052187808747822563 -0.043038440839508391 0.019089764630362726
leaf_weight=0.53223095694556866 1.2216478348709672 1.6167252198792983 0.37771984981372675 0.98746542702428985 1.6806514891795838 1.266439183149487 0.74653086345642883 3.6077906042337426 5.5610981801291892 0.6796096502803266 0.68229984678328037 0.52101714792661347 0.86486162827350177 0.32188422651961435
leaf_count=11 39 56 22 14 76 24 24 47 80 15 13 20 36 8
internal_value=0.00827241 0.012497 0.0180191 -0.0123134 -0.0269598 -0.0173277 0.023906 0.027321 0.0298297 0.022687 0.0307622 -0.00582891 -0.0126804 -0.0389474
internal_weight=20.668 18.4551 15.5719 2.531 2.21288 2.88316 13.0409 12.2944 11.9167 8.30889 6.76442 1.20332 1.54447 1.54353
internal_count=485 398 318 61 87 80 257 233 211 164 113 33 51 47
is_linear=0
shrinkage=0.05


Tree=113
num_leaves=15
num_cat=0
split_feature=43 184 126 90 54 39 0 66 168 166 118 176 114 135
split_gain=1.12545 1.36691 1.19871 1.10398 1.05964 0.849847 0.846549 0.735411 0.659218 0.880084 0.64285 0.627127 0.672491 0.89969
threshold=0.24575651843303828 -0.071883475449215098 0.027673398478046566 0.0769159660409649 15.500000000000002 0.11640729663190819 1058.0000000000002 9.5000000000000018 -0.0076231656243002681 0.055598764258897225 -0.086771203313637926 -0.11841846653289186 0.095741769301820698 -0.061163757951297082
decision_type=2 2 2 2 2 2 2 2 2 2 2 2 2 2
left_child=-1 -2 3 6 -4 -6 7 -3 -9 -10 -8 -12 -13 -14
right_child=1 2 4 -5 5 -7 10 8 9 -11 11 12 13 -15
leaf_value=0.038436196423391737 -0.043716628601207036 -0.046850312277293915 0.035471726810073385 -0.046788486969140758 -0.045978240270209032 0.039981564133636106 -0.033134626667224928 0.034768454867950514 -0.052641916475586137 0.029514067626327696 -0.0332520421457701 0.036994633559388423 0.050492116815071514 -0.051544836975301357
leaf_weight=2.1366259721107808 1.6223619589582146 0.81320240464992233 0.64946193154901211 0.7535508375149228 2.3874990565236662 0.32690487802028645 0.45726416073739606 1.1944531861227008 0.74042858695611335 0.58236357010900974 0.39733806252479542 6.3290002371650163 0.36805482022464275 0.52302340581081797
leaf_count=30 57 50 9 31 86 4 12 16 23 9 9 100 4 33
internal_value=0.00421739 -4.70099e-05 0.00451719 0.0118256 -0.021899 -0.0356258 0.0156983 -0.00551252 0.00784176 -0.0164725 0.0244468 0.0279034 0.0312689 -0.00939905
internal_weight=19.2815 17.1449 15.5225 12.1587 3.36387 2.7144 11.4051 3.33045 2.51725 1.32279 8.07468 7.61742 7.22008 0.891078
internal_count=473 443 386 287 99 90 256 98 48 32 158 146 137 37
is_linear=0
shrinkage=0.05


Tree=114
num_leaves=15
num_cat=0
split_feature=29 32 39 114 14 186 128 41 171 82 97 0 107 181
split_gain=1.12818 1.58276 0.937449 1.1698 0.851018 0.785375 0.804633 0.769841 0.823049 0.747319 0.732282 0.489534 0.520333 0.355685
threshold=3.5000000000000004 3.5000000000000004 0.11640729663190819 -0.12386475995544335 64526.000000000007 0.010427543920425799 -0.0056770789360419413 0.06163384929275148 -0.028646097750558149 -0.10634196525661568 -0.068176817417157601 587.50000000000011 0.053454147255660354 -0.15201251748116193
decision_type=2 10 2 2 2 2 2 8 2 2 2 2 2 2
left_child=1 7 3 4 -2 6 -3 8 -1 -5 -10 -9 -13 -11
right_child=2 5 -4 9 -6 -7 -8 11 10 13 -12 12 -14 -15
leaf_value=0.029044947131397453 -0.024063688337820421 0.038910880147714808 0.033749666193844008 0.035820100838782253 0.033663747212647269 -0.053855586554991952 -0.037783035776037886 -0.020753622873371267 0.030627098308728708 0.019465792915076316 -0.051911015880484628 0.040381461143610922 -0.0053619716076027148 -0.050697663524261409
leaf_weight=1.3597782410215589 1.1405213363468649 0.76197474845685065 1.1117702331393955 0.31286111194640431 1.4502285681664941 0.98972848383709777 0.62047704379074209 0.39810913708060969 0.38553572725504637 0.19437268096953664 0.88693768344819701 6.7349733060691506 0.68489485234022129 2.5542139637982464
leaf_count=31 17 15 15 7 21 34 18 12 11 4 47 97 16 117
internal_value=0.00830127 0.0170169 -0.00822084 -0.0164763 0.0082505 -0.0198538 0.00448884 0.0253864 0.00199855 -0.0374014 -0.0269035 0.033261 0.0361591 -0.0457359
internal_weight=19.5864 12.8224 6.76397 5.6522 2.59075 2.37218 1.38245 10.4502 2.63225 3.06145 1.27247 7.81798 7.41987 2.74859
internal_count=462 281 181 166 38 67 33 214 89 128 58 125 113 121
is_linear=0
shrinkage=0.05


Tree=115
num_leaves=15
num_cat=0
split_feature=32 37 181 104 35 25 123 169 115 53 162 74 23 113
split_gain=1.26367 1.11995 0.914947 0.831536 0.795248 0.858513 0.772209 0.665644 0.585885 0.583905 0.579937 0.565138 0.873682 0.668969
threshold=3.5000000000000004 0.80402345857367374 0.010425983737303775 -0.08419116709069327 3.5000000000000004 -15692.999999999998 -0.040578947766010086 -0.040380464195562189 0.081041773468929809 -5.7742218288968212 0.049629532493152252 -0.11704150825223063 -3347.4999999999995 0.2719029278767337
decision_type=8 2 2 2 2 2 2 2 2 2 2 2 2 2
left_child=3 2 4 -1 7 -6 -4 8 -2 -8 -9 -5 -13 -14
right_child=1 -3 6 11 5 -7 9 10 -10 -11 -12 12 13 -15
leaf_value=-0.052733076155247138 -0.053523274877958597 0.033611829720596245 0.016256564079749552 0.0458941624839855 0.038431126884335837 -0.044059146314019096 0.039701611811681504 0.032183383017861278 0.034259011512766689 -0.047318254778635875 -0.026189853230772143 0.029579936301948342 0.042080773364787806 -0.038428070730590257
leaf_weight=0.35880388412624586 0.60237888852134291 1.5899080326780666 0.71034404262900386 2.2463434007950127 0.40098633058369149 1.4780148370191453 0.20650573447346721 2.7579931598156682 0.27771344990469515 2.8987266644835472 0.5031125945970415 3.1954235290177166 0.3448725775815572 1.0245898969005791
leaf_count=13 22 21 22 28 6 67 3 49 6 101 24 56 6 40
internal_value=0.00500141 -0.00532382 -0.0116176 0.021455 0.000522954 -0.0264554 -0.0307729 0.0127639 -0.0258235 -0.0415312 0.0231778 0.0253631 0.0152599 -0.0181535
internal_weight=18.5957 11.4257 9.83578 7.17003 6.0202 1.879 3.81558 4.1412 0.880092 3.10523 3.26111 6.81123 4.56489 1.36946
internal_count=464 321 300 143 174 73 126 101 28 104 73 130 102 46
is_linear=0
shrinkage=0.05


Tree=116
num_leaves=15
num_cat=0
split_feature=133 37 129 164 122 38 147 57 76 111 183 114 27 37
split_gain=0.955368 1.25149 1.22493 1.07616 0.810076 0.712455 0.779843 0.660987 0.997208 0.895606 0.609993 0.734785 0.509391 0.434179
threshold=0.00939998406927838 0.58490312542369494 -0.026988615670194383 0.12965025800665689 -0.073291120167629828 0.13381490633344953 0.012139135114801426 1.0000000180025095e-35 -0.040740959362101141 -0.066212803569150866 0.037274415049695746 -0.12228089252612974 2.5000000000000004 0.75268527994716672
decision_type=2 2 2 2 2 2 2 2 2 2 2 2 2 2
left_child=2 10 3 13 -4 6 12 -6 -9 -10 -2 -12 -3 -1
right_child=1 5 4 -5 7 -7 -8 8 9 -11 11 -13 -14 -15
leaf_value=-0.046347221025591301 -0.049493582719677603 0.03549400817243617 -0.05181944562762493 0.038507442912274092 0.036026813911302094 0.042542605615642166 -0.04522075638806991 0.03163221601949906 0.038335376390321904 -0.053608668479523017 0.029233621736521467 -0.051423470384842296 -0.026842067714022325 0.010990656569286491
leaf_weight=1.5993682182161153 2.0451399884186681 1.0269367615692324 0.35292057134211141 0.67314832098782051 5.3600640250369889 1.1458396315574644 0.81009771127719421 1.7137164075393232 0.37441800348460674 0.90512087743263669 0.68217052891850471 0.48179531947243937 0.48133691539987911 0.41604561684653152
leaf_count=57 85 16 16 10 95 16 29 30 6 37 10 31 15 8
internal_value=0.00447276 -0.0105511 0.0132714 -0.0162289 0.0223814 0.0102892 -0.0056519 0.0255163 0.00669498 -0.026704 -0.033048 -0.00415242 0.0156006 -0.0345109
internal_weight=18.0681 6.67332 11.3948 2.68856 8.70624 3.46421 2.31837 8.35332 2.99326 1.27954 3.20911 1.16397 1.50827 2.01541
internal_count=461 202 259 75 184 76 60 168 73 43 126 41 31 65
is_linear=0
shrinkage=0.05


Tree=117
num_leaves=15
num_cat=0
split_feature=114 175 136 32 118 91 131 25 45 162 41 190 100 46
split_gain=1.16832 1.11783 1.09325 1.15438 1.02454 0.751435 0.702735 0.729342 0.696244 0.508723 0.857462 0.468389 0.429679 0.353126
threshold=-0.13836895830033757 -0.031974765286528491 0.023354599129446561 3.5000000000000004 0.095242720241998494 0.068024225688774878 0.063285102924218753 -12257.999999999998 0.16304679911262446 0.022096862470014786 0.0870013524810022 -0.07883584971937703 -0.14255128886496435 28.203314304317875
decision_type=2 2 2 10 2 2 2 2 2 2 8 2 2 2
left_child=8 6 3 5 12 11 7 -2 9 -1 -11 -3 -4 -7
right_child=1 2 4 -5 -6 13 -8 -9 -10 10 -12 -13 -14 -15
leaf_value=0.042720123744462594 0.020855095994987249 -0.051410108068052823 0.051944683483552224 -0.035032500702615647 0.041844825231460929 0.023459641423571587 0.018547990953437284 -0.049454016688658273 -0.015595107589043106 -0.033914637656468204 0.051185270354679638 0.035229494694991516 -0.048908414482092738 -0.051864348038837271
leaf_weight=3.5451201945543316 0.44130346924066621 0.16114700166508544 0.11334215849637996 0.90119577909354109 0.46628434397280205 0.2469877628609537 0.69332632352598 2.2465515173971662 0.86374496761709441 0.64778001978993394 0.54507635720074177 4.8804519501281867 1.5481429493520409 0.42051365924999118
leaf_count=48 9 10 1 42 8 6 20 104 18 14 9 93 76 18
internal_value=0.00680647 -0.00192183 0.00752416 0.0175582 -0.0236483 0.0258597 -0.0263333 -0.0379104 0.02569 0.0332164 0.00497181 0.0324602 -0.0420285 -0.0239931
internal_weight=17.721 12.1192 8.73807 6.6103 2.12777 5.7091 3.38118 2.68785 5.60172 4.73798 1.19286 5.0416 1.66149 0.667501
internal_count=476 387 254 169 85 127 133 113 89 71 23 103 77 24
is_linear=0
shrinkage=0.05


Tree=118
num_leaves=15
num_cat=0
split_feature=19 89 135 84 162 41 102 81 152 105 80 4 157 78
split_gain=0.755629 0.75714 0.885704 0.837896 0.677555 1.07013 1.14405 1.03672 0.958881 0.716106 0.598374 0.680648 0.485679 0.564594
threshold=236.50000000000003 -0.050588939467847878 -0.0099813657509903939 -0.013794873176568972 -0.023471004914201548 0.12775948425783967 0.10960150780937471 -0.033769179182093483 -0.029625093329731293 -0.065202668494885013 -0.049347593188889032 30.500000000000004 -0.12927893762139928 0.023193017709342022
decision_type=2 2 2 2 2 8 2 2 2 2 2 10 2 2
left_child=-1 2 3 -2 10 6 7 8 -6 -10 11 -3 -7 -14
right_child=1 4 -4 -5 5 12 -8 -9 9 -11 -12 -13 13 -15
leaf_value=-0.051439481358502674 -0.052400989368575818 -0.035666319677381084 -0.042835256132401217 0.030229121172891889 0.04714512989930153 0.050778292451870467 0.05280388926819897 -0.044984830957886524 0.049061068301576534 -0.046192067652348248 0.035761370231728901 0.05168939035699021 0.032837121392994502 -0.016022542844395037
leaf_weight=0.51657651446294295 0.39864300866611313 0.6734728079754857 1.3508185580140022 1.3316319035366178 0.81902224640361954 1.2739080516621473 0.62057045102119435 2.0461479356745116 0.25664242124184955 0.85354506154544951 4.6627326090820178 0.33336461219005287 1.4338489957153826 1.0061450710054485
leaf_count=40 15 23 52 32 12 15 4 95 4 39 76 4 26 27
internal_value=0.00813764 0.00994158 -0.0124949 0.0111917 0.0148866 0.00579426 -0.0103352 -0.0201915 0.0061046 -0.0241724 0.0282132 -0.00674278 0.0257544 0.0126896
internal_weight=17.5771 17.0605 3.08109 1.73027 13.9794 8.30983 4.59593 3.97536 1.92921 1.11019 5.66957 1.00684 3.7139 2.43999
internal_count=464 424 99 47 325 222 154 150 55 43 103 27 68 53
is_linear=0
shrinkage=0.05


Tree=119
num_leaves=15
num_cat=0
split_feature=33 114 32 41 43 15 32 82 39 32 144 41 142 76
split_gain=0.953099 1.0808 1.13828 1.15349 0.988792 0.988648 0.925438 0.622133 0.484435 0.805291 0.553807 0.444847 0.438828 0.404544
threshold=4.5000000000000009 0.0024467276553416253 1.5000000000000002 0.34859591323264394 1.2113655760961073 143404.00000000003 3.5000000000000004 -0.053506012507007719 0.068615737192253681 3.5000000000000004 -0.036246541861878513 0.07185166659722815 -0.045803126468187384 -0.057683102459196396
decision_type=2 2 8 8 2 2 8 2 2 10 2 10 2 2
left_child=1 4 -3 -4 8 7 11 -6 9 10 -1 -2 -11 -7
right_child=6 2 3 -5 5 13 -8 -9 -10 12 -12 -13 -14 -15
leaf_value=-0.010993009539020078 -0.022266108848926255 0.036655872074997785 -0.047920345097305264 0.018438720209075169 0.018836028403443509 0.051764378705012194 -0.044717436112494006 -0.052369976717274315 0.048486435631442705 0.020183912152204386 0.039725715307418592 0.04496841525877196 -0.053460516879322052 0.0023611485314777025
leaf_weight=0.65521691634785417 0.43123772414401107 0.93724691309034769 2.0271550251636654 0.96737400488927994 0.42499451618641604 0.70681870728731144 1.6605018209666011 1.1025685409549626 2.3696788307279348 0.34008068032562733 3.0142694413661975 0.57279004342854023 0.4992162575945257 1.0015290593728421
leaf_count=13 14 14 154 21 7 8 60 41 35 6 46 8 14 23
internal_value=0.0056122 0.010813 -0.0114323 -0.0264832 0.0194605 -0.00333244 -0.0218042 -0.0325592 0.0301832 0.0205636 0.0306695 0.0160907 -0.02362 0.0228014
internal_weight=16.7107 14.0461 3.93178 2.99453 10.1144 3.23591 2.66453 1.52756 6.87846 4.50878 3.66949 1.00403 0.839297 1.70835
internal_count=464 382 189 175 193 79 82 48 114 79 59 22 20 31
is_linear=0
shrinkage=0.05


Tree=120
num_leaves=15
num_cat=0
split_feature=41 152 113 95 106 38 87 156 130 7 75 106 40 164
split_gain=0.847829 0.76444 0.906672 0.802674 0.79478 0.62562 0.592556 0.631175 0.610463 0.627328 0.652481 0.535028 0.513582 0.476583
threshold=0.22490736423285154 0.053467289133537092 0.30484779467495277 -0.042826796279755878 0.068390663877254357 0.038178220784083304 -0.085020882262688405 -0.20318530261062034 -0.084284580577957194 23112.500000000004 -0.050796794852774892 0.0058584368640355869 -0.015602955789187599 -0.084655611170928194
decision_type=8 2 2 2 2 2 2 2 2 8 2 2 10 2
left_child=1 2 4 11 6 -2 -1 -8 -9 13 -11 -4 -3 -10
right_child=5 12 3 -5 -6 -7 7 8 9 10 -12 -13 -14 -15
leaf_value=-0.037262673277155572 -0.027561499303490857 0.027432496224839183 -0.051046141910969102 -0.041621866471676025 -0.036916306040921949 0.037172269311494949 -0.052065412826457359 -0.034626523072652203 -0.012125960136611446 0.037972394148445214 -0.039434180425806604 0.037103855972968905 -0.046335293152142826 0.036512760579890051
leaf_weight=0.4742812237236621 0.42569489823654594 0.29255358874797832 0.22593354620039496 1.6466942296829064 0.73937282897532064 3.029061877168715 0.29134711460210105 0.43632093444466225 0.55135846987831971 0.4572017528116703 0.67294296738691606 0.72292055888101459 1.2194478807505207 5.8184090664144685
leaf_count=13 16 4 20 99 23 52 13 13 19 9 24 18 46 108
internal_value=0.00708542 0.00144757 0.0056569 -0.0205153 0.0128521 0.0291958 0.0170807 0.0202134 0.0228668 0.0262116 -0.00811923 0.0161143 -0.0320621 0.0323027
internal_weight=17.0035 13.5488 12.0368 2.59555 9.44123 3.45476 8.70186 8.22758 7.93623 7.49991 1.13014 0.948854 1.512 6.36977
internal_count=477 409 359 137 222 68 199 186 173 160 33 38 50 127
is_linear=0
shrinkage=0.05


Tree=121
num_leaves=15
num_cat=0
split_feature=32 154 37 181 37 51 146 62 39 113 188 91 179 190
split_gain=0.826161 0.914722 0.878862 0.878327 1.01855 0.899129 1.09436 0.811544 0.700902 0.602311 0.52427 0.390465 0.624674 0.340417
threshold=1.5000000000000002 0.23823851675467786 0.8238925244895654 0.0085778896963595239 0.6202627180481014 -0.018280368374808488 -0.013956757858074825 372.50000000000006 0.11640729663190819 0.30171712283427593 -0.038901191107158756 -0.027093789504908133 -0.034135455861510351 0.022222667707517237
decision_type=8 2 2 2 2 2 2 2 2 2 2 2 2 2
left_child=13 2 3 5 -5 11 10 9 -8 -6 -7 12 -2 -1
right_child=1 -3 -4 4 7 6 8 -9 -10 -11 -12 -13 -14 -15
leaf_value=0.045526846614837885 0.034886590478431768 -0.051842676532446466 0.049272564795182439 -0.042428948154258815 0.040526415636222619 -0.043918110475865843 -0.046022400922237174 -0.055046983668990225 0.051165909978224289 -0.028123835562180313 0.027241399362765387 0.039643221214155283 -0.052113682939042685 0.0055475449962851843
leaf_weight=1.4925619042478495 0.51828872179612517 0.83159074513241726 0.92278449237346727 2.2616251122672111 1.198317574337125 0.30015314649790559 1.6270022905664534 0.4290352091193198 0.20938482880592335 0.43566380545962591 1.8804795721080125 2.3355935661820668 0.34278329508379135 0.827736694831401
leaf_count=19 10 38 12 103 23 9 83 10 3 18 52 40 14 22
internal_value=0.00373552 -0.00106982 0.0023185 -0.00143668 -0.0192535 0.0092446 -0.00650244 0.00615307 -0.034941 0.0222224 0.0174467 0.0290328 0.000252739 0.0312647
internal_weight=15.613 13.2927 12.4611 11.5383 4.32464 7.21369 4.01702 2.06302 1.83639 1.63398 2.18063 3.19667 0.861072 2.3203
internal_count=456 415 377 365 154 211 147 51 86 41 61 64 24 41
is_linear=0
shrinkage=0.05


Tree=122
num_leaves=15
num_cat=0
split_feature=129 157 133 111 50 138 79 164 39 169 120 40 186 184
split_gain=0.749327 0.683648 0.673991 0.844129 0.971779 0.842595 0.684802 0.624824 0.540587 0.495013 0.494672 0.478554 0.43753 0.383897
threshold=-0.026988615670194383 0.090185702965837347 -0.028227928417231995 0.026057693206006958 0.029513098581625045 0.058373147623308537 0.057482463973447286 0.091100685619545665 0.11640729663190819 -0.083864840419809447 0.047886363953364076 0.094965395303592617 -0.099319294925011334 0.03686588184882212
decision_type=2 2 2 2 2 2 2 2 2 2 2 10 2 2
left_child=1 7 13 4 5 9 10 8 -1 11 -5 -4 -11 -2
right_child=2 -3 3 6 -6 -7 -8 -9 -10 12 -12 -13 -14 -15
leaf_value=-0.050627272463530541 0.033419783020359584 0.021260068537876951 -0.035111102483071095 0.04054466964820904 0.033958673978675705 0.02753692233017583 -0.036608584604585416 0.014627876880025202 0.018026564449967419 0.02423477176173958 -0.016412196542645884 0.047726001897833076 -0.046916154529786612 -0.006844053702746363
leaf_weight=1.907800118322488 3.3353761993348607 0.9463758855126797 0.34996995702385936 2.2800555889261895 0.97833196609280992 0.72958390810526896 0.43357769493013609 0.67262378241866816 0.33744887262582768 0.23594514420256052 0.45774218114092935 0.34743740502744913 2.5644822671310941 0.71975393034517754
leaf_count=85 71 32 14 46 23 17 17 18 7 8 13 6 103 20
internal_value=0.00356307 -0.0156679 0.00954052 0.00144066 -0.0109476 -0.02134 0.0217757 -0.027645 -0.040309 -0.0315348 0.0310218 0.00615704 -0.0409215 0.0262733
internal_weight=16.2965 3.86425 12.4323 8.37713 5.20575 4.22742 3.17138 2.91787 2.24525 3.49783 2.7378 0.697407 2.80043 4.05513
internal_count=480 142 338 247 171 148 76 110 92 131 59 20 111 91
is_linear=0
shrinkage=0.05


Tree=123
num_leaves=15
num_cat=0
split_feature=190 76 106 29 38 132 62 121 166 190 33 64 113 51
split_gain=1.02077 0.871938 0.932198 0.717546 0.670412 0.776182 0.858985 0.65779 0.523633 0.507389 0.458612 0.457776 0.434311 0.624862
threshold=0.046557283407308657 0.030520806491972974 -0.013506838021986465 2.5000000000000004 0.013695999870351855 0.0081289214693933635 320.50000000000006 -0.02355191889152786 -0.065252920542124213 0.0077075979679801449 4.5000000000000009 9.5000000000000018 0.28711632725532349 -0.025378884951492073
decision_type=2 2 2 2 2 2 2 2 2 2 2 2 2 2
left_child=1 4 12 7 -1 6 9 -2 -8 10 -6 -9 -3 -14
right_child=3 2 -4 -5 5 -7 8 11 -10 -11 -12 -13 13 -15
leaf_value=-0.05164730172641166 -0.051594648221840844 0.047584756268030499 -0.040826276478287127 -0.046841058483681197 0.034236324655043227 0.034498923909480228 0.031314085597562276 -0.021003150742171163 -0.044943438222210946 -0.026054558956993785 -0.016732467172881429 0.042443133520649309 0.050700330136713816 -0.05137507051792202
leaf_weight=0.33633893961087125 0.43384143710136402 0.6186027415096762 1.4811240524286393 1.4269195457454769 2.7447243402712038 4.8357874017674476 0.28822287498041976 0.44073821580968731 1.028098944108933 0.54532671545166511 0.52590824477374543 0.80098622292280197 0.24639586545526981 0.38294084672816098
leaf_count=18 22 11 82 62 50 100 8 20 31 22 13 15 3 30
internal_value=0.00499146 0.0111271 -0.0140026 -0.0207843 0.0177826 0.0201253 0.00658195 0.00140584 -0.028246 0.0185959 0.0260407 0.0199235 0.0178332 -0.0114108
internal_weight=16.136 13.0335 2.72906 3.10249 10.3044 9.96807 5.13228 1.67557 1.31632 3.81596 3.27063 1.24172 1.24794 0.629337
internal_count=487 368 126 119 242 224 124 57 39 85 63 35 44 33
is_linear=0
shrinkage=0.05


Tree=124
num_leaves=15
num_cat=0
split_feature=17 13 109 105 115 0 6 90 125 148 125 25 37 51
split_gain=0.704969 0.919111 0.789501 0.702835 0.77529 0.701718 0.700101 0.755417 0.739696 0.671513 0.746813 0.514138 0.69235 0.9939
threshold=282055.00000000006 75330.000000000015 0.032281009456644298 0.076731022246226105 -0.093143029591172391 2494.5000000000005 126.50000000000001 0.064733709614472099 -0.0016129142120644587 0.051162050764414026 0.061761954794043374 -1762.4999999999998 0.67864011957416248 -0.010585663192371119
decision_type=10 2 2 2 2 2 8 2 2 2 2 2 2 2
left_child=1 2 3 4 5 -1 -6 11 -9 10 -4 -8 13 -13
right_child=-2 -3 9 -5 6 -7 7 8 -10 -11 -12 12 -14 -15
leaf_value=-0.05220213703025639 0.04434630288658313 -0.041761340645021891 -0.043339177547063484 -0.043605604981542645 -0.040023522802231357 0.035274268710006176 0.043597892404053963 0.037080426773471724 -0.053155398301247797 0.019653266520623689 0.033918322364640853 0.01979629466645344 0.037414262761229035 -0.051390838123477646
leaf_weight=0.73272825335152159 1.0983729222789396 1.072257172432727 1.8752061564009634 0.52775586314965117 0.45903843594714999 0.33364755054935813 3.2644501430913753 0.36838155263103545 0.59221208188682783 0.95136195351369668 0.37542802467942227 1.6503429330186867 2.2603843468241394 0.69756891694852274
leaf_count=32 18 54 81 25 22 9 56 12 20 17 10 36 46 49
internal_value=0.00566581 0.00286348 0.00625981 0.012679 0.0155466 -0.0248325 0.0201804 0.023309 -0.0185505 -0.0155649 -0.0304519 0.0284165 0.0176622 -0.00135353
internal_weight=16.2591 15.1608 14.0885 10.8865 10.3588 1.06638 9.29238 8.83334 0.960594 3.202 2.25063 7.87275 4.6083 2.34791
internal_count=487 469 415 307 282 41 241 219 32 108 91 187 131 85
is_linear=0
shrinkage=0.05


Tree=125
num_leaves=15
num_cat=0
split_feature=20 162 32 178 51 95 103 37 155 148 144 92 176 86
split_gain=0.868052 0.741001 0.71049 0.879812 0.896739 0.714017 0.705272 0.613331 0.65262 0.547543 0.500416 0.514187 0.492759 0.401328
threshold=782.00000000000011 0.12950612242003276 2.5000000000000004 -0.030531515392135538 -0.0072465709489930195 0.030259677434744205 -0.075123959865631265 0.44439192659805571 0.095219761791583743 -0.012855260069134428 -0.031465709390355569 -1.0000000180025095e-35 0.064154660225661395 -0.054828326281958169
decision_type=2 2 8 2 2 2 2 2 2 2 2 2 2 2
left_child=-1 2 13 5 7 9 -6 8 -5 -4 11 -9 -8 -2
right_child=1 -3 3 4 6 -7 12 10 -10 -11 -12 -13 -14 -15
leaf_value=-0.051648764614824219 -0.013174459823785321 -0.051759733692653069 0.021803499179561411 -0.051514984279778277 0.049658726317426155 -0.048435932764906847 -0.051492832638418667 0.028703467889053921 0.026195329168393358 -0.033712237185209541 0.035198429040628872 -0.045302803136038114 0.027269677042779855 0.039477951687869349
leaf_weight=0.58477419218979854 0.41395900119096074 0.46457606810145158 1.2357975988415999 0.53374108462593983 0.29735192423686374 1.1132346568629143 1.0082280921051339 0.52396622113883495 0.54712017602287233 0.69333000457845395 4.9323163509834602 0.42514631291850946 0.24728532205335785 2.8784912046976343
leaf_count=44 14 32 34 29 6 33 64 11 12 39 90 11 7 54
internal_value=0.0081389 0.0104218 0.0123672 0.00652985 0.0147758 -0.0165495 -0.0195812 0.0224388 -0.0121789 0.0018511 0.0288007 -0.00444697 -0.0359798 0.032858
internal_weight=15.8993 15.3145 14.85 11.5575 8.51516 3.04236 1.55287 6.96229 1.08086 1.92913 5.88143 0.949113 1.25551 3.29245
internal_count=480 436 404 336 230 106 77 153 41 73 112 22 71 68
is_linear=0
shrinkage=0.05


Tree=126
num_leaves=15
num_cat=0
split_feature=114 80 139 33 57 136 41 121 124 25 127 91 0 11
split_gain=0.9353 0.758262 0.859257 0.633963 0.824302 0.602182 0.550365 1.01389 0.88311 0.489036 0.48112 0.62203 0.346545 0.517948
threshold=-0.0017942830879286427 -0.020636785477644592 0.010670193554201769 4.5000000000000009 -1.0000000180025095e-35 0.015329609175940494 0.097547779773222265 0.0061321964201076782 -0.013633736429324844 -11391.499999999998 0.013061043823089197 -1.0000000180025095e-35 981.50000000000011 18631.000000000004
decision_type=2 2 2 2 2 2 8 2 2 2 2 2 2 2
left_child=3 -2 5 6 -5 -3 7 8 -1 -4 -9 -12 13 -8
right_child=1 2 9 4 -6 -7 12 10 -10 -11 11 -13 -14 -15
leaf_value=0.017038712176533178 -0.051269476175791077 0.033836533385039558 0.037992335878182376 0.022345377894345896 -0.040373778745773969 -0.030629933216137991 0.046585538428322207 0.04076359749934122 -0.04935749692528188 -0.051464884662593038 0.041820191109146171 -0.052618313723695125 0.0447835272041055 -0.014595465786075477
leaf_weight=0.93801690544933025 1.0257210183190171 1.4925175525713732 0.18280633445829153 0.99638238851912353 1.104694029316305 0.47833912435453374 0.64442936889827185 2.0215335101820533 1.0744502702727912 0.92993662646040298 0.33477207366377115 0.36389152705669392 2.5421874523162842 0.74684569984674454
leaf_count=26 91 46 5 23 28 35 9 34 33 61 7 13 46 15
internal_value=0.00626416 -0.0140295 -0.00164214 0.0140093 -0.0106308 0.0181901 0.0199832 0.00849591 -0.01841 -0.0367685 0.0284016 -0.0073671 0.0338045 0.0137432
internal_weight=14.8765 4.10932 3.0836 10.7672 2.10108 1.97086 8.66613 4.73266 2.01247 1.11274 2.7202 0.698664 3.93346 1.39128
internal_count=472 238 147 234 51 81 183 113 59 66 54 20 70 24
is_linear=0
shrinkage=0.05


Tree=127
num_leaves=15
num_cat=0
split_feature=19 90 189 32 188 86 146 106 96 134 114 36 84 39
split_gain=0.976016 0.716934 0.729535 0.563999 0.617156 0.575346 0.582822 0.52802 0.588821 0.505807 0.49633 0.949434 0.571714 0.53045
threshold=990.50000000000011 0.080038200765650727 -0.10797755807544045 4.5000000000000009 0.025212735282698896 -0.10715809301475653 0.069559221676415831 0.072966482553376191 -0.012540336101735597 0.052784756779389423 -0.11057888269142531 1.5000000000000002 0.060863174335132518 0.11153955299850545
decision_type=2 2 2 10 2 2 2 2 2 2 2 2 2 2
left_child=9 2 -2 5 -5 -4 7 10 -9 -1 -7 -12 13 -13
right_child=1 -3 3 4 -6 6 -8 8 -10 -11 11 12 -14 -15
leaf_value=-0.045701144722273372 -0.052433097257889 -0.036302328189468901 -0.051964756289975648 -0.048110888233271983 0.025561330117952169 0.041948590908179102 -0.038734664324432656 0.023010963513330828 -0.051971969595595448 0.025653156976256333 -0.051103333430683864 -0.0018971749683713507 0.044674256151483148 0.046247371636281856
leaf_weight=1.2029191999463371 0.39755955198779425 0.7440637396648534 0.27152183384168438 0.66707301721908219 0.49536220915615559 3.7216022741049457 0.38413075124844986 0.60757551388815045 0.460072437301277 0.31298153568059195 0.45212658052333221 2.2184954182012011 2.0759799079969525 0.77094015106558789
leaf_count=86 17 37 11 25 16 67 18 14 22 10 30 91 26 11
internal_value=0.00703852 0.0113815 0.0142148 0.0164001 -0.0167161 0.0199116 0.0217371 0.0239909 -0.00930079 -0.0309689 0.0278379 0.0183203 0.0245168 0.0105187
internal_weight=14.7824 13.2665 12.5224 12.1249 1.16244 10.9624 10.6909 10.3068 1.06765 1.5159 9.23914 5.51754 5.06542 2.98944
internal_count=481 385 348 331 41 290 279 261 36 96 225 158 128 102
is_linear=0
shrinkage=0.05


Tree=128
num_leaves=15
num_cat=0
split_feature=29 32 109 127 114 90 114 80 19 156 165 76 137 164
split_gain=0.722681 0.818761 0.82948 0.794323 0.749714 0.774666 0.597742 0.880847 0.57946 0.473187 0.550498 0.453309 0.619827 0.408462
threshold=3.5000000000000004 4.5000000000000009 0.094140136447614556 0.095987654637524719 -0.11732165810764102 0.0030057789878990223 -0.0017942830879286427 -0.020636785477644592 1.0000000180025095e-35 -0.05994807590551219 -0.044099161637583192 -0.007827702495083735 -0.067356322499421126 0.14364831141582826
decision_type=2 10 2 2 2 2 2 2 2 2 2 2 2 2
left_child=1 2 6 4 5 -2 8 -8 -1 10 -10 -9 -13 -6
right_child=3 -3 -4 -5 13 -7 7 11 9 -11 -12 12 -14 -15
leaf_value=-0.051591629319848176 0.03595357474591665 -0.031953249943475676 -0.053740355048532029 0.047292895355080154 -0.043920070364511198 -0.026558918659564914 -0.051097983161835586 0.03511956672312614 -0.052162864090497613 0.044451899559624419 0.02613984224901509 0.048747281888557661 -0.051198936505320286 0.024559760940124447
leaf_weight=0.19726866786367914 1.0468417685478923 0.82359849975910115 0.36331657622940916 0.56661999458447088 1.9212773521430802 0.94113092590123404 0.5722463603597111 1.4042428462998917 0.27771838009357441 4.0250655366107821 1.1705078324303029 0.24376103375106806 0.42660435719881706 0.24558879225514818
leaf_count=11 19 31 14 10 123 20 51 33 10 70 25 3 36 7
internal_value=0.00774779 0.0156907 0.0202111 -0.00824145 -0.015815 0.00635939 0.0234414 0.00382218 0.032599 0.0356334 0.0111242 0.018971 -0.0148561 -0.0361587
internal_weight=14.2258 9.50433 8.68073 4.72146 4.15484 1.98797 8.31742 2.64685 5.67056 5.47329 1.44823 2.07461 0.670365 2.16687
internal_count=463 284 253 179 169 39 239 123 116 105 35 72 39 130
is_linear=0
shrinkage=0.05


end of trees

feature_importances:
今後のDX展望_svd1=100
アンケート７=57
売上高経常利益率=48
ROA=44
企業概要_svd3=36
従業員数=34
有利子負債比率=32
企業概要_svd17=31
自己資本比率=30
組織図_svd9=28
企業概要_svd13=27
アンケート８=23
企業概要_svd36=22
減価償却費率=21
組織図_svd3=21
組織図_svd36=21
売上高営業利益率=20
無形固定資産変動率=19
アンケート１０=17
戦略実感ギャップ=17
企業概要_svd11=17
組織図_svd37=17
当期純利益=16
ROE=16
企業概要_svd25=16
企業概要_svd39=15
今後のDX展望_svd2=15
今後のDX展望_svd5=15
今後のDX展望_svd17=15
営業CF=14
アンケート４=14
企業概要_svd2=14
企業概要_svd16=14
企業概要_svd31=14
今後のDX展望_svd0=14
今後のDX展望_svd4=14
無形固定資産変動(ソフトウェア関連)=13
企業概要_svd7=13
今後のDX展望_svd22=13
今後のDX展望_svd23=13
組織図_svd26=13
組織図_svd31=13
負債比率=12
今後のDX展望_svd8=12
今後のDX展望_svd12=12
今後のDX展望_svd26=12
営業利益=11
経常利益=11
有利子負債=11
企業概要_svd14=11
今後のDX展望_svd19=11
今後のDX展望_svd30=11
今後のDX展望_svd33=11
組織図_svd0=11
組織図_svd17=11
組織図_svd28=11
組織図_svd35=11
資本金=10
ソフトウェア投資対有形固定資産比=10
企業概要_svd5=10
企業概要_svd9=10
今後のDX展望_svd15=10
今後のDX展望_svd16=10
今後のDX展望_svd20=10
今後のDX展望_svd32=10
組織図_svd10=10
組織図_svd16=10
組織図_svd23=10
組織図_svd33=10
有形固定資産変動率=9
企業概要_svd12=9
企業概要_svd23=9
企業概要_svd32=9
企業概要_svd35=9
企業概要_svd37=9
今後のDX展望_svd6=9
今後のDX展望_svd14=9
今後のDX展望_svd21=9
今後のDX展望_svd25=9
今後のDX展望_svd31=9
組織図_svd12=9
組織図_svd30=9
純資産=8
企業概要_svd24=8
企業概要_svd33=8
今後のDX展望_svd34=8
今後のDX展望_svd35=8
今後のDX展望_svd39=8
事業所あたり従業員数=7
フリーCF=7
企業概要_len=7
組織図_len=7
店舗数_事業所数比=7
企業概要_svd8=7
企業概要_svd22=7
企業概要_svd26=7
今後のDX展望_svd13=7
組織図_svd1=7
組織図_svd7=7
組織図_svd22=7
組織図_svd24=7
負債=6
今後のDX展望_len=6
DX部署有無_組織図=6
企業概要_svd19=6
企業概要_svd28=6
企業概要_svd30=6
企業概要_svd38=6
今後のDX展望_svd3=6
今後のDX展望_svd18=6
組織図_svd18=6
組織図_svd25=6
組織図_svd27=6
組織図_svd34=6
組織図_svd38=6
店舗数=5
固定資産=5
長期借入金=5
アンケート２=5
流動資産比率=5
DX前向きスコア合計=5
企業概要_svd1=5
企業概要_svd6=5
企業概要_svd10=5
企業概要_svd15=5
企業概要_svd18=5
企業概要_svd34=5
今後のDX展望_svd36=5
組織図_svd4=5
組織図_svd6=5
組織図_svd11=5
組織図_svd13=5
組織図_svd15=5
組織図_svd19=5
短期借入金=4
自己資本=4
今後のDX展望_svd7=4
今後のDX展望_svd10=4
今後のDX展望_svd11=4
今後のDX展望_svd24=4
今後のDX展望_svd37=4
組織図_svd39=4
事業所数=3
減価償却費=3
投資CF=3
アンケート１１=3
一人当たり売上=3
一人当たり営業利益=3
企業概要_svd27=3
企業概要_svd29=3
今後のDX展望_svd9=3
今後のDX展望_svd28=3
今後のDX展望_svd29=3
組織図_svd2=3
組織図_svd8=3
組織図_svd14=3
組織図_svd21=3
組織図_svd29=3
特徴=2
売上=2
アンケート１=2
企業名_len=2
組織図行数=2
工場数_事業所数比=2
企業概要_svd0=2
企業概要_svd20=2
今後のDX展望_svd27=2
組織図_svd20=2
組織図_svd32=2
工場数=1
総資産=1
流動資産=1
運転資本変動=1
有形固定資産変動=1
アンケート５=1
アンケート６=1
DX前向きスコア平均=1
DXキーワード数_企業概要=1
DXキーワード数_DX展望=1
店舗数欠損フラグ=1
企業概要_svd4=1
今後のDX展望_svd38=1
組織図_svd5=1

parameters:
[boosting: gbdt]
[objective: binary]
[metric: binary_logloss]
[tree_learner: serial]
[device_type: cpu]
[data_sample_strategy: bagging]
[data: ]
[valid: ]
[num_iterations: 1000]
[learning_rate: 0.05]
[num_leaves: 15]
[num_threads: 0]
[seed: 42]
[deterministic: 0]
[force_col_wise: 0]
[force_row_wise: 0]
[histogram_pool_size: -1]
[max_depth: -1]
[min_data_in_leaf: 10]
[min_sum_hessian_in_leaf: 0.001]
[bagging_fraction: 0.8]
[pos_bagging_fraction: 1]
[neg_bagging_fraction: 1]
[bagging_freq: 1]
[bagging_seed: 400]
[bagging_by_query: 0]
[feature_fraction: 0.8]
[feature_fraction_bynode: 1]
[feature_fraction_seed: 30056]
[extra_trees: 0]
[extra_seed: 12879]
[early_stopping_round: 0]
[early_stopping_min_delta: 0]
[first_metric_only: 0]
[max_delta_step: 0]
[lambda_l1: 0]
[lambda_l2: 0]
[linear_lambda: 0]
[min_gain_to_split: 0]
[drop_rate: 0.1]
[max_drop: 50]
[skip_drop: 0.5]
[xgboost_dart_mode: 0]
[uniform_drop: 0]
[drop_seed: 17869]
[top_rate: 0.2]
[other_rate: 0.1]
[min_data_per_group: 100]
[max_cat_threshold: 32]
[cat_l2: 10]
[cat_smooth: 10]
[max_cat_to_onehot: 4]
[top_k: 20]
[monotone_constraints: ]
[monotone_constraints_method: basic]
[monotone_penalty: 0]
[feature_contri: ]
[forcedsplits_filename: ]
[refit_decay_rate: 0.9]
[cegb_tradeoff: 1]
[cegb_penalty_split: 0]
[cegb_penalty_feature_lazy: ]
[cegb_penalty_feature_coupled: ]
[path_smooth: 0]
[interaction_constraints: ]
[verbosity: -1]
[saved_feature_importance_type: 0]
[use_quantized_grad: 0]
[num_grad_quant_bins: 4]
[quant_train_renew_leaf: 0]
[stochastic_rounding: 1]
[linear_tree: 0]
[max_bin: 255]
[max_bin_by_feature: ]
[min_data_in_bin: 3]
[bin_construct_sample_cnt: 200000]
[data_random_seed: 175]
[is_enable_sparse: 1]
[enable_bundle: 1]
[use_missing: 1]
[zero_as_missing: 0]
[feature_pre_filter: 1]
[pre_partition: 0]
[two_round: 0]
[header: 0]
[label_column: ]
[weight_column: ]
[group_column: ]
[ignore_column: ]
[categorical_feature: 1,2,3]
[forcedbins_filename: ]
[precise_float_parser: 0]
[parser_config_file: ]
[objective_seed: 16083]
[num_class: 1]
[is_unbalance: 0]
[scale_pos_weight: 3.14525]
[sigmoid: 1]
[boost_from_average: 1]
[reg_sqrt: 0]
[alpha: 0.9]
[fair_c: 1]
[poisson_max_delta_step: 0.7]
[tweedie_variance_power: 1.5]
[lambdarank_truncation_level: 30]
[lambdarank_norm: 1]
[label_gain: ]
[lambdarank_position_bias_regularization: 0]
[eval_at: ]
[multi_error_top_k: 1]
[auc_mu_weights: ]
[num_machines: 1]
[local_listen_port: 12400]
[time_out: 120]
[machine_list_filename: ]
[machines: ]
[gpu_platform_id: -1]
[gpu_device_id: -1]
[gpu_device_id_list: ]
[gpu_use_dp: 0]
[num_gpu: 1]

end of parameters

pandas_categorical:[["\u5316\u5b66", "\u904b\u8f38\u30fb\u7269\u6d41", "\u5efa\u8a2d\u30fb\u5de5\u4e8b", "\u6a5f\u68b0", "\u533b\u7642\u30fb\u798f\u7949", "\u98df\u54c1", "\u88fd\u9020", "\u81ea\u52d5\u8eca\u30fb\u4e57\u308a\u7269", "\u6a5f\u68b0\u95a2\u9023\u30b5\u30fc\u30d3\u30b9", "\u5916\u98df", "\u5c0f\u58f2", "\u30a8\u30f3\u30bf\u30e1", "\u305d\u306e\u4ed6\u30b5\u30fc\u30d3\u30b9", "\u30b3\u30f3\u30b5\u30eb\u30c6\u30a3\u30f3\u30b0", "\u751f\u6d3b\u7528\u54c1", "\u30a8\u30cd\u30eb\u30ae\u30fc", "\u30a2\u30d1\u30ec\u30eb\u30fb\u7f8e\u5bb9", "\u96fb\u6c17\u88fd\u54c1", "IT", "\u91d1\u878d", "\u4e0d\u52d5\u7523", "\u5546\u793e", "\u901a\u4fe1", "\u4eba\u6750", "\u5e83\u544a", "\u30b2\u30fc\u30e0", "\u30de\u30b9\u30b3\u30df", "\u305d\u306e\u4ed6", "\u6559\u80b2", "\u901a\u4fe1\u6a5f\u5668", "\u5c02\u9580\u30b5\u30fc\u30d3\u30b9"], ["GR", "PR", "ST"], ["BtoB", "BtoB, BtoC", "BtoC", "BtoB, BtoC, CtoC", "CtoC", "missing"]]
