tree
version=v4
num_class=1
num_tree_per_iteration=1
label_index=0
max_feature_idx=192
objective=binary sigmoid:1
feature_names=従業員数 業界 上場種別 特徴 事業所数 工場数 店舗数 資本金 総資産 流動資産 固定資産 負債 短期借入金 長期借入金 純資産 自己資本 売上 営業利益 経常利益 当期純利益 営業CF 減価償却費 運転資本変動 投資CF 有形固定資産変動 無形固定資産変動(ソフトウェア関連) アンケート１ アンケート２ アンケート３ アンケート４ アンケート５ アンケート６ アンケート７ アンケート８ アンケート９ アンケート１０ アンケート１１ 自己資本比率 ROE ROA 売上高営業利益率 売上高経常利益率 流動資産比率 負債比率 有利子負債 有利子負債比率 一人当たり売上 一人当たり営業利益 事業所あたり従業員数 フリーCF 減価償却費率 無形固定資産変動率 有形固定資産変動率 ソフトウェア投資対有形固定資産比 DX前向きスコア合計 DX前向きスコア平均 DX抵抗感 戦略実感ギャップ 導入済みフラグ 既存ツール満足度欠損フラグ セキュリティ整備度 企業概要_len 組織図_len 今後のDX展望_len 企業名_len DXキーワード数_企業概要 DXキーワード数_DX展望 DX部署有無_組織図 組織図行数 工場数欠損フラグ 店舗数欠損フラグ 店舗数_事業所数比 工場数_事業所数比 企業概要_svd0 企業概要_svd1 企業概要_svd2 企業概要_svd3 企業概要_svd4 企業概要_svd5 企業概要_svd6 企業概要_svd7 企業概要_svd8 企業概要_svd9 企業概要_svd10 企業概要_svd11 企業概要_svd12 企業概要_svd13 企業概要_svd14 企業概要_svd15 企業概要_svd16 企業概要_svd17 企業概要_svd18 企業概要_svd19 企業概要_svd20 企業概要_svd21 企業概要_svd22 企業概要_svd23 企業概要_svd24 企業概要_svd25 企業概要_svd26 企業概要_svd27 企業概要_svd28 企業概要_svd29 企業概要_svd30 企業概要_svd31 企業概要_svd32 企業概要_svd33 企業概要_svd34 企業概要_svd35 企業概要_svd36 企業概要_svd37 企業概要_svd38 企業概要_svd39 今後のDX展望_svd0 今後のDX展望_svd1 今後のDX展望_svd2 今後のDX展望_svd3 今後のDX展望_svd4 今後のDX展望_svd5 今後のDX展望_svd6 今後のDX展望_svd7 今後のDX展望_svd8 今後のDX展望_svd9 今後のDX展望_svd10 今後のDX展望_svd11 今後のDX展望_svd12 今後のDX展望_svd13 今後のDX展望_svd14 今後のDX展望_svd15 今後のDX展望_svd16 今後のDX展望_svd17 今後のDX展望_svd18 今後のDX展望_svd19 今後のDX展望_svd20 今後のDX展望_svd21 今後のDX展望_svd22 今後のDX展望_svd23 今後のDX展望_svd24 今後のDX展望_svd25 今後のDX展望_svd26 今後のDX展望_svd27 今後のDX展望_svd28 今後のDX展望_svd29 今後のDX展望_svd30 今後のDX展望_svd31 今後のDX展望_svd32 今後のDX展望_svd33 今後のDX展望_svd34 今後のDX展望_svd35 今後のDX展望_svd36 今後のDX展望_svd37 今後のDX展望_svd38 今後のDX展望_svd39 組織図_svd0 組織図_svd1 組織図_svd2 組織図_svd3 組織図_svd4 組織図_svd5 組織図_svd6 組織図_svd7 組織図_svd8 組織図_svd9 組織図_svd10 組織図_svd11 組織図_svd12 組織図_svd13 組織図_svd14 組織図_svd15 組織図_svd16 組織図_svd17 組織図_svd18 組織図_svd19 組織図_svd20 組織図_svd21 組織図_svd22 組織図_svd23 組織図_svd24 組織図_svd25 組織図_svd26 組織図_svd27 組織図_svd28 組織図_svd29 組織図_svd30 組織図_svd31 組織図_svd32 組織図_svd33 組織図_svd34 組織図_svd35 組織図_svd36 組織図_svd37 組織図_svd38 組織図_svd39
feature_infos=[188:163584] -1:3:18:2:19:7:10:6:21:0:5:1:13:4:14:23:9:15:11:16:20:12:17:28:8:22:25 -1:1:2:0 -1:0:1:2 [1:1996] [1:223] [1:2023] [20:2191252] [2962:413082177] [1522:182792999] [1440:230289178] [1202:391919566] [0:2571806] [0:7189534] [-5025:36000857] [-5050:34955086] [4714:46209078] [-496655:5416709] [-20103:2163659] [-320490:5091601] [-295490:9433233] [20:1500000] [-100000:200000] [-768925:538] [-500000:30000] [-246169:-12] [1:5] [1:5] [1:5] [1:5] [1:5] [1:2] [1:5] [1:5] [1:5] [1:5] [1:5] [-0.72620074777106702:0.94471274555178109] [-3.3765419192975119:572.33333333333337] [-0.57481211569118651:0.32413160542043906] [-1.1239101091371586:0.63147520788420075] [-0.11149007124450508:0.73281710589995164] [0.14264881820895201:0.80764143687817491] [-16013:70.252957381299623] [0:9761340] [0:0.70664110162105631] [2.3394021739130433:4544.4089700996674] [-116.34010971281059:650.61262458471765] [0.36172344689378755:163584] [-350142:8802568] [0.0014585338817420729:0.083835508026411543] [-0.082882882882882883:-1.4712643961487998e-05] [-0.097546700482856172:0.01433938455361496] [-2327:-0.0066644451849383543] [8:31] [1.1428571428571428:4.4285714285714288] [1:5] [-4:4] [0:1] [0:1] [1:5] [17:731] [42:1756] [215:1224] [6:19] [0:7] [2:17] [0:1] [1:55] [0:1] [0:1] [0:1305] [0:28] [0.060979854412857692:0.41362795408933067] [-0.3069520865209544:0.28966893880442368] [-0.27640358438377821:0.37528480946047138] [-0.16515527830628424:0.46734466041729189] [-0.12869586677329975:0.77410053707318638] [-0.22063087929207087:0.44849385969988304] [-0.23019355631483862:0.25746679913093884] [-0.1946579007926891:0.54077118803043001] [-0.19842144509073678:0.26916174604653337] [-0.20583256812577089:0.28782347820008769] [-0.24576529421105803:0.22870556310165158] [-0.27641722059620294:0.22616909914506855] [-0.27267708245376265:0.2722454606807222] [-0.24223147300975623:0.20804644560472613] [-0.26364987726259947:0.20490510424502842] [-0.22623107992618161:0.20980780677635766] [-0.24910465430974205:0.26572889667185279] [-0.20544537085075004:0.23125755638561224] [-0.22491580123426219:0.21800341073956936] [-0.34748893687066068:0.28902558820082841] [-0.1752244417175223:0.23339602434175866] [-0.16133035669752827:0.34534779830800422] [-0.2339523519144337:0.27007772929211427] [-0.16679308688980629:0.37111134066408641] [-0.21291593710398898:0.23414963149176371] [-0.22511251239193983:0.24589161789442679] [-0.17240231536389763:0.21963390545353659] [-0.1566558262931384:0.19757060613825733] [-0.17665415280214236:0.27295378380991481] [-0.29178122744864321:0.21782883057435498] [-0.1646877850969577:0.21128412976961847] [-0.16325349635498074:0.28270601592269801] [-0.18293690044221336:0.2278283872129164] [-0.19224485236042621:0.27032774594314551] [-0.16881733699037371:0.26271435700495632] [-0.1686335283054885:0.18921318361173686] [-0.18611855748210826:0.19966245626207241] [-0.20410223745683329:0.29028380163949441] [-0.14257119270945692:0.19550870517817981] [-0.23920766704107077:0.17407910622183875] [0.15079177962081949:0.3595572841912742] [-0.2284574984336453:0.23430937777497343] [-0.18123869961066422:0.1965151338968493] [-0.16306566264120767:0.18208069436596563] [-0.17897915324049277:0.18318090624706745] [-0.15107170647502058:0.19517369302610715] [-0.19113871577681754:0.16737448648069531] [-0.15340583083925513:0.15878005400914777] [-0.15786927434307008:0.27465219712610628] [-0.14639056706846873:0.18320440159570728] [-0.13616370940201286:0.19718927432578992] [-0.14804540906586383:0.17382019014205802] [-0.15111294262974906:0.20765770087919011] [-0.17749207391391114:0.17945651884200559] [-0.14441005798599854:0.15407295168513008] [-0.1469570621293308:0.15732773855341903] [-0.18234583066680546:0.16808365045643731] [-0.15604636644483669:0.16367790859047027] [-0.17799080967282785:0.20492855824805206] [-0.15296904730157054:0.14424884519496489] [-0.18819876484904607:0.13716379041563084] [-0.18238571309946852:0.19769388049848594] [-0.14736548389820156:0.15084980785137286] [-0.14454517087910507:0.12569876547733755] [-0.13154493229538772:0.14358620723786175] [-0.15364505654578833:0.15097191206842697] [-0.15333096399374416:0.12719540662289838] [-0.14290915885155811:0.14750784380163365] [-0.13919042949998972:0.17090138251765941] [-0.15478083990233815:0.17021431741548154] [-0.16183017481230189:0.14028856370920398] [-0.14686282405084028:0.16056920750413983] [-0.1540026916413125:0.17788221521997105] [-0.14648269949107615:0.11942912152739539] [-0.13153389375399527:0.15885085385330289] [-0.14205909288637766:0.16251075792035774] [-0.13295307077792928:0.16564656987538678] [-0.15339472922507233:0.14853488421604494] [-0.12819497528547666:0.12622935566762922] [-0.13483451928123627:0.15600274323316449] [0.073498866413743938:0.60254475988475231] [-0.41503193158663315:0.33890692250415877] [-0.32003745300595599:0.28595232020634603] [-0.25182109558917648:0.37856104440891308] [-0.23605039050976254:0.43575645774115268] [-0.24168061680794445:0.42522858324266161] [-0.38034321521066938:0.2897094858453409] [-0.22373106419199332:0.39164584780266265] [-0.32870063255435766:0.35334852826332847] [-0.1809296556352567:0.40613057453339318] [-0.27169710582687207:0.32092478020944382] [-0.23214757582257003:0.42713288191005722] [-0.28635211223342566:0.30973853808044494] [-0.260885307674662:0.27328710358802899] [-0.23158347305086249:0.38240534266994408] [-0.22827503829815857:0.26396338192983299] [-0.18094047065388047:0.45581656348075733] [-0.25625330361875837:0.27770793474186606] [-0.20663354711567439:0.33723436740185547] [-0.25405541318116348:0.25371927754532436] [-0.22259488984807138:0.30856886689830448] [-0.21984060030584765:0.25052326936903124] [-0.29001336213457712:0.18767307092625915] [-0.28522762845124333:0.18838132745628769] [-0.22803605751341247:0.31428880292573297] [-0.20855544325251332:0.30566557662304839] [-0.21043803610215947:0.38055264281430273] [-0.20154603818463998:0.26150263844207566] [-0.15819093872455095:0.28324075360941192] [-0.21870846558620832:0.21101285629322442] [-0.18240448820397337:0.24114610062289946] [-0.18252674083130943:0.18210852491493673] [-0.26355002932296151:0.1922987026438597] [-0.24224379437979035:0.24326803664931765] [-0.2178723403376546:0.19140320150719109] [-0.18734820717955028:0.1621015041612604] [-0.16157214571095851:0.19867324025142644] [-0.15597641189085262:0.37014752133756967] [-0.1562229768119022:0.21273902668098627] [-0.18677014785906115:0.21845484748503516]
tree_sizes=1683 1696 1712 1714 1715 1710 1717 1723 1713 1715 1730 1719 1727 1722 1730 1739 1729 1727 1722 1724 1717 1737 1741 1724 1722 1733 1728 1737 1729 1727 1735 1731 1732 1725 1718 1717 1728 1734 1732 1729 1733 1740 1717 1725 1733 1727 1730 1750 1725 1723 1726 1732 1727 1730 1741 1728 1757 1713 1730 1732 1735 1744 1735 1736 1735 1759 1733 1735

Tree=0
num_leaves=15
num_cat=0
split_feature=114 75 40 38 32 85 77 153 77 87 183 63 83 81
split_gain=268.411 82.9185 60.083 30.192 29.5837 32.3163 23.6709 21.1674 19.6939 20.3665 21.0743 17.3941 15.3948 13.3709
threshold=-0.045026391918464963 -0.062942745379055406 0.081660131092570934 0.02461348286250965 3.5000000000000004 -0.034933081037694949 -1.0000000180025095e-35 0.37029979885529352 -0.098134976803024895 -0.15130775077680689 -0.11003660581599793 672.50000000000011 0.1343115991603476 -0.11249140217084906
decision_type=2 2 10 2 8 2 2 2 2 2 2 2 2 2
left_child=1 7 12 -3 6 -6 -4 -1 -5 -10 -11 -12 -2 -13
right_child=2 3 4 8 5 -7 -8 -9 9 10 11 13 -14 -15
leaf_value=-1.1924974377234954 -1.2097267523021848 -1.214476370960744 -0.97845125594295057 -1.214476370960744 -1.0472598815016461 -1.214476370960744 -1.1336543369324021 -1.0223686116271398 -1.2144763709607445 -1.2144763709607445 -1.2144763709607427 -1.2144763709607449 -1.0744705650585995 -0.96626184557434547
leaf_weight=7.155150353908537 33.110568076372147 1.462277054786681 6.6629592329263687 0.91392315924167533 4.7023643553256989 7.4941699057817441 3.8915766924619692 2.4558493494987488 0.91392315924166823 0.91392315924166823 0.73113852739335428 0.54835389554499769 2.2465150058269492 51.319592624902732
leaf_count=37 179 8 15 5 15 41 17 7 5 5 4 3 8 107
internal_value=-1.08187 -1.0132 -1.16035 -0.990223 -1.09697 -1.15001 -1.03568 -1.14903 -0.984298 -0.980433 -0.976436 -0.9723 -1.20113 -0.968886
internal_weight=124.522 66.4141 58.1082 56.8031 22.7511 12.1965 10.5545 9.611 55.3409 54.4269 53.513 52.5991 35.3571 51.8679
internal_count=456 181 275 137 88 56 32 44 129 124 119 114 187 110
is_linear=0
shrinkage=1


Tree=1
num_leaves=15
num_cat=0
split_feature=41 25 51 44 45 39 7 36 80 151 168 47 96 7
split_gain=112.452 47.9972 39.5902 35.7831 33.9306 33.2628 29.8284 27.9679 25.0349 23.1162 22.5462 20.8464 16.7242 15.8078
threshold=0.068456203483277731 -639.49999999999989 -0.015565911060799445 90836.000000000015 0.20272642620586942 0.065454861996397537 4958.5000000000009 3.5000000000000004 -0.033962786833808489 0.03958894104706747 0.024141488512359203 23.362066050561079 0.024948564058795353 10285.500000000002
decision_type=8 2 2 2 2 2 10 2 2 2 2 10 2 8
left_child=2 3 4 9 6 -3 8 -5 -1 12 -7 -11 -2 -14
right_child=1 5 -4 7 -6 10 -8 -9 -10 11 -12 -13 13 -15
leaf_value=0.10838971707083916 0.16187558476234593 -0.034249029163866643 -0.050072772339409689 -0.038481257634724202 -0.065483828801433538 0.0087512212067889072 0.1350178575131431 0.11522740396590513 -0.06572539042684486 -0.026222959216801591 0.16332539994105383 0.15137692395571667 0.14059312144812103 0.012209407993825422
leaf_weight=3.5716545581817654 39.668503120541573 9.9127444177866 20.259255781769753 5.8040875345468503 5.3950147628784171 4.1646177321672422 10.094351664185522 6.0381122380495071 4.892402037978175 3.9100817739963523 5.4413126707077026 2.8614547550678253 6.0310827940702412 3.9799149185419092
leaf_count=10 80 50 108 30 30 18 25 17 27 19 11 6 14 17
internal_value=0.0664068 0.0991501 0.00137449 0.118912 0.0448874 0.0300045 0.0769728 0.0398919 0.00774754 0.135489 0.0963103 0.0488256 0.147302 0.0895536
internal_weight=132.025 87.8119 44.2127 68.2932 23.9534 19.5187 18.5584 11.8422 8.46406 56.451 9.60593 6.77154 49.6795 10.011
internal_count=462 262 200 183 92 79 62 47 37 136 29 25 111 31
is_linear=0
shrinkage=0.05


Tree=2
num_leaves=15
num_cat=0
split_feature=114 40 75 126 33 172 115 104 39 169 45 192 39 187
split_gain=176.158 86.6304 42.9709 31.8159 25.8481 28.5184 25.0259 19.1219 14.9948 14.8573 14.5712 16.7483 11.9425 19.3559
threshold=-0.045026391918464963 0.1162861733452181 -0.046416889731472684 -0.070412852032880016 4.5000000000000009 0.017625013014562551 0.058748237846878194 -0.11136969530079514 0.098076380665460747 0.0091647360546689791 0.019916509220047094 0.054297546192041343 0.046269478024241091 0.019490943906967682
decision_type=2 10 2 2 2 2 2 2 2 2 2 2 2 2
left_child=2 3 4 -2 5 9 10 -4 -5 -1 -3 -12 13 -9
right_child=1 6 7 8 -6 -7 -8 12 -10 -11 11 -13 -14 -15
leaf_value=0.14728251449119126 0.068972657619642955 0.16080991108258505 -0.069304470507446453 -0.06518712093072275 -0.065373113725457566 -0.065839406435426115 -0.065480664926862012 0.12620115626612052 0.064666702294176759 0.023358793891097587 -0.019084204854419126 0.14596788007849212 0.15198921042468658 0.0077003482921119875
leaf_weight=7.9978363811969775 5.7363516986370078 8.1918699890375155 1.1920839101076115 36.251152336597443 4.2974330484867087 2.8943377137184134 2.158741205930709 20.822404831647876 2.368403196334838 3.4671421498060226 3.246794417500495 2.9186027497053146 34.535185649991035 4.1293323487043372
leaf_count=17 19 15 6 204 24 16 12 47 8 14 15 6 61 17
internal_value=0.059477 -0.00450556 0.108569 -0.0409032 0.0422063 0.0744024 0.0932452 0.128973 -0.0572236 0.109807 0.117111 0.0590489 0.132947 0.10659
internal_weight=140.208 60.8719 79.3358 44.3559 18.6567 14.3593 16.516 60.679 38.6196 11.465 14.3573 6.1654 59.4869 24.9517
internal_count=481 279 202 231 71 47 48 131 212 31 36 21 125 64
is_linear=0
shrinkage=0.05


Tree=3
num_leaves=15
num_cat=0
split_feature=114 41 23 156 40 104 131 83 141 149 189 145 57 63
split_gain=146.355 65.7876 35.871 26.1283 28.6052 25.095 22.1946 22.121 29.5574 17.4572 15.3821 14.395 13.1505 11.57
threshold=-0.11280470479628284 0.07976656217247434 -3959.9999999999995 -0.033948299610352624 0.12626486164832193 -0.068705639671820626 0.02416292080222875 0.070963613010315701 -0.023074659492129886 -0.0055951343047947457 -0.10222374309274203 -0.081921669099233985 1.0000000180025095e-35 672.50000000000011
decision_type=2 8 2 2 10 2 2 2 2 2 2 2 2 2
left_child=5 7 3 4 -3 -1 -4 -2 -9 -8 -7 -12 -5 -13
right_child=1 2 6 12 -6 10 9 8 -10 -11 11 13 -14 -15
leaf_value=-0.065840900258481369 -0.064374638176474319 -0.065507102273533166 -0.051400569008150293 0.14902603875973611 0.11120368690244326 -0.0703995438240438 0.11014077664303445 0.12882245946311272 -0.064593368644064786 -0.067639465878115632 -0.067714101471164731 -0.066233769605266293 0.05386911153849331 0.13322485916138094
leaf_weight=1.8157380074262608 25.780823022127151 4.8325277566909808 10.445606276392938 12.788183629512789 4.3529904931783676 1.0071390122175206 5.2254647761583328 3.915474146604538 3.9861475527286521 1.8768087476491917 0.93365225195884605 0.73758035898208518 5.0703790932893744 50.959484681487083
leaf_count=10 150 27 55 22 11 5 13 8 23 10 5 4 17 93
internal_value=0.0548272 0.0108003 0.050639 0.0867625 0.0182356 0.116972 -0.00503307 -0.041942 0.0312496 0.0631615 0.123161 0.126865 0.122009 0.130379
internal_weight=133.728 78.2744 44.592 27.0441 9.18552 55.4536 17.5479 33.6824 7.90162 7.10227 53.6379 52.6307 17.8586 51.6971
internal_count=453 336 155 77 38 117 78 181 31 23 107 102 39 97
is_linear=0
shrinkage=0.05


Tree=4
num_leaves=15
num_cat=0
split_feature=40 0 115 66 182 75 46 150 98 130 122 100 101 80
split_gain=65.1171 37.0675 27.5943 26.589 24.5571 24.1335 26.8748 20.5729 17.5208 16.3402 16.7593 15.6734 15.6662 11.7298
threshold=0.058993908499581894 1024.0000000000002 0.10252123600974851 11.500000000000002 0.1192249565909847 -0.059912885588718698 109.69563464809298 0.075367407718117771 -0.028831186860816812 -0.0097540113957684301 0.019117711128888815 0.084990950709348659 -0.079292792898849371 -0.01517756798445755
decision_type=8 2 2 2 2 2 2 2 2 2 2 2 2 2
left_child=2 3 4 7 8 6 -3 11 9 -1 -11 -2 -7 -4
right_child=1 5 13 -5 -6 12 -8 -9 -10 10 -12 -13 -14 -15
leaf_value=-0.063458028178467463 -0.067007422641502723 -0.06508940112345811 0.13945474611046246 0.090889396878352541 0.11063774035977506 -0.011903659082846674 0.089925576832742271 0.11275525965970301 -0.057337889946066534 0.095945896033193256 -0.063974336487837277 0.086231665107948621 0.1112342888020354 0.018342374741129357
leaf_weight=4.3052409440278998 11.078605905175211 4.7440992444753629 4.43527951836586 8.5824581235647184 3.4311279356479636 2.7103800326585761 6.8089662194252014 2.495979204773902 21.490848571062092 6.5026147067546791 2.1900420188903809 1.9645399004220951 54.949480652809143 3.6398082822561246
leaf_count=26 60 27 8 21 8 12 18 5 123 16 13 5 116 15
internal_value=0.0496328 0.0736283 0.000940243 0.0202535 -0.0169314 0.0922301 0.0262709 -0.0187596 -0.0296227 0.0162019 0.0556553 -0.0439268 0.105446 0.0848639
internal_weight=139.329 93.3345 45.995 24.1216 37.9199 69.2129 11.5531 15.5391 34.4887 12.9979 8.69266 13.0431 57.6599 8.07509
internal_count=473 264 209 91 186 173 45 70 178 55 29 65 128 23
is_linear=0
shrinkage=0.05


Tree=5
num_leaves=15
num_cat=0
split_feature=114 38 75 37 21 152 38 8 42 51 45 172 108 186
split_gain=164.849 41.0469 39.0856 33.6735 27.4544 19.6174 15.1202 15.0658 13.1905 12.7632 11.0682 15.7838 19.0493 12.3721
threshold=-0.023132193997342981 0.13355516529486508 -0.062942745379055406 0.6062801340720293 5500.0000000000009 0.044653990795412719 0.012295322543403002 6003849.0000000009 0.45100030162004906 -0.025460584871534239 0.093708613172023308 0.012958604695965204 0.04094624944498642 -0.070847773533221678
decision_type=2 2 2 2 2 2 2 2 2 2 2 2 2 2
left_child=2 9 4 7 -1 6 -4 -3 -7 -2 -8 13 -13 -12
right_child=1 3 5 -5 -6 8 10 -9 -10 -11 11 12 -14 -15
leaf_value=-0.047555236745086139 0.049769007949004657 -0.065157908906948475 -0.0655597082852621 0.12158113909021716 0.10740261398345402 0.074666737835312177 0.12279181283113878 0.099579486636511005 -0.068175810849929366 -0.064351952801884049 -0.068706158719807356 -0.067583649872557341 0.11684488774787244 0.11548631557570971
leaf_weight=8.3104119300842267 2.6573297232389406 6.1130665242671949 1.2454126030206669 7.2215788960456848 4.3570450246334067 4.1060456186532965 52.317288473248482 1.7955080568790434 2.6652250289916992 31.40325848758221 0.96595129370690003 3.3509021699428549 2.4049945324659348 16.224904626607895
leaf_count=44 10 35 7 14 10 10 86 4 14 185 5 18 4 29
internal_value=0.0494143 -0.0250071 0.0875687 0.0435216 0.00574341 0.100015 0.107234 -0.0277571 0.0184428 -0.0554485 0.110093 0.0811414 0.00947639 0.105137
internal_weight=145.139 49.1907 95.9482 15.1302 12.6675 83.2807 76.5095 7.90857 6.77127 34.0606 75.264 22.9468 5.7559 17.1909
internal_count=475 248 227 53 54 173 149 39 24 195 142 56 22 34
is_linear=0
shrinkage=0.05


Tree=6
num_leaves=15
num_cat=0
split_feature=114 39 18 41 51 37 32 140 171 82 49 162 41 85
split_gain=103.371 52.5249 25.09 24.7962 24.0533 16.6274 16.4338 16.1806 15.0617 13.5506 13.4883 10.0361 10.5983 9.40449
threshold=-0.030597337927730329 0.11406867190829163 509686.50000000006 0.068456203483277731 -0.020660805761204586 0.33768399614331651 1.5000000000000002 -0.051035926811374865 -0.036107854615034067 -0.084285108481548146 85.000000000000014 -0.0095594424878077035 0.034204717334457714 -0.087681265010636736
decision_type=2 2 8 8 2 2 8 2 2 2 2 2 8 2
left_child=3 2 6 4 5 -1 -2 -6 -4 -5 -11 -7 -13 -8
right_child=1 -3 8 9 7 11 13 -9 -10 10 -12 12 -14 -15
leaf_value=-0.064701275426983951 0.054389601868057413 0.10637854876300563 0.12504632616562208 0.0057180967622220656 0.066912581006510097 0.12637897357408731 0.024277754925661386 -0.066940466163765991 -0.021332898762367981 -0.068081442200119413 0.10579576905133144 0.10725893224305744 -0.020419022252615944 -0.063401569242163044
leaf_weight=1.8816588222980559 3.8226717114448538 8.6349676698446256 3.8579928874969482 3.8349466025829306 3.4259270280599612 9.1461854577064514 3.3892383277416185 6.6214022785425151 3.2274747788906089 1.1363160461187352 60.448718369007111 3.340729162096975 3.1653638035058971 31.32157397270203
leaf_count=11 14 18 6 14 11 14 14 36 15 6 106 6 15 192
internal_value=0.0481486 -0.00669976 -0.0281038 0.0801453 0.0403835 0.0757291 -0.0440043 -0.0212994 0.0583697 0.096909 0.102588 0.0926111 0.0451407 -0.0548404
internal_weight=147.255 54.2539 45.619 93.0012 27.5813 17.5339 38.5335 10.0473 7.08547 65.42 61.585 15.6523 6.50609 34.7108
internal_count=478 259 241 219 93 46 220 47 21 126 112 35 21 206
is_linear=0
shrinkage=0.05


Tree=7
num_leaves=15
num_cat=0
split_feature=114 41 85 135 40 103 116 46 0 105 57 19 105 189
split_gain=110.117 36.1601 22.5206 21.982 18.1003 26.3486 15.4235 15.0322 14.0809 15.0728 12.3618 9.01117 8.7884 8.35212
threshold=-0.045026391918464963 0.37366628363844634 -0.072084502282762017 0.0070773048827169381 0.057825601563032916 0.043968892086653215 -0.026128906981092149 17.343849512537357 1004.0000000000001 0.028832297850032811 -1.0000000180025095e-35 8795.5000000000018 0.02687832213609426 -0.095032512503663721
decision_type=2 8 2 2 8 2 2 2 2 2 2 2 2 2
left_child=4 2 3 12 5 6 11 -4 9 -6 -3 -1 -2 -10
right_child=1 10 7 -5 8 -7 -8 -9 13 -11 -12 -13 -14 -15
leaf_value=-0.06625452469848199 0.01853222779319692 0.10302797857827978 0.043992648882251691 -0.064746348547193536 0.080430554430074838 -0.065602014606107151 0.091633372558391574 -0.058323521506379095 -0.07239603240240837 -0.033354013684280398 -0.00018456062296472544 0.068462828809985152 0.1232453447317063 0.11092239039793191
leaf_weight=2.8769473135471406 3.4739754796028119 8.5314665138721448 4.0552036613225928 3.9399287551641455 13.48346881568432 4.4310827255249015 16.530102342367172 31.280600383877754 0.62951622903346915 3.7116807997226706 4.3958398252725592 2.1833056062459946 4.7347415387630463 47.798255741596222
leaf_count=16 14 16 14 23 28 25 36 193 3 15 18 6 9 70
internal_value=0.0461993 -0.00620753 -0.0263913 0.0323344 0.0807457 0.0454581 0.0682515 -0.0465815 0.0947383 0.0558694 0.0679313 -0.00812914 0.0789302 0.108539
internal_weight=152.056 60.4118 47.4844 12.1486 91.6444 26.0214 21.5904 35.3358 65.6229 17.1951 12.9273 5.06025 8.20872 48.4278
internal_count=486 287 253 46 199 83 58 207 116 43 34 22 23 73
is_linear=0
shrinkage=0.05


Tree=8
num_leaves=15
num_cat=0
split_feature=114 41 40 114 52 105 140 0 188 183 44 133 174 50
split_gain=88.6424 43.6398 22.0136 25.6554 20.9825 19.3685 16.7645 14.7997 18.2034 14.1621 10.055 16.4725 7.82544 7.18995
threshold=-0.023132193997342981 0.37366628363844634 0.057825601563032916 -0.14052745957977295 -0.027499811718490277 0.10582022147892613 0.042896916183950619 823.00000000000011 0.013901797201761644 0.10042699531403945 5127.0000000000009 -0.0020278963640317526 -0.17297737976592595 0.029461028142482245
decision_type=2 8 8 2 2 2 2 2 2 2 2 2 2 2
left_child=2 4 3 10 6 9 -2 8 -4 -5 -1 -12 -9 -3
right_child=1 13 7 5 -6 -7 -8 12 -10 -11 11 -13 -14 -15
leaf_value=0.12051523493325217 -0.034330434959126091 0.037602371123351325 0.07432590835122839 -0.065223950081680013 -0.057159106717751929 0.11969999790745121 0.10034576588281391 -0.066142302996552174 -0.072009901338917534 0.082233324827174714 0.081047415934176734 -0.067583211586063383 0.1008644329852148 0.11853914931203711
leaf_weight=7.7700472176075044 4.8624502420425362 5.5073611438274366 7.9362056553363782 9.4433364868164045 27.93272486329079 2.2844353914260855 4.4032039940357208 0.71015365421771903 2.9023506641387939 1.9675729423761357 7.6661052852869043 2.4631019234657261 57.064623966813087 5.468516618013382
leaf_count=12 27 18 17 55 176 3 10 4 14 5 17 13 88 8
internal_value=0.046056 -0.00968097 0.0728512 0.038316 -0.035531 -0.0131931 0.0296701 0.0887537 0.0351401 -0.039798 0.0777274 0.0449052 0.0988116 0.0779275
internal_weight=148.382 48.1743 100.208 31.5946 37.1984 13.6953 9.26565 68.6133 10.8386 11.4109 17.8993 10.1292 57.7748 10.9759
internal_count=467 239 228 105 213 63 37 123 31 60 42 30 92 26
is_linear=0
shrinkage=0.05


Tree=9
num_leaves=15
num_cat=0
split_feature=114 41 83 39 108 106 45 140 74 66 126 81 151 105
split_gain=65.302 43.9148 31.2361 27.0175 18.5329 17.0417 15.2923 14.0078 13.2543 8.78447 11.0377 7.08309 7.00966 9.40425
threshold=-0.11131523216036078 0.12758682669497426 0.012040304314259983 0.042130544947615881 -0.045589916943568794 -0.050809892713246395 0.18919053437849329 -0.0042599458592627948 0.22350673913849398 11.500000000000002 -0.014432855203754832 -0.096450910578085997 0.024704362116741565 0.019934696245366906
decision_type=2 8 2 2 2 2 2 2 2 2 2 2 2 2
left_child=6 2 -2 8 -3 -6 11 -8 -4 10 -5 -1 -7 -14
right_child=1 4 3 9 5 12 7 -9 -10 -11 -12 -13 13 -15
leaf_value=0.01648892493752141 -0.05734504698574408 -0.067182771490587948 -0.06200747087866814 0.082485354906008834 -0.028758641880364047 0.097017349460730623 0.066471825688887362 -0.066645112694488626 0.082023229816528556 0.11710356062071564 -0.061485290092835904 0.093297105567030261 -0.025278169167617659 0.09410475267925128
leaf_weight=3.1799719333648673 24.820263564586639 2.7830013930797568 8.4423958659172076 3.748299703001976 3.9860382080078152 19.825669020414356 5.307817354798317 3.1485432386398298 1.9700273275375355 6.1423596739768982 2.0645364969968778 53.501248925924301 3.1327579468488684 3.4843366742134094
leaf_count=10 157 15 56 9 20 36 13 17 5 9 14 86 14 6
internal_value=0.0424206 0.0122742 -0.018727 0.0241255 0.0563213 0.067617 0.0796304 0.0169086 -0.0347569 0.0754093 0.0313515 0.088988 0.0821448 0.0375848
internal_weight=145.537 80.3997 47.1879 22.3676 33.2118 30.4288 65.1376 8.45636 10.4124 11.9552 5.81284 56.6812 26.4428 6.61709
internal_count=467 341 250 93 91 76 126 30 61 32 23 96 56 20
is_linear=0
shrinkage=0.05


Tree=10
num_leaves=15
num_cat=0
split_feature=114 39 40 123 23 36 171 0 155 106 114 140 122 105
split_gain=57.9962 47.1785 21.6656 21.0073 17.7774 27.1762 12.6033 10.8656 19.9272 10.6398 10.0883 12.1125 6.14772 5.60785
threshold=-0.030597337927730329 0.098076380665460747 0.057825601563032916 -0.007824743701272981 -5236.4999999999991 3.5000000000000004 -0.048144498134009318 1024.0000000000002 -0.026386217725054149 -0.015247251476304589 -0.12825905978995764 0.036730992820404658 0.0087721184019786871 -0.10526189053615798
decision_type=2 2 8 2 2 2 2 2 2 2 2 2 2 2
left_child=2 4 3 10 5 -2 -5 8 -4 -7 -1 -12 -3 -9
right_child=1 12 7 6 -6 9 -8 13 -10 -11 11 -13 -14 -15
leaf_value=0.090124259653684452 -0.062442739942413998 0.037038771785318433 0.081852791361053043 0.049357071727213736 -0.054627711445925764 -0.019394498296040397 -0.065618408078076354 -0.079870806638147343 -0.041983032587809978 0.090223934905448222 -0.063253420015707967 0.082527875527790395 0.11391265486889596 0.094484437679106803
leaf_weight=11.500164493918421 7.4802856147289267 3.866321995854376 10.95215956866741 3.6206676512956637 22.437951996922497 3.0338267832994452 6.9754513502120936 0.46545453369617362 4.6185030192136756 8.1882026791572553 2.8837873488664654 2.816403791308403 7.9451660960912704 50.166985586285591
leaf_count=21 49 11 20 11 151 15 41 2 20 18 18 6 12 74
internal_value=0.0425189 0.000667921 0.0660944 0.0290488 -0.0246204 0.0113806 -0.0263316 0.0816486 0.0451211 0.0605891 0.0631653 0.00877557 0.0887491 0.0928816
internal_weight=146.951 52.9518 93.9996 27.7965 41.1403 18.7023 10.5961 66.2031 15.5707 11.222 17.2004 5.70019 11.8115 50.6324
internal_count=469 256 213 97 233 82 52 116 40 33 45 24 23 76
is_linear=0
shrinkage=0.05


Tree=11
num_leaves=15
num_cat=0
split_feature=75 39 53 125 120 135 29 90 81 180 93 73 137 0
split_gain=43.6605 23.9381 26.2874 26.6449 18.9577 13.3029 10.8522 15.6728 10.5072 10.0454 9.85781 6.38651 9.41971 5.6236
threshold=-0.059912885588718698 0.040572299618072329 -0.59572928891359556 -0.031910090408587256 -0.028297432008886628 -0.020439191237320391 3.5000000000000004 0.062170216162893428 0.16633335904981786 -0.035589725963781953 0.10873882116966853 0.25910911500277167 -0.0038326913563261245 888.00000000000011
decision_type=2 2 2 2 2 2 2 2 2 2 2 2 2 2
left_child=4 2 3 -2 5 -1 13 11 -7 -5 -4 -8 -13 -3
right_child=1 6 10 9 -6 8 7 -9 -10 -11 -12 12 -14 -15
leaf_value=0.087754484750742309 -0.063049160587895545 0.049266276367544555 -0.062228205180937503 -0.022283575851680761 -0.054140626276533613 -0.063508287973563157 0.093529834199519518 -0.042395137408651654 0.079226905486619037 0.073977728076655133 0.058694139867839362 0.07775320710326665 -0.031823987571571212 0.0903373490485187
leaf_weight=5.4263451248407364 4.7797159627079955 10.325877621769903 9.4820378944277746 3.0176163017749777 15.269476033747194 4.2243056893348712 8.2843736261129433 4.5293996557593337 1.8557300791144369 26.605007596313957 2.0497587770223609 4.5892065912485149 3.4249906986951784 43.218226499855518
leaf_count=12 31 29 64 14 96 27 13 21 4 59 5 9 16 69
internal_value=0.0401249 0.0529766 0.0245969 0.0464962 -0.0176191 0.0308465 0.0705047 0.039881 -0.0199431 0.0641717 -0.0407344 0.0627457 0.0309237 0.0824169
internal_weight=147.082 120.306 45.9341 34.4023 26.7759 11.5064 74.3721 20.828 6.08004 29.6226 11.5318 16.2986 8.0142 53.5441
internal_count=469 330 173 104 139 43 157 59 31 73 69 38 25 98
is_linear=0
shrinkage=0.05


Tree=12
num_leaves=15
num_cat=0
split_feature=114 41 45 120 108 164 100 104 45 125 189 149 78 118
split_gain=54.8381 39.0938 16.845 15.4375 17.1354 13.8478 13.5557 10.5424 8.51463 15.2699 8.40704 7.86735 6.54901 6.32511
threshold=-0.11131523216036078 0.07976656217247434 0.030125908753470047 0.0086828154956179824 0.00297381109194517 0.20749043168049999 0.037648230857539412 0.034967890191920946 0.19927186441430497 -0.003907159543509787 -0.083504912012336271 0.011558173861663874 -0.14064982294724634 -0.025575482525388278
decision_type=2 8 2 2 2 2 2 2 2 2 2 2 2 2
left_child=8 5 6 4 -4 -2 13 -8 10 -10 -1 -6 -12 -3
right_child=1 2 3 -5 11 -7 7 -9 9 -11 12 -13 -14 -15
leaf_value=0.0028810819807595324 -0.055490397030913234 0.025507003556262405 -0.0647068180993223 -0.065566183725348684 0.0059393450738424542 0.084658178939669981 -0.065745123861957674 0.080424291619620267 -0.066608259248733925 0.064444840334718353 -0.066420933900146029 0.10003007727676652 0.08350921478324301 0.086352407164627568
leaf_weight=3.6497167944908133 23.241871982812885 5.5744687691330972 3.6066331043839481 6.7031160593032828 3.6273133456706983 1.9071864336729039 3.5703795701265326 1.884775638580322 3.0674932450056067 8.0707300752401334 0.73883005976676841 5.7329333126544952 51.328743830323219 18.269725039601326
leaf_count=12 164 20 22 39 15 5 21 4 17 18 4 9 80 32
internal_value=0.0354266 0.00580916 0.0318323 -0.00395841 0.0278892 -0.0448622 0.0558603 -0.0152431 0.0682615 0.0283525 0.0762396 0.0635677 0.0813817 0.0721275
internal_weight=140.974 74.1184 48.9693 19.67 12.9669 25.1491 29.2993 5.45516 66.8555 11.1382 55.7173 9.36025 52.0676 23.8442
internal_count=462 331 162 85 46 169 77 25 131 35 96 24 84 52
is_linear=0
shrinkage=0.05


Tree=13
num_leaves=15
num_cat=0
split_feature=114 39 17 121 82 45 27 117 163 0 174 84 49 184
split_gain=59.4644 40.817 21.2193 16.6034 14.4861 11.3856 14.7958 10.6748 10.4786 9.79944 8.15806 6.69767 4.77735 4.84358
threshold=-0.045026391918464963 0.098076380665460747 33810.500000000007 1.0000000180025095e-35 -0.084285108481548146 0.20837012104845809 1.5000000000000002 0.11762953588936571 0.056258984112590719 586.50000000000011 0.099018602108530682 -0.15835135572058276 -20374.999999999996 0.070574391418510005
decision_type=2 2 10 2 2 2 2 2 2 2 2 2 2 2
left_child=4 2 7 -4 8 9 -7 -2 -1 -6 -8 -11 -13 -14
right_child=1 -3 3 -5 5 6 10 -9 -10 11 -12 12 13 -15
leaf_value=-0.067284847138685072 -0.060747213350875254 0.077048660574858971 0.067529866576721706 -0.064436758315454146 -0.021503242105295098 0.089782802483629132 -0.06518771619812759 0.04630659478416016 0.04724525073899636 -0.070550791980838787 0.054349923146864577 -0.06758901909992443 0.082501741294219832 0.042661920105839336
leaf_weight=3.7511025667190534 28.52998893707991 11.103256568312643 7.9357360377907735 3.4066290929913521 2.7504664659500113 4.2494714558124524 4.7413108125329018 2.5355441421270362 4.2710839658975601 0.78497716784477134 2.0420350283384323 0.57202741503715415 60.76949979364872 8.7243409603834134
leaf_count=21 206 21 19 21 11 7 28 10 10 4 5 3 95 20
internal_value=0.033671 -0.0082941 -0.0306386 0.0278943 0.0579068 0.0639935 0.0166266 -0.0520096 -0.006308 0.0710938 -0.0292025 0.0746885 0.0763157 0.0775002
internal_weight=146.167 53.5112 42.4079 11.3424 92.6563 84.6341 11.0328 31.0655 8.02219 73.6013 6.78335 70.8508 70.0659 69.4938
internal_count=481 277 256 40 204 173 40 216 31 133 33 122 118 115
is_linear=0
shrinkage=0.05


Tree=14
num_leaves=15
num_cat=0
split_feature=41 187 113 133 75 158 12 109 116 146 5 96 130 23
split_gain=36.1424 17.8217 14.2747 14.8224 13.7706 17.6107 10.3664 13.2107 9.58898 8.7202 7.50625 6.14593 5.10979 3.84696
threshold=0.069977542150869307 0.029347994412006102 0.30312464442276577 0.0073000124003626083 -0.062942745379055406 -0.11365667718668332 26980.500000000004 0.013560405378134214 0.12327477209232778 -0.013695641428871532 1.5000000000000002 0.085672459548804092 0.080451793786478654 -1506.4999999999998
decision_type=8 2 2 2 2 2 2 2 2 2 8 2 2 2
left_child=1 2 3 9 5 -2 10 -8 -5 -1 -6 13 -4 -12
right_child=4 -3 12 8 6 -7 7 -9 -10 -11 11 -13 -14 -15
leaf_value=-0.018681698165333143 0.065213644820648245 -0.062308901110825911 -0.059382719430388475 -0.063463000782039244 -0.0056817007678110175 -0.064000543881892732 -0.064228535757319669 0.082158072811128691 0.06837626985074767 0.076637205627707608 0.073756600223769994 0.0087573650137644614 0.05113269729565785 0.046677682989030661
leaf_weight=2.9128812775015893 4.9891036450862885 9.9967449903488141 6.9249274656176549 5.0270794332027426 3.9605691507458678 5.5930119901895505 3.7739690244197837 2.6050738990306854 1.900625944137573 13.612358734011652 62.252729631960385 4.6265995800495139 1.2319929823279379 16.616752319037921
leaf_count=16 12 71 54 35 16 36 23 5 4 29 114 15 5 45
internal_value=0.0352875 -0.00411935 0.0142833 0.0340989 0.0509897 -0.0030805 0.0570873 -0.00444716 -0.0272927 0.0598355 0.0615756 0.0647659 -0.0426909 0.0680514
internal_weight=146.024 41.6066 31.6099 23.4529 104.418 10.5821 93.8357 6.37904 6.92771 16.5252 87.4567 83.4961 8.15692 78.8695
internal_count=480 214 143 84 266 48 218 28 39 45 190 174 59 159
is_linear=0
shrinkage=0.05


Tree=15
num_leaves=15
num_cat=0
split_feature=114 39 85 152 15 49 140 75 166 183 104 174 76 82
split_gain=52.1598 27.0852 16.5526 16.4682 15.8339 12.3268 10.7549 9.13263 20.4932 10.0758 7.88105 6.71786 6.12567 5.56929
threshold=-0.003609460603064846 0.098076380665460747 -0.050891206227313905 0.044653990795412719 196734.00000000003 -511.99999999999994 0.061894324639749691 -0.062942745379055406 -0.0099088163210997397 -0.11003660581599793 -0.11136969530079514 0.033855570961473472 -0.14115252679286483 -0.11075117103468141
decision_type=2 2 2 2 2 2 2 2 2 2 2 2 2 2
left_child=3 2 4 5 -2 11 -5 8 -7 -9 -11 -1 -12 -14
right_child=1 -3 -4 6 -6 7 -8 9 -10 10 12 -13 13 -15
leaf_value=-0.062487269697464834 -0.060714245527980062 0.062527381239174326 -0.06015076082358381 -0.048997863562956406 0.069289414607935459 0.067177124261981733 0.074568915779870626 -0.066948299930256916 -0.064515335413054639 -0.073402146387229819 -0.080725134007827257 0.058406776553925094 -0.068755222878533126 0.074580263991708085
leaf_weight=3.2147057354450217 3.8795155808329564 8.7947905808687192 22.427847862243652 6.3046463355422002 5.9104594886302948 8.7877498716115934 2.4433933645486832 1.3631373643875111 4.4500830173492423 0.94393002986907859 0.65124000608920951 1.7883661165833471 0.68388626724481483 74.825622566044331
leaf_count=22 28 18 170 34 15 20 4 8 28 5 3 4 4 125
internal_value=0.0326029 -0.0152428 -0.0364724 0.0512103 0.0177723 0.0571529 -0.0144847 0.0613224 0.0229069 0.0678033 0.0701856 -0.0192733 0.0719652 0.0732821
internal_weight=146.469 41.0126 32.2178 105.457 9.78998 96.7087 8.74804 91.7056 13.2378 78.4678 77.1047 5.00307 76.1607 75.5095
internal_count=488 231 213 257 43 219 38 193 48 145 137 26 132 129
is_linear=0
shrinkage=0.05


Tree=16
num_leaves=15
num_cat=0
split_feature=114 37 24 75 162 80 120 104 29 126 98 186 153 157
split_gain=45.9907 21.1235 16.6503 11.3667 13.4863 10.5767 8.26013 7.50201 6.64674 9.65518 12.6415 5.89955 5.44562 4.76045
threshold=-0.003609460603064846 0.68497623636730931 -94999.999999999985 -0.062942745379055406 0.020933645306995204 -0.0032074539610099872 1.0000000180025095e-35 -0.070227085995774971 3.5000000000000004 0.028233507901033916 0.056138553317240554 -0.06697611439941227 0.15860017733861434 -0.021212259059191104
decision_type=2 2 2 2 2 2 2 2 2 2 2 2 2 2
left_child=3 2 -2 4 6 -3 -1 11 12 13 -11 -5 -9 -10
right_child=1 5 -4 7 -6 -7 -8 8 9 10 -12 -13 -14 -15
leaf_value=0.074749389183301818 0.080913618844573612 0.0684979841257123 -0.055133367592559837 0.059544929969172725 -0.062835506097659324 -0.031491507379223974 -0.024539756127354127 -0.094089255865785773 0.074496694984510115 -0.07446350104137045 0.057833633997833526 -0.038844503626415616 0.072533057950616639 0.022592079871375056
leaf_weight=6.3317286819219571 2.4974041432142249 8.6709875613450986 22.607882946729664 2.6745108664035797 4.5520715564489356 3.8054146915674201 3.1302920207381248 0.49502761662006278 14.083483576774601 3.6491101607680312 3.5743550658226013 3.5404004380106917 52.081383988261223 6.436359480023385
leaf_count=13 4 21 169 6 31 23 16 2 24 19 7 18 91 20
internal_value=0.032017 -0.0151741 -0.0415998 0.0496555 0.00788096 0.0380003 0.0419019 0.0564208 0.0605159 0.0407153 -0.0089995 0.00349618 0.0709642 0.058216
internal_weight=138.13 37.5817 25.1053 100.549 14.0141 12.4764 9.46202 86.5346 80.3197 27.7433 7.22347 6.21491 52.5764 20.5198
internal_count=464 217 173 247 60 44 29 187 163 70 26 24 93 44
is_linear=0
shrinkage=0.05


Tree=17
num_leaves=15
num_cat=0
split_feature=114 50 152 143 112 20 9 185 107 131 158 147 183 40
split_gain=40.8215 20.1669 12.9569 11.1769 9.83711 9.31401 14.3243 12.2412 8.976 7.71508 6.72328 5.86116 5.65216 4.60791
threshold=-0.003609460603064846 0.025536898612738088 0.044653990795412719 -0.0012026241146029396 -0.067523208397507375 8700.5000000000018 41104.500000000007 -0.04623666407941518 -0.046863046564073037 0.02720367754619853 -0.1484753212152666 0.03393344040169758 -0.090607882976200552 0.14344578077104617
decision_type=2 2 2 2 2 2 2 2 2 2 2 2 2 10
left_child=2 4 5 -3 -2 6 7 11 -4 -8 -7 -1 -12 -6
right_child=1 3 8 -5 13 10 9 -9 -10 -11 12 -13 -14 -15
leaf_value=-0.069592198443864217 0.034976459294454136 -0.032965323320843051 0.049441311327921587 0.067764416707395303 -0.059290841511397518 -0.072847690836196966 -0.068495469001312315 0.063241906018412369 -0.065279997489035069 0.05297635309265103 -0.070997892555645731 0.038087393328057738 0.070130594245400649 0.0029759611030506115
leaf_weight=2.8589464128017452 4.0320406332612064 3.8951263949275026 2.9191545248031616 9.3991990908980334 19.349830262362961 0.85811548680066962 4.642719402909278 23.675142891705036 4.0995085239410392 1.8194214552640913 0.71914938092231651 2.2648772895336151 52.629583477973938 3.5101828873157492
leaf_count=16 16 23 7 23 158 5 27 51 26 4 4 6 92 13
internal_value=0.0302164 -0.0121252 0.0478515 0.0382514 -0.0370293 0.0529834 0.032981 0.0480769 -0.0175659 -0.034295 0.0659949 -0.0219947 0.0682282 -0.0497297
internal_weight=136.673 40.1864 96.4866 13.2943 26.8921 89.468 35.2611 28.799 7.01866 6.46214 54.2068 5.12382 53.3487 22.86
internal_count=471 233 238 46 187 205 104 73 33 31 101 22 96 171
is_linear=0
shrinkage=0.05


Tree=18
num_leaves=15
num_cat=0
split_feature=114 43 38 40 33 114 144 115 19 0 165 57 89 177
split_gain=37.5179 19.5262 12.4523 12.2955 14.0425 15.2449 14.3974 11.2814 9.04633 8.11352 9.60329 10.7299 5.53035 4.84684
threshold=-0.003609460603064846 0.54947240488751004 0.13355516529486508 0.061787671533179003 4.5000000000000009 -0.14052745957977295 0.014430739229938766 -0.045658361739222657 386542.00000000006 1046.5000000000002 0.015702946512212063 -1.4999999999999998 -0.055364472350400283 -0.038041707367936904
decision_type=2 2 2 8 2 2 2 2 2 2 2 2 2 2
left_child=3 2 7 4 5 12 -7 -2 -3 10 11 -5 -1 -8
right_child=1 8 -4 9 -6 6 13 -9 -10 -11 -12 -13 -14 -15
leaf_value=-0.066164854753455113 0.045041737042219476 -0.05323495559845616 0.074705632619898141 0.059358265149129535 -0.064001356343662483 -0.063335097600493037 0.076240811219909513 -0.059761577917820746 0.063551992839519733 0.070858769641998942 0.064230904582952567 -0.052211477424919508 0.074565423903676417 -0.0021879356112556357
leaf_weight=0.73205734789371568 4.9956434220075616 19.361419908702377 7.8828923776745787 3.6818456202745438 4.1246532201766959 5.8625444620847702 4.2647222876548767 5.2834151834249505 1.8134578987956036 46.701568447053432 10.81304410099983 5.1964790970087069 15.049482919275759 3.6609481275081635
leaf_count=4 18 153 15 7 27 39 8 42 4 77 20 23 26 16
internal_value=0.0307642 -0.0106082 0.027429 0.0470245 0.0224246 0.03448 -0.00392863 -0.00882695 -0.0432331 0.059509 0.0325911 -0.00594345 0.0680374 0.0400138
internal_weight=139.424 39.3368 18.162 100.087 33.6944 29.5698 13.7882 10.2791 21.1749 66.3929 19.6914 8.87832 15.7815 7.92567
internal_count=479 232 75 247 120 93 63 60 157 127 50 30 30 24
is_linear=0
shrinkage=0.05


Tree=19
num_leaves=15
num_cat=0
split_feature=114 39 80 75 21 124 130 38 104 101 159 0 114 86
split_gain=41.1943 18.947 12.844 12.2169 17.0572 9.32067 10.6397 7.89751 8.56837 6.11629 6.11409 5.46736 8.708 11.6262
threshold=-0.023132193997342981 0.098076380665460747 -0.11107878955424681 -0.062942745379055406 5500.0000000000009 -0.072615563130490959 0.05795975799820715 0.02461348286250965 -0.11136969530079514 -0.098125399363764479 -0.19896679277243939 1004.0000000000001 -0.1166517495135541 -0.028791634245865644
decision_type=2 2 2 2 2 2 2 2 2 2 2 2 2 2
left_child=3 2 -2 4 -1 6 -4 -5 -9 -10 -11 12 -12 -14
right_child=1 -3 5 7 -6 -7 -8 8 9 10 11 -13 13 -15
leaf_value=-0.048091813054966265 0.062284383360893404 0.059209393131212908 -0.057709192764079903 -0.025558221071466453 0.062048790555256673 -0.058813931154600797 0.096993314204737571 -0.0715793261208552 -0.070354886599184693 -0.075078989604238727 0.063876016518343182 0.0691373511749757 0.047020383262892658 -0.072192248724038788
leaf_weight=7.6232750266790372 3.0991431698203113 6.7009698450565329 2.1949937269091633 3.0946147069334975 6.5231960117816925 21.785709209740162 2.2513700723648071 1.2993252798914898 0.91983063519000907 0.83744700253009696 14.491652816534044 56.272058971226215 5.221569150686264 3.3620394319295865
leaf_count=46 9 14 20 17 14 185 3 7 5 4 25 94 12 17
internal_value=0.0291693 -0.0166467 -0.0339767 0.0457367 0.00269603 -0.0453493 0.0206228 0.0528581 0.055803 0.0578437 0.0593143 0.0607327 0.0402369 0.000327018
internal_weight=135.677 36.0322 29.3312 99.645 14.1465 26.2321 4.44636 85.4985 82.4039 81.1046 80.1848 79.3473 23.0753 8.58361
internal_count=472 231 217 241 60 208 23 181 164 157 152 148 54 29
is_linear=0
shrinkage=0.05


Tree=20
num_leaves=15
num_cat=0
split_feature=114 20 115 64 75 75 104 130 81 38 81 63 18 51
split_gain=33.7433 20.994 18.9396 12.9685 9.97565 9.686 8.81869 7.98215 7.43921 7.2428 6.541 6.41402 6.07653 10.2272
threshold=-0.1166517495135541 2786.0000000000005 -0.0055182132167560455 8.5000000000000018 -0.055017078465708462 0.34213180103382895 -0.070227085995774971 -0.063680018306982292 0.15852376535230422 0.055955659078140457 -0.11713447660748906 672.50000000000011 9899.5000000000018 -0.014024114375980548
decision_type=2 2 2 2 2 2 2 2 2 2 2 2 8 2
left_child=6 -2 3 9 -5 8 -1 -6 -4 -3 -8 -12 13 -9
right_child=1 2 5 4 7 -7 10 12 -10 -11 11 -13 -14 -15
leaf_value=-0.063444578897835682 -0.059838065942977005 0.042345813382272002 -0.060874462716773138 -0.033205310235692974 -0.030274938707814315 0.0864570124329999 -0.067155676187965738 0.064019521109410046 0.038001305464695184 -0.063727123024196017 -0.07018609689839328 0.05993542109253655 0.077979827288298678 -0.031156794422759804
leaf_weight=1.6028149425983418 11.710154019296168 2.3579755350947371 12.343151576817037 3.9022029414772978 2.7455759719014123 1.5336606502532948 1.0679617822170246 8.537347309291361 2.2489433810114852 5.0685529112815857 0.96331407129764457 56.088166244328022 17.412154130637646 4.2165654450655063
leaf_count=10 101 10 97 26 15 2 6 18 7 36 5 105 30 24
internal_value=0.0244596 0.00143032 0.0133155 0.0302242 0.042383 -0.0330728 0.0522527 0.0513453 -0.0456357 -0.0300482 0.0554434 0.0577383 0.058774 0.0325533
internal_weight=131.799 72.0763 60.3661 44.2404 36.8138 16.1258 59.7223 32.9116 14.5921 7.42653 58.1194 57.0515 30.1661 12.7539
internal_count=492 366 265 159 113 106 126 87 104 46 116 110 72 42
is_linear=0
shrinkage=0.05


Tree=21
num_leaves=15
num_cat=0
split_feature=114 38 75 17 75 166 38 88 148 82 183 77 100 18
split_gain=31.6109 20.7735 16.3627 12.71 9.77793 11.704 8.61526 6.79862 6.18673 9.76536 5.92228 5.01336 5.40817 6.54867
threshold=-0.05063462093775218 0.072285141536375205 -0.032058663686279042 2580.0000000000005 -0.062942745379055406 -0.014432830246993898 0.012295322543403002 -0.061641293849120989 -0.0057228234928915237 -0.0089792247173039793 -0.11003660581599793 -0.098134976803024895 -0.048534809360053693 19084.000000000004
decision_type=2 2 2 10 2 2 2 2 2 2 2 2 2 10
left_child=4 -2 -3 -4 5 -1 -6 -5 9 -9 -8 -12 13 -13
right_child=1 2 3 7 6 -7 10 8 -10 -11 11 12 -14 -15
leaf_value=0.04417764977874556 -0.058259000078442813 -0.046203848345842548 -0.060801984590585806 -0.059435460329103407 -0.063702246488831396 -0.06298989832736164 -0.067845538988684548 0.065960377412336887 0.071386506604077443 -0.062810705134630648 -0.070324849894643326 -0.019860453268465764 0.064515809672862495 0.072819804710136202
leaf_weight=6.4757262617349625 13.197807013988493 8.1510076746344549 3.0556925907731083 1.3897141069173837 1.5353840813040722 4.2001468390226346 0.95069634914398093 3.4962587952613831 15.506740704178807 2.5432578399777457 0.75448706746101279 4.4192561507224957 58.327505469322212 3.3514077067375183
leaf_count=17 121 67 25 11 10 28 5 7 32 17 4 17 100 5
internal_value=0.0273992 -0.00498615 0.0156064 0.0349902 0.0465599 0.00201534 0.0534183 0.0477523 0.0546658 0.0117345 0.0560705 0.0578327 0.0592955 0.0201116
internal_weight=127.355 47.3405 34.1427 25.9917 80.0146 10.6759 69.3387 22.936 21.5463 6.03952 67.8034 66.8527 66.0982 7.77066
internal_count=466 280 159 92 186 45 141 67 56 24 131 126 122 22
is_linear=0
shrinkage=0.05


Tree=22
num_leaves=15
num_cat=1
split_feature=114 1 41 29 45 43 186 42 152 45 75 173 179 122
split_gain=22.7988 19.8944 14.2523 11.7172 9.0527 9.36849 8.83114 7.37328 6.62819 5.79477 4.65926 4.77063 4.07371 3.90168
threshold=-0.05063462093775218 0 0.23735939316353782 3.5000000000000004 0.093708613172023308 1.4255714206934949 0.054761142110841231 0.50085269393664189 -0.095190728218751755 0.1301143652261296 -0.09446683430252413 -0.14149369920686103 -0.06769477507877443 -0.029165018110572389
decision_type=2 9 8 2 2 2 2 2 2 2 2 2 2 2
left_child=4 3 -3 13 8 9 -7 -4 -1 -6 -10 -12 -13 -2
right_child=1 2 7 -5 5 6 -8 -9 10 -11 11 12 -14 -15
leaf_value=-0.076289637634520874 0.011739509623493495 -0.054364082430210348 0.057786342450695666 -0.032924421580080798 -0.021182707546034667 -0.064773001576080971 0.043510251513686822 -0.036266601157654045 -0.063008933750276788 0.049848718264801056 -0.096555383219650126 0.00034155519978248082 0.063502721957922295 0.076756324213400839
leaf_weight=0.95508271455764671 2.8157670348882684 21.045368380844593 5.3930035531520861 3.7967725172638884 3.4757784977555337 5.2580669745802862 2.9333833828568459 3.395966149866581 0.80074046552181144 16.50929844379425 0.49087592959403892 2.6989887207746497 47.156994596123695 12.783160604536533
leaf_count=5 14 188 13 27 14 32 8 18 5 38 2 8 83 27
internal_value=0.0254407 -0.00134862 -0.0239901 0.0302506 0.0418689 0.0190369 -0.0259964 0.0214453 0.0542161 0.037495 0.0566531 0.0585562 0.0600834 0.0650201
internal_weight=129.509 49.23 29.8343 19.3957 80.2792 28.1765 8.19145 8.78897 52.1027 19.9851 51.1476 50.3469 49.856 15.5989
internal_count=482 287 219 68 195 92 40 31 103 52 98 93 91 41
cat_boundaries=0 1
cat_threshold=8659073
is_linear=0
shrinkage=0.05


Tree=23
num_leaves=15
num_cat=0
split_feature=114 171 120 40 6 180 106 82 81 45 155 56 81 176
split_gain=21.7451 15.7211 14.5201 15.6529 9.06506 7.53017 6.54382 5.90867 9.05988 5.73309 9.20192 5.46791 7.66344 5.34935
threshold=-0.11309910839970407 -0.048144498134009318 0.0051208305745940701 0.070023776146934322 1.0000000180025095e-35 0.010823091866423046 -0.055046523563048115 -0.093099997735885162 -0.096450910578085997 0.18919053437849329 0.039619301627886822 3.5000000000000004 -0.051812373850871972 0.11208239518733223
decision_type=2 2 2 8 10 2 2 2 2 2 2 2 2 2
left_child=7 4 3 13 6 -5 -2 -1 -9 -10 -11 -8 -13 -3
right_child=1 2 -4 5 -6 -7 11 8 9 10 -12 12 -14 -15
leaf_value=-0.03164362459931238 -0.062010752671308414 -0.058988490780736938 -0.054073399997847188 0.05214102864805073 -0.036075781407260671 -0.022217525108916964 0.068588587320358871 -0.07013200426891085 0.060330346665928285 0.0508254753628175 -0.065437042134119952 0.068425880165286862 -0.058415486288662326 0.038470161173474349
leaf_weight=2.2862618416547766 1.2684583738446296 8.4000915437936801 14.248350672423838 14.368453040719034 3.7083814293146125 4.4620539471507064 16.428941495716575 1.5181839317083348 46.88366487622261 5.4139935225248328 2.4822196215391159 2.4910299777984619 2.2814114689826956 1.6915162280201901
leaf_count=9 11 78 117 39 24 23 34 8 84 13 15 6 21 6
internal_value=0.0247252 0.00577856 -0.0127597 0.0075933 0.03635 0.0345211 0.048303 0.047153 0.050353 0.0536921 0.0142777 0.054903 0.0077908 -0.0426528
internal_weight=127.933 69.3487 43.1705 28.9221 26.1782 18.8305 22.4698 58.5843 56.2981 54.7799 7.89621 21.2014 4.77244 10.0916
internal_count=488 359 263 146 96 62 72 129 120 112 28 61 27 84
is_linear=0
shrinkage=0.05


Tree=24
num_leaves=15
num_cat=0
split_feature=114 40 116 143 180 0 41 192 75 140 38 104 93 101
split_gain=22.1034 20.0293 12.8687 11.1313 11.0864 15.8423 9.7943 8.94927 8.57607 8.14611 6.57485 5.08153 4.23949 4.23215
threshold=-0.11131523216036078 0.070263742349023592 0.045705837100081727 0.014023662323024688 -0.049890035094295772 2459.5000000000005 0.37366628363844634 0.1306189960967564 -0.062942745379055406 0.073180153391730993 0.02461348286250965 -0.10622628869904911 -0.11737140867562071 -0.09520966647619343
decision_type=2 10 2 2 2 2 8 2 2 2 2 2 2 2
left_child=8 2 -2 -4 -3 6 7 -6 9 -1 -10 -12 -13 -14
right_child=1 4 3 -5 5 -7 -8 -9 10 -11 11 12 13 -15
leaf_value=-0.065464898582652309 -0.058378971878407293 0.064675773418906013 -0.041050792347037603 0.057063356605285089 -0.063780498273583869 0.053021960441573972 0.045378326574787679 0.060014664330896195 -0.063690444628106732 0.054713212753325371 -0.071408188888136423 -0.071124346224274396 -0.074183542471749839 0.062581635666622545
leaf_weight=3.0633556172251692 15.051457971334459 13.609677515923975 5.3817277103662473 6.245794877409935 10.147804096341135 11.931259296834467 3.8996767327189437 1.7052065506577481 1.1476962566375721 2.6126935705542564 0.7547198235988607 0.61507749557495017 0.57238994538783927 48.061640992760658
leaf_count=18 146 27 43 19 72 32 10 4 7 6 4 3 3 84
internal_value=0.0251496 0.00590965 -0.0278574 0.0116518 0.0277259 0.00956095 -0.0233569 -0.045971 0.0481629 -0.0101467 0.0546333 0.0573491 0.0593222 0.060972
internal_weight=124.8 67.9726 26.679 11.6275 41.2936 27.6839 15.7527 11.853 56.8276 5.67605 51.1515 50.0038 49.2491 48.634
internal_count=478 353 208 62 145 118 86 76 125 24 101 94 90 87
is_linear=0
shrinkage=0.05


Tree=25
num_leaves=15
num_cat=0
split_feature=114 39 20 118 54 40 90 178 141 101 76 192 131 41
split_gain=27.243 19.7131 9.85662 12.507 13.4331 7.90256 7.3372 6.35484 7.86884 4.96153 3.62671 3.78349 5.52945 7.79187
threshold=-0.003609460603064846 0.086115534942803038 8700.5000000000018 -0.042549494457373625 20.500000000000004 0.061926274481413163 0.088973520918262924 -0.080357181407971587 0.052607726421704956 -0.098125399363764479 -0.14115252679286483 -0.017712316774740038 0.016250999777656053 0.22626222987042319
decision_type=2 2 2 2 2 10 2 2 2 2 2 2 2 10
left_child=2 7 3 -1 5 -5 9 8 -2 -4 -11 12 13 -12
right_child=1 -3 6 4 -6 -7 -8 -9 -10 10 11 -13 -14 -15
leaf_value=0.054166911777094817 -0.057142667272971875 0.045787079666579224 -0.068297230430149777 -0.031076663487774072 -0.056058057410793116 0.060330316062779277 -0.011656274170627862 -0.056964160411734646 0.071686794228149928 -0.077718142764928111 -0.067408088070490549 0.066514437761641496 0.059712601075975091 0.056551436391404745
leaf_weight=11.827914088964464 2.3359282016754213 8.6278434321284276 0.81000766158103843 3.6756424084305781 8.9298287332057935 6.6290343850851059 4.5787745416164389 17.658179074525833 2.4062288030982018 0.49856889992952247 2.5546325892209998 35.250360891222954 8.7584959268569929 2.516518160700798
leaf_count=29 23 22 5 22 57 13 17 183 5 3 16 62 17 5
internal_value=0.0217353 -0.0184292 0.0362214 0.0137078 -0.0111718 0.0277258 0.048944 -0.0431632 0.00822699 0.0544507 0.0564561 0.0578191 0.0356555 -0.00589416
internal_weight=117.058 31.0282 86.0298 31.0624 19.2345 10.3047 54.9674 22.4003 4.74216 50.3886 49.5786 49.08 13.8296 5.07115
internal_count=479 233 246 121 92 35 125 211 28 108 103 100 38 21
is_linear=0
shrinkage=0.05


Tree=26
num_leaves=15
num_cat=0
split_feature=71 44 165 23 39 121 99 184 33 173 57 81 123 124
split_gain=18.139 9.93792 11.9413 9.11858 9.07286 10.103 9.65152 7.88759 5.23584 7.59094 4.91943 3.51912 6.37862 5.89691
threshold=3.6124661246612471 761.50000000000011 -0.032010873296085422 -20930.499999999996 0.038699862200133363 0.0021298532998182793 -0.0051959811805381085 -0.055459693214628257 4.5000000000000009 0.0092307585854978936 -1.4999999999999998 -0.018285231784136741 -0.030325814599191165 0.068112434412342993
decision_type=10 2 2 2 2 2 2 2 2 2 2 2 2 2
left_child=1 7 3 -3 5 6 -4 -1 -9 -10 -5 12 -6 -14
right_child=-2 2 4 10 11 -7 -8 8 9 -11 -12 -13 13 -15
leaf_value=-0.034365098190515524 -0.060202529137011622 0.031141740507350107 -0.059112971887168214 0.0051767941104882975 0.072222550697018717 -0.059705706236103787 0.051007459292195245 0.058607316016627109 -0.06841709433735664 0.051785686690653226 -0.065126098007574892 0.058344651644619196 -0.064446491451900373 0.053394473693466164
leaf_weight=2.79565805196762 5.8717811256647101 6.2675537243485477 2.5606290474534026 3.5875447764992723 3.2561774849891663 4.8339907675981513 8.9249714687466639 39.498314637690783 2.0926439911127082 3.5273164808750153 8.1212808154523337 20.860330555588007 2.7915896922349956 1.7131148800253866
leaf_count=16 56 20 24 18 5 42 29 93 12 9 63 50 19 5
internal_value=0.0254384 0.0299756 0.0169099 -0.0175315 0.0306865 0.000934882 0.0264569 0.0471326 0.0521824 0.00702708 -0.0435855 0.0476507 0.0189066 -0.0196322
internal_weight=116.703 110.831 62.9172 17.9764 44.9408 16.3196 11.4856 47.9139 45.1183 5.61996 11.7088 28.6212 7.76088 4.5047
internal_count=461 405 275 101 174 95 53 130 114 21 81 79 29 24
is_linear=0
shrinkage=0.05


Tree=27
num_leaves=15
num_cat=0
split_feature=114 180 75 41 133 37 186 192 103 191 114 152 80 166
split_gain=21.0629 14.9074 10.3497 9.43492 10.495 9.45678 7.19858 5.79294 10.0305 5.04604 9.4572 4.70681 4.29266 4.09369
threshold=-0.003609460603064846 -0.057474691212236348 -0.017265405077135049 0.071087849536872444 0.042444970668880221 0.3341677632144362 -0.094134972014654081 -0.012450474875361767 -0.016181095692216502 -0.047817076426139124 -0.1496040705659045 -0.095190728218751755 -0.074284165347640749 -0.19095823943380322
decision_type=2 2 2 8 2 2 2 2 2 2 2 2 2 2
left_child=3 2 -2 4 5 -1 -3 8 -7 10 -5 -11 -8 -13
right_child=1 6 -4 9 -6 7 12 -9 -10 11 -12 13 -14 -15
leaf_value=-0.060405780614957688 -0.059265449748784574 0.031325764715669238 0.063506224465278288 0.059488164938390181 -0.070815954440932624 0.060917292471247692 0.0061648250928466033 0.054251282970778816 -0.06360774316345609 -0.078950208827991974 -0.034650845715384848 -0.088798682345452781 -0.058099408355999908 0.057589421092188564
leaf_weight=2.9279066510498586 2.1656872779130927 3.4805261828005341 8.278352525085209 5.8320436477661133 3.3781637027859679 3.1417367085814476 3.1344918683171299 13.644684448838227 3.3324893862009128 0.65387563407421012 4.9172589406371099 0.48244470357894798 15.197145480662583 47.33402919024229
leaf_count=23 23 17 22 11 21 7 18 36 23 3 24 2 149 94
internal_value=0.0233618 -0.0110743 0.0380482 0.0363314 0.0114878 0.0235518 -0.034595 0.0357701 -0.00317969 0.0474171 0.0164244 0.0542904 -0.047111 0.0561124
internal_weight=117.901 32.2562 10.444 85.6446 26.425 23.0468 21.8122 20.1189 6.47423 59.2197 10.7493 48.4703 18.3316 47.8165
internal_count=473 229 45 244 110 89 184 66 30 134 35 99 167 96
is_linear=0
shrinkage=0.05


Tree=28
num_leaves=15
num_cat=0
split_feature=114 19 45 32 80 4 115 102 104 145 63 146 50 82
split_gain=20.6314 18.1816 11.4309 10.6378 7.4849 8.70317 7.0778 6.86705 6.27215 4.98362 4.92673 4.80192 3.97849 4.16879
threshold=-0.11280470479628284 5720.5000000000009 0.044764651221313921 1.5000000000000002 -0.064339909027316358 72.500000000000014 -0.0043909932913551381 0.056088927440302208 -0.070227085995774971 -0.086732847455400455 672.50000000000011 0.050740131392794208 0.0036865520530326196 -0.11075117103468141
decision_type=2 2 2 8 2 10 2 2 2 2 2 2 2 2
left_child=8 3 6 11 -4 -6 -3 -8 -1 -10 -11 -2 -12 -14
right_child=1 2 4 -5 5 -7 7 -9 9 10 12 -13 13 -15
leaf_value=-0.034133403002219058 -0.020832183308675714 0.059102967728722568 0.037685524979278247 -0.054394070630291606 -0.059951091165724051 0.070683517384491801 -0.061129504835655504 0.054195870308785678 -0.077186242669355129 -0.068766906046275528 -0.02564977982718078 0.080559747015135075 -0.068960453594584165 0.052664379632236746
leaf_weight=2.6493135541677466 2.3083347380161312 16.809492453932766 4.6909421905875197 17.641786064952612 8.0916802883148176 1.513438656926154 2.7856248021125785 2.4054401367902756 0.82699251174926658 0.91161499917507072 1.751439295709132 2.3632888495922089 0.71444430947303672 50.823774918913841
leaf_count=14 17 38 18 172 73 3 22 5 4 5 9 4 4 104
internal_value=0.0197817 -0.00111052 0.0207243 -0.0366287 -0.0140842 -0.0393675 0.0433431 -0.00768993 0.0410118 0.0446296 0.0464882 0.0304601 0.0484599 0.0509784
internal_weight=116.288 58.61 36.2966 22.3134 14.2961 9.60512 22.0006 5.19106 57.6776 55.0283 54.2013 4.67162 53.2897 51.5382
internal_count=492 352 159 193 94 76 65 27 140 126 122 21 117 108
is_linear=0
shrinkage=0.05


Tree=29
num_leaves=15
num_cat=0
split_feature=114 41 33 29 75 165 41 45 172 176 104 151 86 75
split_gain=17.6218 15.5918 9.60279 9.58974 8.64061 8.32247 7.57907 5.06702 9.88976 7.38534 5.34892 4.08025 3.65607 2.63454
threshold=-0.045026391918464963 0.1384253428350822 4.5000000000000009 1.5000000000000002 -0.0067600922292291163 -0.02118674659699513 0.19359247731481891 0.093708613172023308 0.013862293567644535 -0.13698395494848811 0.0076029434700049274 -0.020712681780774799 0.07680455620696798 -0.09446683430252413
decision_type=2 8 2 2 2 2 8 2 2 2 2 2 2 2
left_child=2 3 7 4 -2 -3 12 9 -9 -1 -10 -7 -4 -11
right_child=1 5 6 -5 -6 11 -8 8 10 13 -12 -13 -14 -15
leaf_value=-0.083910746159212651 -0.057348252233915764 -0.041941763643332047 -0.068843659242618524 -0.056681033792137549 0.05378447206195526 -0.0086790839600024861 0.045267230914316302 0.046998156606597834 -0.067783530157972088 -0.058329248743417772 0.027260367872038085 0.055836018462826667 0.01531861789300621 0.059578065303067175
leaf_weight=0.93718110024928947 2.7681847251951694 3.4541340768337276 4.2505902051925641 14.540863171219824 4.7507394552230862 3.0218869820237186 3.9985318817198277 14.238897010684015 3.625184290111064 0.47966977953910728 2.502008855342865 12.967692844569678 1.8528756797313688 38.493695676326752
leaf_count=4 31 24 25 166 16 15 10 37 23 4 8 31 7 72
internal_value=0.0216365 -0.00420353 0.0368748 -0.0329752 0.0128696 0.0284393 -0.00823998 0.0444358 0.0241421 0.0547916 -0.0289728 0.0436432 -0.0432939 0.0581269
internal_weight=111.882 41.5035 70.3786 22.0598 7.51892 19.4437 10.102 60.2766 20.3661 39.9105 6.12719 15.9896 6.10347 38.9734
internal_count=473 283 190 213 47 70 42 148 68 80 31 46 32 76
is_linear=0
shrinkage=0.05


Tree=30
num_leaves=15
num_cat=0
split_feature=96 45 78 100 143 161 97 64 135 75 167 81 41 106
split_gain=12.316 11.1174 8.84673 8.22877 9.01759 7.78229 7.30132 6.66206 6.88543 4.99588 4.69036 4.77296 4.54113 3.81342
threshold=0.038284536238762497 0.11908763925802694 0.022248583956829056 0.050941426754675855 -0.074832254631664236 0.013487816421049643 -0.0051513149983107116 13.500000000000002 -0.049624011657658375 -0.12353389838741997 0.099107127219055444 -0.096450910578085997 0.14802321417872655 -0.055046523563048115
decision_type=2 2 2 2 2 2 2 2 2 2 2 2 10 2
left_child=1 9 5 4 -3 -2 -5 8 -6 -1 11 -11 -12 -13
right_child=2 3 -4 6 7 -7 -8 -9 -10 10 12 13 -14 -15
leaf_value=-0.057657065314645845 0.033925108126492264 0.066309267861314039 -0.064144080047415022 -0.059222265744289904 0.027040651761852524 -0.061000231466718562 0.058528797980275826 0.051483496405704501 -0.061286231046531262 -0.026383749828319959 -0.063475968642386138 0.012743790999341566 0.045621577172411776 0.053723726948359543
leaf_weight=1.2689627557992924 8.4321174062788504 2.7960422746837166 6.3379453234374514 1.5642375461757172 2.7553333826363113 2.9023298881947985 8.31140039116144 2.1206912398338309 11.075032282620667 2.1835462339222422 1.9858557991683476 6.4199401661753646 1.8354128152132032 49.049254041165113
leaf_count=13 27 6 51 14 13 27 23 5 98 19 17 28 4 124
internal_value=0.021373 0.0287634 -0.0168355 0.00294038 -0.0165176 0.00961826 0.0398778 -0.0310362 -0.0436894 0.0405436 0.0425707 0.0461264 -0.0110748 0.0489808
internal_weight=109.038 91.3657 17.6724 28.6227 18.7471 11.3344 9.87564 15.9511 13.8304 62.743 61.474 57.6527 3.82127 55.4692
internal_count=469 364 105 159 122 54 37 116 111 205 192 171 21 152
is_linear=0
shrinkage=0.05


Tree=31
num_leaves=15
num_cat=0
split_feature=114 56 171 120 41 32 114 71 163 116 160 63 174 81
split_gain=19.282 11.3867 8.28249 7.87009 8.31691 6.84049 7.75812 6.75221 6.27599 9.78155 4.4446 4.36296 4.26859 4.19358
threshold=-0.027999467908098593 3.5000000000000004 -0.090739731144864139 0.0086828154956179824 0.081330991721050919 3.5000000000000004 -0.11517111741649895 1.4459459459459463 -0.017093223236557577 -0.063215816072056716 0.0045991434760837505 894.50000000000011 -0.1103731764174169 -0.0061364259866567962
decision_type=2 2 2 2 8 10 2 10 2 2 2 2 2 2
left_child=5 2 -2 4 -4 7 13 8 9 -1 -11 -9 -10 -7
right_child=1 -3 3 -5 -6 6 -8 11 12 10 -12 -13 -14 -15
leaf_value=-0.050278273271541142 0.070923790013651358 -0.0574437281505841 -0.055337896995594077 -0.057090655230450149 0.0376238252600496 0.052521269448435305 -0.068159736602909513 -0.06408657018959428 -0.059937839712919549 0.054035780237632274 -0.0052076685577453433 0.041121819086124924 0.059253269474878523 -0.0086603837207520594
leaf_weight=3.7121592089533832 4.2549378871917751 9.3853451125323755 3.1943169347941875 5.4184075072407714 9.7491078600287455 5.693173222243785 2.995711848139762 2.3950471878051749 0.76546211540698905 12.751387014985086 4.2114660739898673 1.6742840111255644 40.222656089812517 5.5129458457231513
leaf_count=21 9 104 43 59 33 13 18 17 6 30 20 5 81 20
internal_value=0.0216523 -0.0111449 0.00806781 -0.00649764 0.0146817 0.0347829 0.00331517 0.0415816 0.0456983 0.0232386 0.0393271 -0.0207997 0.0570273 0.0224224
internal_weight=111.936 32.0021 22.6168 18.3618 12.9434 79.9343 14.2018 65.7325 61.6631 20.675 16.9629 4.06933 40.9881 11.2061
internal_count=479 248 144 135 76 231 51 180 158 71 50 22 87 33
is_linear=0
shrinkage=0.05


Tree=32
num_leaves=15
num_cat=0
split_feature=114 39 5 123 171 75 12 50 53 180 100 88 102 82
split_gain=14.762 11.8522 8.49193 7.97336 7.11345 6.58308 7.81535 5.92073 8.56767 5.03621 8.68159 4.01436 3.6995 3.69409
threshold=-0.11131523216036078 0.038699862200133363 2.5000000000000004 -0.034261452322582639 -0.045635477517778328 -0.046416889731472684 270967.50000000006 0.0091778091991727463 -3.7441156245598624 -0.052535320279732518 0.032136712845173089 -0.003706149245034878 -0.065564907204085282 -0.11075117103468141
decision_type=2 2 8 2 2 2 2 2 2 2 2 2 2 2
left_child=7 3 -3 4 -2 6 -4 8 -1 -7 11 -11 -12 -9
right_child=1 2 5 -5 -6 9 -8 13 -10 10 12 -13 -14 -15
leaf_value=0.045273215191575233 0.055915023076274398 -0.060375842258004776 -0.059096059023768771 -0.056501009292806437 -0.039712255989204567 0.062701609700374125 0.076823722682755571 -0.067826418905286762 -0.068298927350870772 -0.0085129847834906278 0.028201429671714507 0.05621707542929566 -0.064158265961445193 0.048076610045109235
leaf_weight=3.8428901433944702 4.0065258033573627 3.079853653907775 4.0827675387263289 11.100962538272141 3.7789995409548309 10.85403633862734 1.4273446798324583 0.69813620299100776 2.9241522625088683 3.1317214518785503 1.5654825344681738 10.184751886874436 3.5268346294760695 45.029046759009361
leaf_count=10 11 28 42 133 35 22 2 4 18 18 6 23 25 102
internal_value=0.0207378 0.00305788 0.0191998 -0.0292941 0.0094987 0.0262478 -0.0238873 0.0398473 -0.00380321 0.0356881 0.0197607 0.0409941 -0.035765 0.0463071
internal_weight=109.234 56.7393 37.8528 18.8865 7.78553 34.7729 5.51011 52.4942 6.76704 29.2628 18.4088 13.3165 5.09232 45.7272
internal_count=479 345 166 179 46 138 44 134 28 94 72 41 31 106
is_linear=0
shrinkage=0.05


Tree=33
num_leaves=15
num_cat=0
split_feature=114 43 17 137 40 103 0 155 116 75 99 75 177 160
split_gain=15.0671 13.828 6.60411 8.09706 6.18854 8.52356 7.48122 8.71196 6.40859 5.77115 4.7959 6.10731 4.36418 4.30331
threshold=-0.030597337927730329 0.69091553836739494 7156.0000000000009 -0.041127172927263304 0.06876395106720358 0.044329478702439001 1046.5000000000002 -0.026386217725054149 -0.040106176484842895 -0.017265405077135049 0.0025030895847385735 0.029283794601422532 0.10712206624205677 0.067686218315888474
decision_type=2 2 10 2 8 2 2 2 2 2 2 2 2 2
left_child=4 2 3 -2 5 8 7 -6 13 -4 11 -10 -3 -1
right_child=1 12 9 -5 6 -7 -8 -9 10 -11 -12 -13 -14 -15
leaf_value=-0.062863283002311976 0.053356549437141992 -0.056745807535630258 -0.022215329083983937 -0.05773608614262106 0.038053287333019575 -0.063355221724315652 0.058573955078438725 -0.051674747303495895 -0.040856404879930766 0.064325787463326761 0.056462621421857775 0.058588812884535595 0.017910019832512513 0.038974695888850185
leaf_weight=3.0367227941751542 2.5987960994243631 11.983349993824957 2.4770819172263137 4.4466514363884944 10.223007962107657 3.1334439590573302 30.463300742208958 3.6786401718854895 3.5409984886646297 8.6663196943700296 11.965611509978769 2.7374751642346382 2.3397776149213305 1.5755544379353521
leaf_count=22 9 147 20 51 25 25 62 18 21 19 26 6 14 5
internal_value=0.0203454 -0.00780421 0.0211321 -0.0167583 0.0333537 0.013979 0.0447038 0.0143095 0.024581 0.0450884 0.037893 0.00250267 -0.0445503 -0.0280754
internal_weight=102.867 32.512 18.1888 7.04545 70.3548 25.9898 44.3649 13.9016 22.8564 11.1434 18.2441 6.27847 14.3231 4.61228
internal_count=470 260 99 60 210 105 105 43 80 39 53 27 161 27
is_linear=0
shrinkage=0.05


Tree=34
num_leaves=15
num_cat=0
split_feature=114 39 17 49 64 33 40 79 57 0 116 109 97 32
split_gain=13.8571 12.2811 9.93967 7.1846 6.57185 6.06596 6.99829 4.87606 4.16806 8.00857 3.8596 8.09623 2.76046 2.70322
threshold=-0.003609460603064846 0.098076380665460747 27526.500000000004 -621.99999999999989 8.5000000000000018 4.5000000000000009 0.063627995596520964 -0.088579744343593961 -1.0000000180025095e-35 1771.5000000000002 -0.098854758084849378 0.0081253031707147639 0.003610565632364783 3.5000000000000004
decision_type=2 2 10 2 2 2 8 2 2 2 2 2 2 10
left_child=3 2 -2 7 -4 10 -7 -1 -8 -10 11 -5 -6 -12
right_child=1 -3 4 5 12 6 8 -9 9 -11 13 -13 -14 -15
leaf_value=0.056021298351106676 -0.055094929766211588 0.04621006903637561 -0.058110397314434792 0.04601162719556301 0.0001297312324771074 -0.064069197662254565 0.054673552469174741 -0.059602399906595195 -0.068698889614879896 0.052528427387369118 0.053325707777167976 -0.065723102924320889 0.066426192389858599 0.021725203026220132
leaf_weight=1.2558411583304403 12.788326974958187 7.8196534737944594 2.3374174386262876 5.0063612051308146 2.6365963257849216 2.7806318812072259 5.6611508652567846 3.3287546634674063 2.658569723367691 2.7942769229412079 43.662893008440733 2.3976937308907509 3.8819206282496452 8.0089333429932577
leaf_count=3 177 19 23 14 16 20 14 29 15 6 104 17 10 26
internal_value=0.0216945 -0.00749562 -0.0268984 0.032784 0.0138184 0.0365986 0.0068732 -0.02793 0.0246224 -0.00657671 0.04359 0.00982799 0.0396107 0.0484278
internal_weight=107.019 29.4639 21.6443 77.5551 8.85593 72.9705 13.8946 4.5846 11.114 5.45285 59.0759 7.40405 6.51852 51.6718
internal_count=493 245 226 248 49 216 55 32 35 21 161 31 26 130
is_linear=0
shrinkage=0.05


Tree=35
num_leaves=15
num_cat=0
split_feature=114 45 0 44 21 106 94 128 77 33 40 76 146 146
split_gain=15.879 13.376 9.57231 7.84233 6.67656 5.86915 4.43026 3.93367 3.84111 4.25634 9.85586 3.50898 3.01197 5.36936
threshold=-0.11309910839970407 0.093708613172023308 1352.5000000000002 785696.50000000012 1650.0000000000002 -0.050809892713246395 -0.067718671692689372 0.02358882247448596 -0.098134976803024895 4.5000000000000009 0.078900428288029553 -0.10146797881866268 -0.031799534469601556 -0.062925329730497567
decision_type=2 2 2 2 2 2 2 2 2 2 8 2 2 2
left_child=8 2 4 -3 6 -4 -2 -6 -1 12 -11 -7 13 -10
right_child=1 3 5 -5 7 11 -8 -9 9 10 -12 -13 -14 -15
leaf_value=-0.069264169730741995 0.02759875484886011 -0.052613988680816348 -0.059096439864502137 0.04602752558185317 -0.028415909425660704 -0.023576391400284256 -0.060216044951893137 0.054185427606527996 0.058873551106661794 -0.065604239251549956 0.043377650997019374 0.051081465955725436 0.054424436085434846 -0.029766629315945443
leaf_weight=0.81559643149375816 1.8002558462321729 14.156026836484672 1.4670588113367582 2.3493629619479171 2.2360739484429351 1.7245028987526918 7.1035481393337259 4.0553028732538223 3.6907836049795151 2.9497328586876375 6.992217905819416 18.018907345831394 31.058101423084739 3.1808477640151933
leaf_count=5 9 158 15 8 15 11 72 11 8 19 17 52 68 14
internal_value=0.0177244 -0.00123712 0.0156902 -0.0385734 -0.014601 0.0373908 -0.0424608 0.0248274 0.0383309 0.040164 0.0110432 0.0445604 0.047797 0.0178424
internal_weight=101.598 52.911 36.4056 16.5054 15.1952 21.2105 8.9038 6.29138 48.6873 47.8717 9.94195 19.7434 37.9297 6.87163
internal_count=482 351 185 166 107 78 81 26 131 126 36 63 90 22
is_linear=0
shrinkage=0.05


Tree=36
num_leaves=15
num_cat=0
split_feature=114 17 75 82 50 54 112 32 7 142 192 192 12 181
split_gain=10.5907 11.7904 7.61488 6.81621 5.24386 5.9398 4.99308 4.41261 4.1682 3.85734 3.34126 3.25803 5.79005 8.10322
threshold=-0.045026391918464963 7156.0000000000009 -0.036054318263239619 -0.082259375142801933 0.017474386100225132 24.500000000000004 -0.075493991980597669 4.5000000000000009 2797.5000000000005 0.0030345341733075642 0.088121093753194921 0.0016846865149633861 215.00000000000003 -0.016178066835556983
decision_type=2 10 2 2 2 2 2 10 10 2 2 2 2 2
left_child=3 6 10 8 5 -4 -2 11 -1 -9 -3 12 -5 -14
right_child=1 2 4 7 -6 -7 -8 9 -10 -11 -12 -13 13 -15
leaf_value=0.031557085909802544 0.026921516103748974 -0.057079018033992991 -0.039968628860721354 0.051441071360683412 0.048475961052353841 0.063428467746664746 -0.055724197475574916 0.031553975869771621 -0.064492021606910102 -0.051745189499851685 0.054656610876966362 0.051726195760845063 0.038345648435531746 -0.053327870686534343
leaf_weight=1.8957403264939774 2.2232053913176051 3.9941524900496033 4.2617150805890587 10.754139587283136 14.19576448202133 2.0605543665587902 10.268880832940338 3.1694513112306586 2.7947279587388039 2.4750950336456299 0.80368990451097477 31.333036564290524 5.5191747024655342 4.2796757966279966
leaf_count=6 11 51 37 25 41 5 142 10 20 12 3 77 17 24
internal_value=0.0196039 -0.00126725 0.0183466 0.0322861 0.0316071 -0.00626944 -0.0410158 0.0370114 -0.025672 -0.00497214 -0.0383621 0.0415787 0.0261088 -0.00169302
internal_weight=100.029 37.808 25.3159 62.221 20.518 6.32227 12.4921 57.5306 4.69047 5.64455 4.79784 51.886 20.553 9.79885
internal_count=481 290 137 191 83 42 153 165 26 22 54 143 66 41
is_linear=0
shrinkage=0.05


Tree=37
num_leaves=15
num_cat=0
split_feature=38 75 120 114 52 114 180 38 27 190 145 24 148 140
split_gain=9.88898 10.9122 8.28084 6.41569 7.81623 5.93432 8.3264 7.44563 3.8216 3.72157 3.62849 3.41585 2.91927 2.75376
threshold=0.050529826411303456 -0.062942745379055406 -0.024544234192727919 -0.15441668947181128 -0.00015996767519059263 -0.003609460603064846 -0.05092600108526573 0.13355516529486508 2.5000000000000004 0.072185771125283391 -0.081921669099233985 -7499.9999999999991 -0.089194286518862409 0.025470811507741036
decision_type=2 2 2 2 2 2 2 2 2 2 2 2 2 2
left_child=3 2 11 8 -5 9 -7 -8 -1 10 -3 -2 -12 -9
right_child=1 5 -4 4 -6 6 7 13 -10 -11 12 -13 -14 -15
leaf_value=0.056446244979763596 0.055287269065380243 -0.077333938456904602 -0.05873657989664275 -0.060614900094594117 0.047950958316768606 0.053568734083595804 -0.056181043114163422 -0.0082922560890713922 -0.015120796419520681 -0.0034343811166662563 -0.065131330368988855 -0.025244929355862818 0.052093095936802891 0.062122425307391718
leaf_weight=3.8985590785741833 3.6338711231946945 0.56057145446538825 5.805991627275942 8.2025627754628658 2.0778371170163128 7.2291874289512661 5.5741636492311937 2.8857738561928272 3.5766872242093086 3.6471806205809107 0.53760683909058471 2.0649943165481091 43.897546328604221 2.6760580390691757
leaf_count=9 10 3 67 96 8 20 67 17 17 14 4 18 107 7
internal_value=0.0206552 0.028276 -0.0167102 -0.013043 -0.038672 0.0359998 0.0117837 -0.015342 0.0222035 0.0451426 0.0490801 0.0261063 0.0506748 0.0255875
internal_weight=96.2686 78.5129 11.5049 17.7556 10.2804 67.0081 18.3652 11.136 7.47525 48.6429 44.9957 5.69887 44.4352 5.56183
internal_count=464 334 95 130 104 239 111 91 26 128 114 28 111 24
is_linear=0
shrinkage=0.05


Tree=38
num_leaves=15
num_cat=0
split_feature=45 108 191 41 114 106 32 184 97 97 115 187 119 29
split_gain=10.8692 7.32916 7.78892 7.54202 5.87152 7.53811 7.05461 5.50414 4.76821 4.53532 4.19644 3.85722 3.04529 2.75243
threshold=0.093708613172023308 0.00297381109194517 -0.025084387888313207 0.078003152472083823 -0.11309910839970407 -0.055046523563048115 3.5000000000000004 -0.061869561024001041 -0.061578662280130557 0.10626109002309363 0.041241275882773126 -0.043544481551314775 -0.08301875359405235 3.5000000000000004
decision_type=2 2 2 8 2 2 10 2 2 2 2 2 2 2
left_child=4 9 -3 8 -1 -6 7 -7 -4 12 13 -12 -2 -9
right_child=1 2 3 -5 5 6 -8 10 -10 -11 11 -13 -14 -15
leaf_value=0.046546402822321885 0.026392245223808244 -0.049107386095829278 0.058736136939044364 0.05209566533662055 -0.058006626589005843 -0.061479367060295997 -0.042744414983257012 0.057637939335864488 -0.057930844173852684 0.050454519097122723 0.036868837110479245 -0.058097764849343619 -0.054872331053864909 0.01899685849831045
leaf_weight=30.053810946643353 1.3042641282081611 3.8906781151890781 1.2123827785253523 11.028363864868879 3.1044515855610362 1.486955963075167 3.5475251190364352 15.542358715087181 3.1545259654521915 1.3851067796349514 2.2705607116222382 2.0208944343030444 9.9291913919150829 6.5509055331349364
leaf_count=74 4 36 3 29 36 14 29 41 38 6 11 21 104 31
internal_value=0.0185915 -0.00528437 0.0141002 0.0300739 0.0303874 0.0163206 0.0236647 0.0321173 -0.0255406 -0.0349113 0.0373921 -0.007852 -0.0454371 0.0461804
internal_weight=96.482 31.9045 19.286 15.3953 64.5775 34.5237 31.4192 27.8717 4.36691 12.6186 26.3847 4.29146 11.2335 22.0933
internal_count=477 220 106 70 257 183 147 118 41 114 104 32 108 72
is_linear=0
shrinkage=0.05


Tree=39
num_leaves=15
num_cat=0
split_feature=114 40 146 49 33 14 144 38 173 111 32 172 128 71
split_gain=10.9352 11.5606 5.86495 5.71771 5.1916 6.36912 6.66893 4.15045 6.87303 3.32206 3.30516 7.12209 4.00981 2.89215
threshold=-0.003609460603064846 0.080010916881863584 -0.036128439020094556 -621.99999999999989 4.5000000000000009 265755.50000000006 0.071113839329260228 0.13355516529486508 -0.054327256696219718 -0.057493921722300091 4.5000000000000009 -0.045431814932403128 -0.076509639137682828 3.6124661246612471
decision_type=2 10 2 2 2 2 2 2 2 2 10 2 2 8
left_child=3 -2 -3 9 10 6 -6 8 -4 -1 12 -12 -5 -14
right_child=1 2 7 4 5 -7 -8 -9 -10 -11 11 -13 13 -15
leaf_value=0.040549837572432301 -0.054351005966212819 -0.060001713613585063 0.061329174750733129 -0.0079595656232232456 -0.049332059333378829 0.057218408775269937 0.045744048478133105 0.055707558099404267 -0.056342905136066983 -0.05835065508916433 0.054310230946182182 -0.055356543578685427 0.051225256328690884 0.0063318520158569857
leaf_weight=1.2191512137651441 8.9316602293401974 2.052610855549573 2.2505125924944869 3.5031511560082427 5.9733891673386079 3.86818679049611 2.6682712323963642 7.1876201070845127 2.7661355175077906 2.797211565077304 3.2466111779212952 2.7214485406875601 43.122416689991951 3.9130812846124163
leaf_count=4 150 19 6 15 36 10 8 19 33 27 8 14 113 19
internal_value=0.0201662 -0.00974749 0.0181957 0.029664 0.0330389 0.00389369 -0.0199756 0.0313476 -0.00355417 -0.0283298 0.0394913 0.00430194 0.0436468 0.0474904
internal_weight=96.2215 23.1885 14.2569 73.0329 69.0166 12.5098 8.64166 12.2043 5.01665 4.01636 56.5067 5.96806 50.5386 47.0355
internal_count=481 227 77 254 223 54 44 58 39 31 169 22 147 132
is_linear=0
shrinkage=0.05


Tree=40
num_leaves=15
num_cat=0
split_feature=75 45 124 66 91 162 18 79 141 101 128 105 184 83
split_gain=10.7889 5.52636 5.7273 6.09811 5.06611 5.11851 5.03101 7.06532 4.85068 4.4215 3.79625 7.15527 3.05788 2.13056
threshold=-0.055017078465708462 0.20837012104845809 0.049707407641775989 15.500000000000002 -0.10078714034324981 -0.065348002504575758 10861.000000000002 -0.06291998003841133 0.027339115303189155 -0.073415259581270056 0.021693078700276234 -0.022768520208056867 -0.099936410614216195 0.021544184527013684
decision_type=2 2 2 2 2 2 8 2 2 2 2 2 2 2
left_child=4 6 3 -3 -1 -6 7 8 -2 -9 13 -12 -7 -11
right_child=1 2 -4 -5 5 12 -8 9 -10 10 11 -13 -14 -15
leaf_value=0.042417710417191057 -0.070335142101179471 -0.059641113202926047 0.048309648008189675 0.068028639004075894 0.033457430031725924 0.017317390695206904 0.046783165328835835 -0.064317431665185526 0.036464443536999715 0.021128335197965819 0.047205764642993316 -0.065848988721636026 -0.053884343840077509 0.056743162173009537
leaf_weight=3.1777034476399448 3.2996117882430616 4.9163876138627511 3.0851132608950138 1.1550633013248441 2.7626484222710141 1.7946231029927737 36.535271074622869 1.1922459192574084 1.5685898736119268 6.2635837495327022 3.249021377414465 2.4586323983967295 9.439050434157247 12.741365432739256
leaf_count=13 25 53 11 2 13 10 110 10 7 39 13 18 113 34
internal_value=0.0212364 0.0292797 -0.00716434 -0.0353526 -0.0145753 -0.0275149 0.0342375 0.0193428 -0.0359231 0.0297287 0.0342659 -0.00149377 -0.0425096 0.0450054
internal_weight=93.6389 76.4649 9.15656 6.07145 17.174 13.9963 67.3083 30.7731 4.8682 25.9048 24.7126 5.70765 11.2337 19.0049
internal_count=471 322 66 55 149 136 256 146 32 114 104 31 123 73
is_linear=0
shrinkage=0.05


Tree=41
num_leaves=15
num_cat=0
split_feature=114 20 10 67 83 16 106 185 183 172 150 167 130 157
split_gain=7.76793 8.13495 8.71006 6.67794 6.66963 6.17795 4.48118 3.66409 3.63769 5.11328 4.74667 3.61286 5.45804 3.13836
threshold=-0.11309910839970407 8700.5000000000018 12583.000000000002 1.0000000180025095e-35 0.079434681145085437 15903.000000000002 -0.042738602898107707 -0.0080762010768808852 -0.00042335491901128659 0.012958604695965204 -0.0025517933700511886 0.044719006190523915 0.027214881113399755 0.020506691935995393
decision_type=2 2 2 2 2 2 2 2 2 2 2 2 2 2
left_child=8 2 5 4 -3 -2 -5 -7 9 13 -11 -8 -13 -1
right_child=1 3 -4 6 -6 7 11 -9 -10 10 -12 12 -14 -15
leaf_value=0.045850512709115034 -0.059674401525743881 -0.058534629642925044 -0.057630137344887582 -0.027800931771190775 0.037180553519153739 -0.023469746343343211 0.050713356104449596 0.056929819814827899 0.047472347823270464 0.018650501031384721 -0.078413522510589015 -0.059916640238480527 0.050058678187778732 -0.012766588169644634
leaf_weight=11.001153416931631 2.2894622497260588 4.6090296618640414 8.7308134753257018 2.7126421257853535 3.0077552050352097 1.9559719301760194 17.380789663642648 5.1436456553637981 23.232033312320709 2.8076549768447876 2.2843049541115752 2.0464308001101008 2.5143851414322853 2.8815857693552962
leaf_count=29 25 51 117 24 13 18 57 17 62 10 11 22 9 15
internal_value=0.0183828 0.00512906 -0.0216811 0.0201827 -0.0207381 0.0117475 0.032825 0.0347794 0.0342065 0.0179641 -0.0248934 0.0403202 0.000712929 0.0336836
internal_weight=92.5977 50.3909 18.1199 32.271 7.61678 9.38908 24.6542 7.09962 42.2067 18.9747 5.09196 21.9416 4.56082 13.8827
internal_count=480 353 177 176 64 60 112 35 127 65 21 88 31 44
is_linear=0
shrinkage=0.05


Tree=42
num_leaves=15
num_cat=0
split_feature=38 41 29 37 53 164 129 141 103 0 66 119 76 75
split_gain=8.30684 6.88989 8.16624 6.81501 6.33644 5.58552 5.68463 4.5955 4.55436 4.4621 5.51543 4.21589 3.79761 2.21046
threshold=0.050529826411303456 0.22626222987042319 3.5000000000000004 0.3341677632144362 -6.1752749083638774 -0.049948682762416124 0.020550277988795652 -0.037173274814471663 0.056290563549176796 831.00000000000011 12.500000000000002 -0.14704016010422327 -0.10938848488118831 -0.059912885588718698
decision_type=2 8 2 2 2 2 2 2 2 2 2 2 2 2
left_child=4 2 3 -2 -1 6 -4 12 -7 10 -5 -9 -6 -11
right_child=1 -3 5 9 7 8 -8 11 -10 13 -12 -13 -14 -15
leaf_value=0.060932105857664322 -0.040166704135480721 0.048342895186641886 -0.057122425314704663 -0.045404277441401686 0.057175089260933787 -0.064748530719583836 0.050571655731164823 0.072793131513241668 0.018959457612737249 0.0069280126928669764 0.046788903761256474 -0.056714414138071573 -0.035173813680173284 0.050368984437014631
leaf_weight=2.3452169299125698 3.3686260543763629 21.113244336098433 1.7176828645169724 3.455657102167609 2.3777900263667107 6.3390134125947935 4.2750175893306732 0.67646998167038042 2.1850302256643772 3.3950021285563734 3.0577139928936958 8.8441894464194721 2.0932544022798547 21.304951418191195
leaf_count=6 35 62 22 34 7 58 13 1 11 30 8 101 18 63
internal_value=0.0169857 0.0244577 0.0141867 0.0273983 -0.015127 -0.0172861 0.0197034 -0.0278757 -0.0432911 0.0346901 -0.00212402 -0.0475125 0.0139392 0.044398
internal_weight=86.5489 70.2119 49.0987 34.582 16.3369 14.5167 5.9927 13.9917 8.52404 31.2133 6.51337 9.52066 4.47104 24.7
internal_count=469 336 274 170 133 104 35 127 69 135 42 102 25 93
is_linear=0
shrinkage=0.05


Tree=43
num_leaves=15
num_cat=0
split_feature=114 67 32 20 106 102 95 140 165 85 167 140 151 153
split_gain=9.11139 8.64274 7.1766 6.57056 4.93253 4.72393 3.07152 4.45899 3.05322 3.5633 2.85604 4.00204 2.83846 2.74629
threshold=-0.1212447418829067 1.0000000180025095e-35 1.5000000000000002 8700.5000000000018 -0.042738602898107707 -0.031113769291442838 -0.027787149704777785 -0.0057222059172098863 -0.0400243210819788 0.043743390806663375 0.044719006190523915 0.038413396821268202 0.0018896430767127053 0.47583154074110512
decision_type=2 2 8 2 2 2 2 2 2 2 2 2 2 2
left_child=6 2 -2 5 -5 -3 7 -1 9 -8 -6 -12 -9 -4
right_child=1 3 13 4 10 -7 8 12 -10 -11 11 -13 -14 -15
leaf_value=0.040840188885699194 0.042936245642792976 0.024032612352539767 -0.053860344568595453 -0.030479550072421854 0.048842813946709904 -0.055875080509700262 -0.033162112322856152 -0.068755992643465033 0.052561715320653027 0.049730368709316061 -0.058393448387529162 0.051846699153031521 0.017586513892725926 0.02185767220267433
leaf_weight=5.2014338672161102 2.824974108487365 3.1738700736314058 10.85228571295738 2.8245471492409733 16.209408845752481 4.4326423034071949 2.4966143965721157 2.1283533275127398 21.699682720005512 2.6969864591956139 1.615807190537452 1.6784641332924364 1.7219817712903021 1.346071261912585
leaf_count=15 13 23 133 25 56 68 13 12 53 8 18 6 8 7
internal_value=0.0170745 0.00207088 -0.0288746 0.0176014 0.031274 -0.022533 0.0358401 0.010647 0.0443197 0.00988315 0.0402172 -0.00222499 -0.0301411 -0.045505
internal_weight=80.9031 44.9581 15.0233 29.9347 22.3282 7.60651 35.9451 9.05177 26.8933 5.1936 19.5037 3.29427 3.85034 12.1984
internal_count=458 349 153 196 105 91 109 35 74 21 80 24 20 140
is_linear=0
shrinkage=0.05


Tree=44
num_leaves=15
num_cat=0
split_feature=41 51 103 114 67 0 84 129 103 81 40 183 75 153
split_gain=7.49282 7.31684 7.63182 5.82017 6.48526 5.32028 5.79944 5.01295 5.01249 3.89705 3.59361 3.59246 3.02522 2.95932
threshold=0.068456203483277731 -0.020943123161822088 0.03259110630004277 -0.030597337927730329 1.0000000180025095e-35 1063.0000000000002 0.024528387435525389 0.029671821478695275 -0.10734708060035628 -0.025363328750288957 0.063627995596520964 -0.00072551397207036691 -0.017265405077135049 0.36944842093044783
decision_type=8 2 2 2 2 2 2 2 2 2 8 2 2 2
left_child=1 2 12 5 -5 6 11 9 -3 -6 -7 -2 13 -1
right_child=3 8 -4 4 7 10 -8 -9 -10 -11 -12 -13 -14 -15
leaf_value=-0.056301053140827062 -0.01643031552770122 0.059979906247304995 -0.060484455306641295 -0.044789631002151747 -0.030595135247348828 0.0036553456230286711 -0.067337742353294233 -0.055824004271329032 -0.052390533695298683 0.041654389675852416 0.054867247263949273 0.043378823044296029 0.064277529606411934 0.056406784654698186
leaf_weight=1.255570659413934 3.821800008416175 1.1082958467304695 2.3106555696576834 5.5076791290193805 2.2441072203218928 4.0327595546841639 2.1214225366711608 1.9769467227160937 9.4906424153596145 11.089162088930605 22.750439360737801 7.3186726048588744 5.2698066197335738 1.086278337985277
leaf_count=17 14 3 25 64 20 17 13 24 136 38 60 20 12 3
internal_value=0.0143743 -0.0117532 0.0191039 0.0231837 0.00173915 0.0343319 0.00843245 0.0184774 -0.0406403 0.0294942 0.0471562 0.022861 0.0432644 -0.00402096
internal_weight=81.3842 20.5212 9.92231 60.863 20.8179 40.0451 13.2619 15.3102 10.5989 13.3333 26.7832 11.1405 7.61166 2.34185
internal_count=466 196 57 270 146 124 47 82 139 58 77 34 32 20
is_linear=0
shrinkage=0.05


Tree=45
num_leaves=15
num_cat=0
split_feature=114 106 50 80 0 135 80 161 83 38 89 51 159 84
split_gain=10.2884 7.40187 7.09918 6.21252 9.9387 3.19471 3.07651 5.27241 2.9149 5.69142 2.846 2.01312 1.95047 1.493
threshold=-0.11517111741649895 -0.040612994411336159 0.010091434933723583 -0.033962786833808489 1386.5000000000002 0.016281092945000856 0.019192867842013708 -0.039273225611818632 0.036263697060963294 0.13114444913658926 -0.055364472350400283 -0.00029228652063658782 -0.088578169210530536 -0.058684180536172185
decision_type=2 2 2 2 2 2 2 2 2 2 2 2 2 2
left_child=6 -2 -3 8 11 -6 10 -8 9 13 -1 -5 -12 -4
right_child=1 2 3 4 5 -7 7 -9 -10 -11 12 -13 -14 -15
leaf_value=0.0013387210350037054 -0.056917124949771247 -0.046984358060543185 0.023173561882515487 -0.058557674674644337 0.045097821470537661 -0.026228678732382372 -0.043313546051557482 0.04274596549041397 0.062271083678527218 0.053080672792607232 0.012935105453210832 0.02312460298424715 0.053202707216988589 -0.059542709227023587
leaf_weight=3.7649982720613506 5.2429033219814292 5.2665997687727204 0.7381079122424129 6.3972211107611665 7.145586518570779 2.011906698346138 3.1263376325368881 4.1318241953849784 7.2075759433209896 4.3658401444554329 3.4688801094889667 0.85515243560075926 22.597458135336637 2.0908719580620545
leaf_count=16 77 78 4 80 32 19 17 12 17 13 14 4 61 23
internal_value=0.0157545 -0.00140448 0.0066625 0.0158321 -0.00520118 0.0294273 0.0348714 0.0056772 0.0397971 0.0172833 0.0419745 -0.0489262 0.0478439 -0.0379612
internal_weight=78.4113 41.3218 36.0789 30.8123 16.4099 9.15749 37.0895 7.25816 14.4024 7.19482 29.8313 7.25237 26.0663 2.82898
internal_count=467 347 270 192 135 51 120 29 57 40 91 84 75 27
is_linear=0
shrinkage=0.05


Tree=46
num_leaves=15
num_cat=0
split_feature=45 165 97 40 114 81 0 87 82 66 180 32 188 179
split_gain=9.30123 6.2398 5.68521 5.41278 4.19039 7.07052 3.91339 3.79635 3.31553 3.18121 3.04695 3.41693 2.92219 1.95475
threshold=0.093708613172023308 -0.028319514886652655 0.033088450011056807 0.067114802153031533 -0.045026391918464963 -0.025363328750288957 772.50000000000011 0.072958817818074742 -0.082259375142801933 9.5000000000000018 0.0070214777435580423 3.5000000000000004 -0.085230510723247208 -0.066618964109502646
decision_type=2 2 2 8 2 2 2 2 2 2 2 8 2 2
left_child=4 12 3 -3 7 -6 -7 8 -1 -5 -8 -12 -2 -10
right_child=1 2 -4 9 5 6 10 -9 13 -11 11 -13 -14 -15
leaf_value=-0.016082089656599956 0.026064958050604183 -0.057059891446970858 0.040556508530608187 -0.041585353356917321 -0.046881331384111963 -0.054540292278913327 0.051751610679352071 -0.010654842070678155 0.0048644024022734076 0.034702871713882734 0.04036020014864905 -0.059356188639428487 -0.056493274696785702 0.053099069825435212
leaf_weight=2.1098012328147915 1.2596184927970169 4.5795100461691609 7.7133650984615079 1.8988666422665144 4.3909706510603455 1.3438663817942131 8.413525775074957 3.5251290500164023 2.2955609783530262 4.8744185790419579 1.9368074126541608 1.5439305454492567 7.1896567270159739 24.71360682696104
leaf_count=11 8 63 38 18 67 21 29 14 10 18 10 16 76 68
internal_value=0.0149523 -0.00841794 0.00743265 -0.0150725 0.0277432 0.0080998 0.0263366 0.0383514 0.0442841 0.0133157 0.0354744 -0.00387041 -0.0441855 0.0489995
internal_weight=77.7886 27.5154 19.0662 11.3528 50.2732 17.6291 13.2381 32.6441 29.119 6.77329 11.8943 3.48074 8.44928 27.0092
internal_count=467 221 137 99 246 143 76 103 89 36 55 26 84 78
is_linear=0
shrinkage=0.05


Tree=47
num_leaves=15
num_cat=1
split_feature=1 165 171 43 0 131 51 41 126 39 152 75 135 46
split_gain=6.22034 6.62183 4.97936 4.51232 4.80568 4.26615 3.91779 4.97154 3.84936 4.08126 3.46297 3.43935 3.67363 3.3715
threshold=0 -0.028319514886652655 -0.10679980919084577 0.42423653408567835 1018.5000000000001 -0.086320907089767931 -0.010592961535243962 0.1384253428350822 0.023817660583767095 0.021531127005467634 -0.0058854620716056226 -0.046416889731472684 -0.064536668005285708 61.268751314824975
decision_type=9 2 2 2 2 2 2 8 2 2 2 2 2 2
left_child=6 2 -2 4 -3 -4 -1 -8 9 -5 -9 12 -11 -12
right_child=1 3 5 8 -6 -7 7 10 -10 11 13 -13 -14 -15
leaf_value=0.044772376708953177 0.050559385801311502 -0.020622734658597368 0.051285398826893418 -0.05634314315053917 0.059705817808937703 -0.051167753000477045 -0.047352355529815662 0.048257134247419523 -0.045042614660353759 0.05695105732513666 0.036756732826065765 0.037903745360898709 -0.057392187730784472 -0.064110681631098038
leaf_weight=22.028604390099645 1.6460776813328255 2.5249160006642359 1.1162096001207817 2.021886263042691 7.0904562808573246 11.326270945370196 2.9195242933928967 6.4777011275291425 4.3075324743986121 1.0119147785007947 1.6278031654655936 8.2615201324224454 2.2969231586903334 1.6870119608938692
leaf_count=76 5 18 5 31 18 123 39 20 50 3 9 33 30 13
internal_value=0.0127777 -0.00265086 -0.031165 0.0109858 0.0386122 -0.0419767 0.024861 0.00991392 -0.00385453 0.00919843 0.0269872 0.0206516 -0.0224235 -0.0145778
internal_weight=76.3444 41.6037 14.0886 27.5151 9.61537 12.4425 34.7406 12.712 17.8998 13.5922 9.79252 11.5704 3.30884 3.31482
internal_count=473 316 133 183 36 128 157 81 147 97 42 66 33 22
cat_boundaries=0 1
cat_threshold=11305088
is_linear=0
shrinkage=0.05


Tree=48
num_leaves=15
num_cat=0
split_feature=20 75 25 140 150 25 176 187 74 123 39 128 142 29
split_gain=7.71219 5.5681 5.70675 4.11985 4.06265 5.81618 4.21815 3.88144 3.82016 3.85863 2.92191 3.86197 2.83374 2.51952
threshold=2292.0000000000005 -0.062942745379055406 -11391.499999999998 0.08012468542040907 -0.017464101912314154 -912.49999999999989 -0.13698395494848811 0.080281638451820611 -0.078222959187022392 0.0058307893845520806 0.042130544947615881 -0.00065644197886097243 -0.062916742860955957 3.5000000000000004
decision_type=2 2 2 2 2 2 2 2 2 2 2 2 2 2
left_child=8 2 -2 -4 10 6 -6 -7 9 -1 11 -3 -8 -14
right_child=1 4 3 -5 5 7 12 -9 -10 -11 -12 -13 13 -15
leaf_value=0.036307680211399976 0.035900445097991528 -0.05871893866390665 -0.057582158868347492 0.053298926879115749 -0.072534669452880507 -0.04616330298716808 -0.028302185834101202 0.051067219147103007 -0.059722445338669716 -0.057025253316536344 0.054912730163011292 0.037611756154398872 0.048780887335017793 0.015078800810014057
leaf_weight=3.245928505435586 4.0106885656714439 1.3932680524885652 5.3644652236253005 0.99277037009596814 1.005998983979224 4.908616533502939 1.820195004343989 1.2978071868419645 4.3775983937084657 1.680841479450464 17.781665746122599 4.1086347475647953 15.118382047861816 8.7580551728606206
leaf_count=23 16 16 81 4 6 50 10 5 61 23 51 20 52 46
internal_value=0.0169046 0.022865 -0.0108024 -0.0402665 0.0290768 0.0177684 0.0279023 -0.0258317 -0.0257341 0.00446575 0.0450602 0.0132176 0.0318343 0.0364187
internal_weight=75.8649 66.5605 10.3679 6.35724 56.1926 32.9091 26.7026 6.20642 9.30437 4.92677 23.2836 5.5019 25.6966 23.8764
internal_count=464 357 101 85 256 169 114 55 107 46 87 36 108 98
is_linear=0
shrinkage=0.05


Tree=49
num_leaves=15
num_cat=0
split_feature=75 45 121 25 79 156 115 80 41 124 0 108 13 29
split_gain=10.6619 4.72877 4.90784 4.63991 5.74862 4.88383 3.76732 3.05486 4.24656 3.64798 2.47365 2.17005 2.05621 1.63318
threshold=-0.062942745379055406 0.20837012104845809 -0.052083616037437046 -1762.4999999999998 -0.038103059837271087 -0.045187875213000724 0.12491543871742752 -0.027402299089885413 0.068924258767389945 -0.020657593173735531 8949.5000000000018 0.057651625443050365 891.50000000000011 3.5000000000000004
decision_type=2 2 2 2 2 2 2 2 8 2 2 2 2 2
left_child=6 3 -3 10 5 -5 -1 -6 -9 -10 13 -7 -4 -2
right_child=1 2 12 4 7 11 -8 8 9 -11 -12 -13 -14 -15
leaf_value=-0.051019876495962069 0.054739097408509123 0.045754377741831997 0.033186820851109237 0.023886352574754115 0.049378377710580706 -0.063385536671573886 0.035186173224123977 -0.056418503692954938 -0.036879280654207452 0.038769007109315669 -0.00041387647645135963 0.015917280587128137 -0.057672704185039128 0.026181956379764226
leaf_weight=7.9741255547851306 15.61338520422578 2.1082836966961622 0.72502720355987449 3.7288737632334232 8.2923979740589857 4.8377157375216466 1.5068356208503244 2.0098679326474747 2.0016100034117681 7.8191587068140507 3.3490274064242831 1.0498492904007433 4.4111302252858877 7.3698178548365822
leaf_count=121 47 8 3 19 32 47 7 30 16 36 16 6 57 33
internal_value=0.0121306 0.0195351 -0.01848 0.0244467 0.0109125 -0.0208873 -0.0373189 0.0261091 0.00979908 0.0233508 0.039732 -0.0492445 -0.0448468 0.0455819
internal_weight=72.7971 63.3161 7.24444 56.0717 29.7395 9.61644 9.48096 20.123 11.8306 9.82077 26.3322 5.88757 5.13616 22.9832
internal_count=478 350 68 282 186 72 128 114 82 52 96 53 60 80
is_linear=0
shrinkage=0.05


Tree=50
num_leaves=15
num_cat=0
split_feature=114 57 39 32 115 71 124 84 97 72 169 104 42 38
split_gain=7.90598 5.17405 5.64986 4.05306 3.96906 3.91745 3.31224 3.30218 3.29795 2.88657 2.96294 2.8522 2.8077 2.31983
threshold=-0.023132193997342981 -1.4999999999999998 0.11406867190829163 3.5000000000000004 0.068366394639914604 2.0500000000000003 -0.059193605478486989 -0.088214078843295393 -0.13011888968731491 1.1833333333333336 -0.016430223836987945 -0.034454680445912315 0.59355073314956486 0.039054002488228094
decision_type=2 2 2 10 2 10 2 2 2 10 2 2 2 2
left_child=3 6 -3 5 12 8 -2 -8 -1 13 -11 -7 -5 -10
right_child=1 2 -4 4 -6 11 7 -9 9 10 -12 -13 -14 -15
leaf_value=-0.06964730284727845 0.048111412100430899 -0.049653214186988481 0.027066288709810801 -0.066288721099852524 0.027987009587174275 0.044363157658620492 0.054189662283673147 -0.054264249042062743 0.010133498016283415 0.034185928019057316 -0.063640432597647428 -0.059538105288439752 0.018042445722737745 0.047588741611138637
leaf_weight=0.72315323352813621 4.5664782114326954 9.7767481356859189 3.1803943216800681 3.0036090575158578 4.4842214286327362 1.0057647824287417 1.0485515091568234 2.1227385718375471 4.8052880596369496 1.814353156834841 1.3498947843909253 1.9241166450083245 1.4700607955455778 29.592587750405073
leaf_count=5 17 171 12 23 18 3 4 41 25 8 12 21 8 97
internal_value=0.0145011 -0.0115021 -0.030822 0.0252267 -0.00525592 0.0318519 0.0208499 -0.0184052 0.0361162 0.0381524 -0.00754762 -0.0238711 -0.0385773 0.0423563
internal_weight=70.868 20.6949 12.9571 50.173 8.95789 41.2152 7.73777 3.17129 38.2853 37.5621 3.16425 2.92988 4.47367 34.3979
internal_count=465 245 183 220 49 171 62 45 147 142 20 24 31 122
is_linear=0
shrinkage=0.05


Tree=51
num_leaves=15
num_cat=0
split_feature=114 39 25 44 32 111 41 176 103 123 33 148 150 105
split_gain=5.83464 6.30893 5.36576 4.96064 4.95922 4.53288 4.2952 4.19309 2.72518 2.64568 2.54611 2.52205 2.47598 2.64409
threshold=-0.1496040705659045 0.098076380665460747 -1625.9999999999998 11892.000000000002 3.5000000000000004 0.055833232448809118 0.10967736957478827 0.067172321806976132 0.014393394534679357 0.0091159600144388574 4.5000000000000009 -0.096471098137300204 -0.051574137575053074 0.024670358399230072
decision_type=2 2 2 2 8 2 8 2 2 2 2 2 2 2
left_child=5 2 3 12 7 10 -5 11 -8 -3 -1 -4 -2 -14
right_child=1 9 4 6 -6 -7 8 -9 -10 -11 -12 -13 13 -15
leaf_value=0.050889179324326107 -0.032178633432022027 0.054174398799505419 0.063967640308014384 -0.048408488989243083 -0.052091771877654541 -0.026024645486924354 -0.035271081192649045 0.047133498596043863 0.043603843494427814 -0.0017470415847833161 0.002373924028024053 -0.054836812910498023 0.049874911188221807 -0.0099684355275269643
leaf_weight=15.054333604872232 1.4528510272502888 6.9358571320772153 0.53681898117065463 5.3939872309565526 9.6974674668163061 2.8095029592514029 1.6704995073378084 3.0376194231212139 3.1793762221932411 3.0429883077740669 3.2965098991990081 2.6613389030098924 8.7429446335881931 2.3397633507847777
leaf_count=47 11 18 1 75 151 15 16 14 12 16 16 49 28 15
internal_value=0.0111985 0.0016722 -0.00746546 0.00810279 -0.0297231 0.0331191 -0.0177084 0.00506326 0.016436 0.0371215 0.042174 -0.0348952 0.0291953 0.0372409
internal_weight=69.8519 48.6915 38.7127 22.7794 15.9332 21.1603 10.2439 6.23578 4.84988 9.97885 18.3508 3.19816 12.5356 11.0827
internal_count=484 406 372 157 215 78 103 64 28 34 63 50 54 43
is_linear=0
shrinkage=0.05


Tree=52
num_leaves=15
num_cat=0
split_feature=50 114 50 78 75 0 155 53 45 95 11 40 116 153
split_gain=5.69524 4.807 6.14926 4.45472 3.62383 3.47326 5.39649 3.93142 3.13064 4.36061 2.92528 2.87271 6.93924 2.50692
threshold=0.0091778091991727463 -0.0085589711927829444 0.028168936900997636 -0.067192225162130692 0.061276504905727606 982.50000000000011 -0.018091279013727309 -1.5783928960773819 0.086465264926291627 -0.020169817941382395 29742.500000000004 0.070023776146934322 -0.043799988455070202 0.26641291392562438
decision_type=2 2 2 2 2 2 2 2 2 2 2 8 2 2
left_child=8 5 3 4 -3 6 10 -8 9 -1 -2 12 -7 -4
right_child=1 2 13 -5 -6 11 7 -9 -10 -11 -12 -13 -14 -15
leaf_value=-0.061306104355199779 0.04858029814569239 -0.054697428820137887 -0.01761065666015461 -0.055186888828582463 0.051712162720677517 -0.062141910679224921 0.036289692879689736 -0.054005785683040486 -0.057443847704451469 0.034166749239835675 -0.01232039225799742 0.048507654334506718 0.039934436115793649 0.049748503678970248
leaf_weight=1.8108597006648777 7.0966052487492544 1.2188828196376573 1.8822274133563031 6.1583811938762674 2.3287538848817348 2.2225847076624632 1.6767569035291661 4.2889003958553076 3.8435347005724907 3.5223177112638933 2.7304661571979523 20.071533508598804 6.6360643319785613 5.1901588831096888
leaf_count=22 22 23 19 110 8 20 8 33 56 24 13 67 25 21
internal_value=0.0137008 0.0191834 -0.00363869 -0.0294773 0.0151524 0.0277454 0.00888626 -0.0286266 -0.0230429 0.00174931 0.031659 0.0380404 0.0143241 0.0318217
internal_weight=70.678 61.5013 16.7784 9.70602 3.54764 44.7229 15.7927 5.96566 9.17671 5.33318 9.82707 28.9302 8.85865 7.07239
internal_count=471 369 181 141 31 188 76 41 102 46 35 112 45 40
is_linear=0
shrinkage=0.05


Tree=53
num_leaves=15
num_cat=0
split_feature=33 40 114 67 101 42 49 77 126 107 125 140 42 137
split_gain=6.36192 5.18052 4.65175 5.26031 4.5027 4.36367 3.81372 3.60574 3.52948 2.4488 2.19043 2.65328 2.01831 2.57804
threshold=4.5000000000000009 0.092021900625524414 -0.1496040705659045 1.0000000180025095e-35 -0.026350696836149646 0.59620615235906826 604.50000000000011 -0.074809890390795594 0.072399087154698047 -0.10936599632642799 -0.030023170616716176 -0.020718182232507612 0.5985169966888868 0.061895816720535853
decision_type=2 8 2 2 2 2 2 2 2 2 2 2 2 2
left_child=2 -2 -1 5 -3 8 -5 -8 -4 -9 11 -11 -7 -14
right_child=1 4 3 6 -6 12 7 9 -10 10 -12 -13 13 -15
leaf_value=0.043398568073017001 -0.058414721046904095 -0.054968638105351214 -0.059279693353190215 -0.054690822137938466 0.026920698216899019 0.060966157769418439 -0.060920309543704192 -0.071690335157128249 0.026356737711399455 0.041313061057516039 0.042065191334803444 -0.040286440129962318 -0.055067647902597799 0.051415487246731839
leaf_weight=18.864766418933868 4.5602960586547834 2.2220263630151749 5.397694079205392 1.4266145620495105 6.8643461503088457 1.9815960116684435 1.0629288349300647 0.54522662609815853 1.5483222734183071 2.044432951137424 20.433016831986603 1.9429578017443478 1.2821446638554337 1.0211146920919416
leaf_count=65 59 14 84 28 31 5 13 5 11 11 96 27 23 4
internal_value=0.0157639 -0.0149294 0.023042 0.0131154 0.00689508 -0.0157119 0.0249076 0.0292703 -0.0401907 0.0331102 0.0354501 0.00155162 0.0239697 -0.00785998
internal_weight=71.1975 13.6467 57.5508 38.686 9.08637 11.2309 27.4552 26.0286 6.94602 24.9656 24.4204 3.98739 4.28486 2.30326
internal_count=476 104 372 307 45 127 180 152 95 139 134 38 32 27
is_linear=0
shrinkage=0.05


Tree=54
num_leaves=15
num_cat=1
split_feature=29 117 114 137 32 97 162 126 3 50 171 0 43 159
split_gain=6.32892 6.24367 5.0153 4.48581 4.21204 3.85606 2.91082 3.21057 2.85672 2.46162 3.58442 3.72292 3.35842 3.33436
threshold=3.5000000000000004 -0.039333993317468292 -0.13751285831993318 -0.010299334668388329 3.5000000000000004 0.014699353554903564 -0.0040071783304349252 -0.041356614133424521 0 0.020148561203794411 -0.032863107349473696 1018.5000000000001 0.51131097703154416 -0.058328233417712046
decision_type=2 2 2 2 10 2 2 2 9 2 2 2 2 2
left_child=4 6 3 -3 8 -6 7 -2 -1 10 -10 -12 -13 -14
right_child=1 2 -4 -5 5 -7 -8 -9 9 -11 11 12 13 -15
leaf_value=-0.031540782066961807 0.044990275967255577 0.043621387754869623 -0.053793231188983728 -0.040540415030542759 -0.05958762754433139 0.017301263984512798 0.0460089609206073 -0.060853723714620958 0.039491272318908498 0.046831629896471189 -0.0606957783594433 0.052348617358427552 0.040916658717301033 -0.058368635219630018
leaf_weight=1.8617831617593765 1.249481298029423 3.4126087427139282 8.7232437394559366 2.9535223990678778 2.7572119310498229 3.9908644203096628 5.4979985058307665 1.6794652845710514 10.859427645802496 15.616809317842124 2.1462422572076338 3.1670982986688614 1.4104902669787382 2.111609214916828
leaf_count=29 5 12 127 18 35 24 23 19 52 59 29 11 8 28
internal_value=0.0110186 -0.00991464 -0.0291679 0.0045751 0.0222266 -0.0141149 0.0245605 -0.0157009 0.0288237 0.0320064 0.0202509 -0.00339698 0.0149875 -0.018608
internal_weight=67.4379 23.5163 15.0894 6.36613 43.9215 6.74808 8.42695 2.92895 37.1735 35.3117 19.6949 8.83544 6.6892 3.5221
internal_count=479 204 157 30 275 59 47 24 216 187 128 76 47 36
cat_boundaries=0 1
cat_threshold=4
is_linear=0
shrinkage=0.05


Tree=55
num_leaves=15
num_cat=0
split_feature=114 38 49 33 110 14 54 124 146 177 101 187 88 180
split_gain=6.95365 4.83828 4.60103 4.49258 4.36504 4.16925 4.66233 3.31726 2.75929 4.07624 3.3704 2.31295 3.08845 2.02787
threshold=-0.003609460603064846 0.13355516529486508 -621.99999999999989 4.5000000000000009 -0.01719102471691334 265755.50000000006 20.500000000000004 -0.063581551046802867 -0.031799534469601556 -0.042336783465390777 0.010814238999153073 0.045521772146435074 0.019618218849166293 -0.082056032701045958
decision_type=2 2 2 2 2 2 2 2 2 2 2 2 2 2
left_child=2 7 -1 8 -3 6 -5 13 9 -4 -11 -10 -13 -2
right_child=1 4 3 5 -6 -7 -8 -9 11 10 -12 12 -14 -15
leaf_value=-0.043738984014316272 0.062766859335715172 0.045573239091282275 0.047815041545086881 0.02329243544666753 -0.034705138148361556 0.043357113121350065 -0.062968954663281548 -0.054086379612801709 0.046662369264468907 0.016675312985099094 -0.064643315477860924 0.041734212945425786 -0.035047537208247846 -0.026308873582838805
leaf_weight=2.4791465476155272 1.1120057087391617 4.7254473995417356 3.8599988371133804 2.6581723578274232 2.6388979144394389 3.0512937381863594 3.8139257207512856 7.2740874672308573 25.758253209292896 2.8122909627854771 2.3298238627612591 3.249852104112505 2.1937468983232975 1.5019195619970567
leaf_count=30 3 19 14 12 32 13 32 159 95 15 19 13 13 23
internal_value=0.0136452 -0.0138749 0.0227396 0.0260539 0.0168067 -0.00482479 -0.0275403 -0.0367259 0.0333684 0.0089817 -0.0201691 0.0404042 0.0107915 0.0115854
internal_weight=69.4589 17.2524 52.2065 49.7274 7.36435 9.52339 6.4721 9.88801 40.204 9.00211 5.14211 31.2019 5.4436 2.61393
internal_count=492 236 256 226 51 57 44 185 169 48 34 121 26 26
is_linear=0
shrinkage=0.05


Tree=56
num_leaves=15
num_cat=1
split_feature=1 165 51 168 122 91 38 114 45 106 142 129 174 4
split_gain=4.94923 4.6916 4.33635 4.15852 3.52701 3.38997 3.38991 3.04187 4.12828 2.54525 4.02144 1.82449 1.81442 1.7504
threshold=0 -0.0092285121759087853 -0.038253816157428171 0.050333946244427198 0.07036420171793574 -0.091169804899168996 0.036407214703074446 -0.09710081252836103 0.044764651221313921 -0.034309663726865565 0.018073093374492224 0.075746046158425215 -0.068146304552456086 4.5000000000000009
decision_type=9 2 2 2 2 2 2 2 2 2 2 2 2 10
left_child=4 2 -2 7 6 -4 12 13 -9 10 -8 -5 -1 -3
right_child=1 3 5 11 -6 -7 9 8 -10 -11 -12 -13 -14 -15
leaf_value=0.036338440823985532 0.038195730374560283 0.0054247968729977955 0.020339174075720824 -0.059111780609229475 -0.029335932365540791 -0.056166767025615238 0.031258670106845049 0.02978279521427997 -0.054264039672616463 0.043737600172504117 -0.060921144904036356 0.025197580462794314 -0.056087602707309371 0.05435803975987677
leaf_weight=0.79671310819685492 1.9601003825664509 2.569342467933895 1.7483265288174141 2.6644398421049114 2.5074442923068991 8.4268315359950083 4.7207751348614719 3.4435738157480946 2.5378050021827221 24.854233046993613 1.5789001416414974 0.84526776522397984 1.592082948423921 6.3300786167383194
leaf_count=7 7 14 14 38 17 113 25 24 54 109 16 7 24 19
internal_value=0.0124419 -0.00434799 -0.029903 0.0101506 0.021814 -0.0430213 0.032141 0.0216975 -0.00587696 0.0365425 0.00815546 -0.038807 -0.0252616 0.0402306
internal_weight=66.5759 30.5258 12.1353 18.3905 36.0501 10.1752 33.5427 14.8808 5.98138 31.1539 6.29968 3.50971 2.3888 8.89942
internal_count=488 290 134 156 198 127 181 111 78 150 41 45 31 33
cat_boundaries=0 1
cat_threshold=13369480
is_linear=0
shrinkage=0.05


Tree=57
num_leaves=15
num_cat=0
split_feature=33 127 32 172 27 4 71 161 51 41 7 53 19 17
split_gain=3.74307 3.85195 3.33178 3.62616 3.10331 3.36866 2.78832 3.30765 3.0025 5.63171 3.80614 3.17084 2.75354 2.44054
threshold=4.5000000000000009 0.083732422505100587 3.5000000000000004 -0.068750878890405223 1.5000000000000002 8.5000000000000018 3.6124661246612471 0.065856322686540944 -0.015129970142065416 0.12758682669497426 6762.0000000000009 -0.53085774073088587 15846.000000000002 6958.0000000000009
decision_type=2 2 10 2 2 10 8 2 2 8 8 2 2 8
left_child=1 2 6 -4 -2 -6 8 -8 -1 10 11 -10 -5 -7
right_child=4 -3 3 12 5 13 7 -9 9 -11 -12 -13 -14 -15
leaf_value=0.045088144873502482 0.028156797890839993 -0.049686428264665683 0.041887148558450243 -0.059917892359762415 -0.060779428806212878 -0.039250985061203891 -0.058008988129433586 0.051468737350736718 0.040771286834406131 0.035709633818225985 -0.058965515352843292 -0.041676184427153845 0.011027340937257376 0.037082997124500076
leaf_weight=16.874534273520105 3.1871483679860821 2.0633593322709194 2.415254526771605 3.384964735247193 4.306584168225525 1.9335069172084329 2.0111540555953975 1.0502147953957317 3.2303983857855147 14.847874112427229 3.1569799268618235 1.8249704539776015 2.2949456181377172 2.2840441539883614
leaf_count=75 17 28 13 44 52 18 33 6 19 65 51 37 17 13
internal_value=0.0116528 0.0172905 0.0199955 -0.0094309 -0.0139357 -0.0296739 0.0255358 -0.0204522 0.0290612 0.0173333 -0.0158911 0.011008 -0.0312527 0.00208821
internal_weight=64.8659 53.1547 51.0913 8.09516 11.7113 8.52414 42.9961 3.06137 39.9348 23.0602 8.21235 5.05537 5.67991 4.21755
internal_count=488 388 360 74 100 83 286 39 247 172 107 56 61 31
is_linear=0
shrinkage=0.05


Tree=58
num_leaves=15
num_cat=0
split_feature=114 0 32 39 75 123 12 184 61 131 148 146 171 136
split_gain=5.02791 5.58747 3.9164 3.71251 2.70076 4.55357 2.66946 2.85873 2.66073 2.64082 2.21762 2.04587 1.7291 1.38412
threshold=-0.11309910839970407 1724.0000000000002 3.5000000000000004 0.092553054416305874 -0.062942745379055406 -0.025765548013786589 5641.5000000000009 0.038212873694813292 456.50000000000006 0.085120353430332321 0.020824856780412248 -0.058346523316014649 -0.10294960783947206 -0.059743092922496591
decision_type=2 2 10 2 2 2 2 2 2 2 2 2 2 2
left_child=4 3 8 9 5 -1 -6 -8 11 12 -10 -3 -2 -13
right_child=1 2 -4 -5 6 -7 7 -9 10 -11 -12 13 -14 -15
leaf_value=0.045708329575991413 0.012074937835406384 -0.058357180306104928 -0.054683390563580563 0.01882670769027199 0.039888186277330824 -0.05899655094336579 0.032033795258377261 -0.043687051478919013 -0.056644222295469338 0.039944695394050656 0.045420389022815595 -0.0073044838800743464 -0.055451319769044265 0.045736019047338428
leaf_weight=1.9126274958252905 1.0650892723351724 0.56015196442603965 1.6922129681333888 3.5417114384472361 21.267360381782058 2.2717265933752087 2.9079264774918547 2.1816103979945183 1.5955378208309405 0.9353960398584612 0.79856835119426239 1.3954628594219673 8.6246841913089138 10.372054228559138
leaf_count=6 12 7 32 17 80 21 15 12 25 7 5 12 173 52
internal_value=0.0118298 -0.00250139 0.0173542 -0.0255064 0.0261796 -0.011137 0.0321039 -0.000423654 0.0256347 -0.0402841 -0.0226 0.0350021 -0.0480289 0.0394462
internal_weight=61.1221 30.5809 16.414 14.1669 30.5413 4.18435 26.3569 5.08954 14.7218 10.6252 2.39411 12.3277 9.68977 11.7675
internal_count=476 342 133 209 134 27 107 27 101 192 30 71 185 64
is_linear=0
shrinkage=0.05


Tree=59
num_leaves=15
num_cat=0
split_feature=32 114 50 84 157 148 123 92 163 160 192 116 95 25
split_gain=5.31466 3.65476 4.52772 3.7334 4.06377 3.37067 2.91129 3.08968 2.53581 3.54809 2.78728 2.47537 1.93348 1.65327
threshold=3.5000000000000004 -0.048077117279307718 0.028168936900997636 -0.052648892117128768 -0.15139009157371983 0.0096622870732327327 -0.025210100144945246 0.0091341408118374018 -0.017093223236557577 -1.0000000180025095e-35 0.047084021051148311 -0.063215816072056716 -0.060507122204519238 -739.99999999999989
decision_type=10 2 2 2 2 2 2 2 2 2 2 2 2 2
left_child=1 8 3 5 -5 -3 7 -2 9 11 -11 -1 -10 -14
right_child=6 2 -4 4 -6 -7 -8 -9 12 10 -12 -13 13 -15
leaf_value=-0.021488611354952211 -0.041381287214885237 -0.054623681909626132 0.035100839619114928 0.053020969077743021 -0.050155891309377643 0.040607361906844434 -0.04804715164759709 0.052765688063329076 -0.011869892305586577 -0.061821704258408265 0.02840033046844493 0.044496920016371608 0.05157600905815618 0.018059539327253783
leaf_weight=1.8300701603293408 1.5451625101268294 1.207204614765941 7.2668753899633876 1.1096831001341332 6.8174665374681389 4.034526807256043 4.795054202899335 1.9986538104712961 1.6716462597250963 2.3668577708303924 1.3410882726311681 6.3629639074206343 16.276982516050342 4.7539266347885123
leaf_count=11 19 27 38 4 144 23 63 9 10 19 7 27 59 24
internal_value=0.0145488 0.0201846 0.00341868 -0.0140642 -0.0357127 0.018675 -0.0226493 0.0117161 0.0300861 0.0113916 -0.0291902 0.0297578 0.039886 0.0439998
internal_weight=63.3782 55.0393 20.4358 13.1689 7.92715 5.24173 8.33887 3.54382 34.6035 11.901 3.70795 8.19303 22.7026 21.0309
internal_count=484 393 236 198 148 50 91 28 157 64 26 38 93 83
is_linear=0
shrinkage=0.05


Tree=60
num_leaves=15
num_cat=0
split_feature=75 152 96 38 180 142 177 154 42 40 114 158 182 93
split_gain=5.75549 4.50807 3.15376 4.15367 3.18733 3.82153 2.95994 2.90152 3.19672 2.83879 2.41884 1.93387 1.83689 1.60909
threshold=-0.062942745379055406 0.043745307091491666 0.038284536238762497 0.071065843317567934 -0.0011133603229972634 -0.046094492896636426 -0.064714290158114696 0.079437313204738347 0.60538975223854019 0.2367779037005637 -0.088011096454396504 -0.063822906355130701 -0.042602954937353742 0.0024834504726120223
decision_type=2 2 2 2 2 2 2 2 2 8 2 2 2 2
left_child=6 2 4 -4 -2 -6 -1 12 -9 -3 -5 -12 -7 -14
right_child=1 9 3 10 5 7 -8 8 -10 -11 11 -13 13 -15
leaf_value=0.027405140541925745 0.040920198346427489 -0.052581052629395678 -0.062198813381092635 0.043123177880591099 -0.059311130822466099 -0.014331642994574685 -0.048482770684932203 -0.053804937361797478 0.041184184845625402 0.035688931392202299 0.01934806626700444 -0.05634912833541126 0.013453226691476444 0.055390859178748558
leaf_weight=1.6408400628715751 18.474060289561745 3.687369060702621 2.441836139187215 3.464589387178421 1.7366284234449256 1.8567173667252017 5.9237202908843747 2.4144595731049772 1.3988884193822739 1.2096618190407751 1.7916509471833708 1.5947547424584625 3.6270693764090627 6.1918431911617517
leaf_count=14 103 44 29 14 18 14 109 22 9 7 11 25 28 23
internal_value=0.00861909 0.0147813 0.0197399 -0.00620621 0.0264938 0.0110219 -0.0320218 0.0189076 -0.0189591 -0.0307767 0.0137507 -0.0162999 0.0312752 0.0398993
internal_weight=57.4541 49.8895 44.9925 9.29283 35.6997 17.2256 7.56456 15.489 3.81335 4.89703 6.851 3.38641 11.6756 9.81891
internal_count=470 347 296 79 217 114 123 96 31 51 50 36 65 51
is_linear=0
shrinkage=0.05


Tree=61
num_leaves=15
num_cat=0
split_feature=29 136 123 185 39 150 38 118 148 140 191 158 125 106
split_gain=5.19584 4.7984 4.09011 3.23634 3.14068 3.76697 2.89319 2.78365 2.66888 2.65832 1.80618 1.71877 1.57202 1.42406
threshold=3.5000000000000004 0.073398152556987104 -0.0089314180007991385 -0.011814220533870965 0.042130544947615881 0.026704148216674568 0.062078110212224279 0.031199805345137759 -0.0028424554124177703 -0.0763031833187061 -0.078075412882445808 0.041545484517880142 -0.021481431762942 -0.055046523563048115
decision_type=2 2 2 2 2 2 2 2 2 2 2 2 2 2
left_child=4 2 3 6 5 7 -2 -1 -9 -6 -11 -5 -7 -12
right_child=1 -3 -4 11 9 12 -8 8 -10 10 13 -13 -14 -15
leaf_value=-0.056335456326234358 -0.039399383773544037 0.04750170467592843 -0.053839225275558122 -0.060892957872081925 -0.064386378880237169 -0.018088499488175803 0.039551142552483105 0.041571230623647287 -0.03714320063822954 -0.0078107610852463129 0.0059688519681054715 0.0041147449717744353 0.043879035085837237 0.046994376017638506
leaf_weight=3.0903117693960649 1.5201234146952662 3.1522056609392157 5.7516840659081945 2.5856581684201956 0.66006903350353496 1.2684967592358587 4.9035972282290459 2.3662579813972116 1.9762199223041532 2.0016492092981961 2.4069997128099301 1.6757496837526558 5.2982126343995333 17.450525339692824
leaf_count=58 20 15 87 27 8 18 28 15 21 18 22 15 33 82
internal_value=0.0117681 -0.00900674 -0.0198438 -0.0015444 0.022912 0.00431489 0.0208681 -0.0200637 0.00574905 0.0344732 0.0374584 -0.0353294 0.0319087 0.0420215
internal_weight=56.1078 19.589 16.4368 10.6851 36.5187 13.9995 6.42372 7.43279 4.34248 22.5192 21.8592 4.26141 6.56671 19.8575
internal_count=467 192 177 90 275 145 48 94 36 130 122 42 51 104
is_linear=0
shrinkage=0.05


Tree=62
num_leaves=15
num_cat=0
split_feature=114 32 27 171 115 33 104 165 75 170 138 74 77 148
split_gain=4.22423 4.60807 3.78177 4.31991 3.51256 3.34489 2.83531 2.49308 5.69533 2.90798 2.21139 1.84988 1.37477 1.16161
threshold=-0.1166517495135541 3.5000000000000004 1.5000000000000002 -0.090739731144864139 -0.042678934600346337 1.5000000000000002 -0.068705639671820626 0.015702946512212063 0.015297509537574193 0.0047130266932248234 -0.030996929068332662 0.22350673913849398 0.011920681682196911 0.025841205214159741
decision_type=2 8 2 2 2 2 2 2 2 2 2 2 2 2
left_child=6 4 10 -4 12 -6 -1 8 9 -8 -3 -5 -2 -9
right_child=1 2 3 11 5 -7 7 13 -10 -11 -12 -13 -14 -15
leaf_value=-0.038194874214922438 0.052785553401060295 -0.058735953589150104 0.025801314651857882 -0.053040456729252984 0.030707770145505381 -0.055089806731235785 -0.062651148478676935 0.054886819099983414 0.043147303485338184 0.01047553908671283 0.036024264075522568 0.041431062165555393 0.0051237073024102617 0.017507978342213643
leaf_weight=1.6708591207861925 5.8388033602386713 0.73986875824630249 2.4623181959614184 9.6678601913154054 2.1463060211390275 2.4132554791867733 2.6213483754545468 8.7548042982816678 7.1474821493029594 2.8242172971367836 3.6678480142727521 0.54752828553319055 2.0421146079897881 2.7255647182464591
leaf_count=14 27 10 19 173 20 45 21 30 29 16 28 3 18 14
internal_value=0.00998561 -0.00292175 -0.0197769 -0.0336474 0.0202267 -0.0147026 0.0247889 0.0291605 0.0137972 -0.0247257 0.020118 -0.0479769 0.0404353 0.0460127
internal_weight=55.2702 29.5259 17.0854 12.6777 12.4405 4.55956 25.7443 24.0734 12.593 5.44557 4.40772 10.2154 7.88092 11.4804
internal_count=467 343 233 195 110 65 124 110 66 37 38 176 45 44
is_linear=0
shrinkage=0.05


Tree=63
num_leaves=15
num_cat=0
split_feature=82 50 57 38 103 114 125 169 125 151 4 68 191 176
split_gain=4.12408 3.36463 3.8114 4.3906 3.20097 3.3051 2.85919 2.86154 3.42746 2.18839 2.33568 1.73222 2.64293 1.33496
threshold=-0.11075117103468141 0.010305752287570195 -1.0000000180025095e-35 0.05851549913002662 0.031210207898120176 -0.11517111741649895 0.045957799051427585 -0.026060169544177249 -0.023475289995626741 -0.0017632627475134091 24.500000000000004 19.500000000000004 -0.029036593770680172 -0.01825429478479593
decision_type=2 2 2 2 2 2 2 2 2 2 10 2 2 2
left_child=-1 4 11 -4 5 -2 7 -5 -9 10 -10 12 -3 -14
right_child=1 2 3 6 -6 -7 -8 8 9 -11 -12 -13 13 -15
leaf_value=-0.057542206371535544 0.035314945298402747 -0.042373544241023423 -0.048188498224578907 0.04230954847227647 -0.058058911330800211 -0.038859376259506598 -0.042097024392883528 -0.048885966441990079 -0.04881806586322382 0.046049646421606638 0.040671030618555232 0.048073139010816064 0.050293729771388879 0.0079523546193315479
leaf_weight=1.9460360687226046 4.0226035565137863 1.4389340858906505 3.0399724328890505 9.0513493902981317 2.6088774260133505 2.3965648682787997 1.8993293829262246 2.3845361061394241 1.7326656375080371 3.7885979646816801 1.2589286714792249 13.467476832680402 4.2092127222567797 3.3377108406275493
leaf_count=32 17 23 48 45 42 57 23 25 17 19 6 65 21 32
internal_value=0.0139829 0.0165305 0.0220509 0.00781764 -0.0113579 0.00762233 0.0162817 0.0223686 0.00267436 0.0208077 -0.0111591 0.0367291 0.0197273 0.0315678
internal_weight=56.5828 54.6368 45.6087 23.1554 9.02805 6.41917 20.1154 18.2161 9.16473 6.78019 2.99159 22.4533 8.98586 7.54692
internal_count=472 440 324 183 116 74 135 112 67 42 23 141 76 53
is_linear=0
shrinkage=0.05


Tree=64
num_leaves=15
num_cat=0
split_feature=96 140 45 123 50 18 107 164 140 141 114 108 151 53
split_gain=3.35414 3.92087 2.87516 4.61029 2.8651 2.60514 2.8487 2.76104 2.54111 2.49856 3.12961 2.26224 1.81655 1.90362
threshold=0.038284536238762497 0.06313310992974086 0.11908763925802694 0.0091159600144388574 0.013792474238618138 8539.5000000000018 -0.0028124810183177509 -0.04948364962799677 -0.060362964308410282 -0.038436026517347177 -0.077663451702555245 -0.011080081330615709 0.02848534666381743 -2.4918794349079199
decision_type=2 2 2 2 2 8 2 2 2 2 2 2 2 2
left_child=2 9 5 4 -4 6 -1 -8 -5 10 -2 -6 -7 -14
right_child=1 -3 3 8 11 12 7 -9 -10 -11 -12 -13 13 -15
leaf_value=0.029280186695650585 0.048732697757305196 0.047357233548801336 -0.034213608819615861 0.046219299417428833 -0.030612620578882643 0.046481254526904554 0.032411651257635905 -0.049553083766148316 -0.056717196673129536 -0.050484006115041682 -0.054974176044416692 0.044533775891568629 0.055040807468934298 -0.015201200064326898
leaf_weight=6.087530746124683 1.7888710647821429 2.056586497463285 2.015104132704435 0.70413779467344273 1.1862794533371914 13.999102553352715 1.5291411960497479 3.1316059445962363 4.0364564564079037 5.2843367056921116 1.2260705707594741 6.4306896124035129 1.4773367345333097 2.7788890376687041
leaf_count=50 7 10 35 3 17 73 11 43 69 72 20 29 6 24
internal_value=0.0111203 -0.0144465 0.0172243 -0.00106229 0.0188042 0.0262861 0.00675692 -0.0226613 -0.0414277 -0.0297616 0.00655876 0.0328304 0.0377844 0.00917981
internal_weight=53.7321 10.3559 43.3763 14.3727 9.63207 29.0036 10.7483 4.66075 4.74059 8.29928 3.01494 7.61697 18.2553 4.25623
internal_count=469 109 360 153 81 207 104 54 72 99 27 46 103 30
is_linear=0
shrinkage=0.05


Tree=65
num_leaves=15
num_cat=1
split_feature=1 166 41 106 46 50 167 123 100 45 166 191 170 134
split_gain=5.18347 3.84675 3.22461 2.78393 2.48012 2.33269 3.30623 2.29042 2.64353 2.194 1.73336 1.44851 1.80479 1.33637
threshold=0 -0.047520027013140148 0.22626222987042319 -0.040612994411336159 117.72404758294159 0.023170288705100042 0.020626658452309116 -0.077841231204161976 -0.12127115094048065 0.074796793370799558 0.20663759121880959 -0.047817076426139124 -0.02024764955796483 -0.05130588315988887
decision_type=9 2 10 2 2 2 2 2 2 2 2 2 2 2
left_child=3 5 7 4 -1 6 -2 -3 -9 -8 -10 12 -5 -13
right_child=1 2 -4 11 -6 -7 9 8 10 -11 -12 13 -14 -15
leaf_value=0.021994552948225912 -0.050755034698922931 0.027980923659129298 0.038010827059378062 -0.038790765611812446 -0.061748326073970322 0.045238486354164081 0.050378582125445714 0.054487676726914118 -0.045770896487496174 -0.024248480233238119 0.023110005410387741 0.00012835741310397188 0.033602641442519156 0.048081347715770086
leaf_weight=2.4385011047124894 2.3101807134225982 1.5683457497507358 1.9975091777741898 1.2657982520759108 1.3870256450027225 4.1676988452672958 2.7334039872512221 0.76957832835614759 12.58690370433032 1.539626073092222 0.98479700833559114 1.5935558043420375 2.6916567571461263 16.460091223940246
leaf_count=20 27 11 9 14 14 20 15 3 211 20 6 14 19 81
internal_value=0.0106617 -0.00568972 -0.021869 0.0223503 -0.0083682 0.0159669 -0.00256438 -0.0293872 -0.0356609 0.0234895 -0.0407727 0.0378433 0.0104475 0.0438486
internal_weight=54.4947 28.658 17.9071 25.8366 3.82553 10.7509 6.58321 15.9096 14.3413 4.27303 13.5717 22.0111 3.95746 18.0536
internal_count=484 322 240 162 34 82 62 231 220 35 217 128 33 95
cat_boundaries=0 1
cat_threshold=13402241
is_linear=0
shrinkage=0.05


Tree=66
num_leaves=15
num_cat=0
split_feature=114 52 0 40 184 172 105 98 80 43 81 45 103 104
split_gain=3.87651 4.85477 3.2465 3.40374 3.68695 3.25344 2.91111 3.1414 2.35792 2.54909 2.17363 2.12374 2.90206 1.36484
threshold=-0.023132193997342981 -0.027146629471478105 1004.0000000000001 0.067114802153031533 0.038212873694813292 -0.047813092229145877 -0.052418516236351846 0.062106167261345026 -0.029961060042809868 0.58259616367347822 -0.012423508304161826 0.10056239225017029 -0.022060508563276678 -0.094856663813122744
decision_type=2 2 2 8 2 2 2 2 2 2 2 2 2 2
left_child=2 10 5 4 11 -1 -7 -8 9 -3 -2 -4 -13 -11
right_child=1 8 3 -5 -6 6 7 -9 -10 13 -12 12 -14 -15
leaf_value=0.042514960610802954 -0.026154386197671887 0.025850013554333823 0.046988781423103435 0.046150401642852175 -0.040509745060973788 0.036480757493644746 -0.057003916800791379 0.017940505737290065 -0.053540618114985332 0.05647172349571461 0.048598046714524952 0.045604285065899801 -0.05495196630921776 -0.053453504346799796
leaf_weight=3.1320967003703108 1.2815417880192397 2.9772730097174618 4.8497345298528689 15.106576524674891 2.7617943454533815 1.9432189986109722 4.4224359970539799 2.0447387844324112 4.8761193528771409 0.31914138793945346 4.0322394417598835 1.3655412327498182 1.51195485237986 2.4511102940887213
leaf_count=18 21 17 20 68 24 10 41 12 128 1 19 7 24 62
internal_value=0.0121778 -0.0084496 0.0210298 0.0309572 0.0090755 -0.000984316 -0.0171838 -0.0333086 -0.0279665 -0.00626973 0.0305698 0.0267978 -0.00723211 -0.0407898
internal_weight=53.0755 15.9374 37.1381 25.5956 10.489 11.5425 8.41039 6.46717 10.6236 5.74752 5.31378 7.72723 2.8775 2.77025
internal_count=472 248 224 143 75 81 63 53 208 80 40 51 31 63
is_linear=0
shrinkage=0.05


Tree=67
num_leaves=15
num_cat=0
split_feature=33 114 50 67 129 128 141 86 128 130 131 38 25 80
split_gain=3.77561 3.66017 3.31366 2.89482 2.96256 2.58439 2.62284 2.21264 2.06638 1.95896 1.55101 1.51592 5.10949 1.3248
threshold=4.5000000000000009 -0.14347284728452964 0.0091778091991727463 1.0000000180025095e-35 0.010774520334314577 0.015711573073450173 -0.0083434772637221693 -0.089416282280022075 -0.076509639137682828 0.016091191473171736 -0.050212431586103057 0.14489587871055229 -1265.9999999999998 0.029828763531437555
decision_type=2 2 2 2 2 2 2 2 2 2 2 2 2 2
left_child=1 13 -3 4 9 10 -7 -5 -9 -4 -2 12 -10 -1
right_child=5 2 3 7 -6 6 -8 8 11 -11 -12 -13 -14 -15
leaf_value=0.047639226527665696 0.016575535371553915 -0.042439110348288678 -0.034543805610878976 -0.05460098684222553 -0.056312391883908068 -0.036265126082545902 0.0429074082486193 -0.060191612103818376 0.041232249930062297 0.030419417492185175 -0.054815946624780613 0.051839639353225914 -0.040613274890201619 0.009143769787702264
leaf_weight=11.463829986751078 0.94435955863445986 2.8100427258759764 1.6907736230641628 0.81859789229929703 2.4450179431587458 1.7166897878050802 2.6778158890083432 0.6187669187784256 7.6642928645014843 3.6998544866219163 3.9136229343712312 6.4480179902166119 2.5384835600852869 2.776222448796033
leaf_count=51 9 62 31 16 39 24 18 7 43 32 47 24 55 17
internal_value=0.0131681 0.0194061 0.00913359 0.0147239 -0.0106619 -0.0158048 0.0119791 0.0257208 0.0295282 0.0100437 -0.0409379 0.0328623 0.0208688 0.0401342
internal_weight=52.2264 42.9739 28.7338 25.9238 7.83565 9.25249 4.39451 18.0882 17.2696 5.39063 4.85798 16.6508 10.2028 14.2401
internal_count=475 377 309 247 102 98 42 145 129 63 56 122 98 68
is_linear=0
shrinkage=0.05


end of trees

feature_importances:
今後のDX展望_svd1=61
企業概要_svd2=34
売上高経常利益率=25
有利子負債比率=23
従業員数=22
売上高営業利益率=22
ROE=21
ROA=20
アンケート７=17
減価償却費率=14
今後のDX展望_svd27=14
アンケート８=13
企業概要_svd8=13
企業概要_svd31=13
企業概要_svd33=12
企業概要_svd7=11
アンケート４=10
企業概要_svd9=10
今後のDX展望_svd10=10
無形固定資産変動率=9
企業概要_svd30=9
今後のDX展望_svd2=9
組織図_svd18=9
組織図_svd27=9
企業概要_svd32=8
今後のDX展望_svd3=8
組織図_svd12=8
無形固定資産変動(ソフトウェア関連)=7
フリーCF=7
戦略実感ギャップ=7
企業概要_svd24=7
企業概要_svd28=7
今後のDX展望_svd33=7
今後のDX展望_svd35=7
今後のDX展望_svd39=7
組織図_svd19=7
組織図_svd30=7
組織図_svd39=7
営業利益=6
営業CF=6
流動資産比率=6
負債比率=6
ソフトウェア投資対有形固定資産比=6
企業概要_svd4=6
企業概要_svd10=6
企業概要_svd27=6
企業概要_svd35=6
今後のDX展望_svd7=6
今後のDX展望_svd11=6
今後のDX展望_svd12=6
今後のDX展望_svd13=6
今後のDX展望_svd15=6
今後のDX展望_svd17=6
今後のDX展望_svd18=6
今後のDX展望_svd28=6
今後のDX展望_svd38=6
組織図_svd31=6
経常利益=5
自己資本比率=5
有利子負債=5
今後のDX展望_len=5
DXキーワード数_DX展望=5
DX部署有無_組織図=5
店舗数_事業所数比=5
企業概要_svd11=5
企業概要_svd12=5
企業概要_svd23=5
今後のDX展望_svd22=5
今後のDX展望_svd37=5
組織図_svd0=5
組織図_svd13=5
組織図_svd21=5
組織図_svd23=5
組織図_svd34=5
組織図_svd38=5
業界=4
事業所数=4
資本金=4
短期借入金=4
当期純利益=4
投資CF=4
アンケート２=4
一人当たり売上=4
企業概要_svd3=4
今後のDX展望_svd9=4
今後のDX展望_svd16=4
今後のDX展望_svd24=4
今後のDX展望_svd29=4
組織図_svd2=4
組織図_svd5=4
組織図_svd9=4
組織図_svd14=4
組織図_svd24=4
組織図_svd33=4
減価償却費=3
有形固定資産変動率=3
DX前向きスコア合計=3
企業名_len=3
企業概要_svd1=3
企業概要_svd5=3
企業概要_svd6=3
企業概要_svd13=3
企業概要_svd15=3
企業概要_svd20=3
企業概要_svd22=3
企業概要_svd25=3
企業概要_svd29=3
企業概要_svd34=3
今後のDX展望_svd5=3
今後のDX展望_svd8=3
今後のDX展望_svd20=3
今後のDX展望_svd30=3
今後のDX展望_svd32=3
組織図_svd4=3
組織図_svd6=3
組織図_svd7=3
組織図_svd8=3
組織図_svd10=3
組織図_svd11=3
組織図_svd16=3
組織図_svd20=3
組織図_svd32=3
組織図_svd36=3
工場数=2
純資産=2
有形固定資産変動=2
アンケート１１=2
DX抵抗感=2
企業概要_svd14=2
企業概要_svd16=2
企業概要_svd17=2
企業概要_svd18=2
企業概要_svd26=2
企業概要_svd36=2
企業概要_svd38=2
企業概要_svd39=2
今後のDX展望_svd4=2
今後のDX展望_svd6=2
今後のDX展望_svd23=2
今後のDX展望_svd31=2
今後のDX展望_svd36=2
組織図_svd3=2
組織図_svd15=2
組織図_svd17=2
組織図_svd26=2
組織図_svd29=2
組織図_svd35=2
特徴=1
店舗数=1
総資産=1
流動資産=1
固定資産=1
負債=1
長期借入金=1
自己資本=1
売上=1
一人当たり営業利益=1
企業概要_len=1
組織図行数=1
工場数_事業所数比=1
企業概要_svd0=1
企業概要_svd19=1
企業概要_svd21=1
企業概要_svd37=1
今後のDX展望_svd0=1
今後のDX展望_svd14=1
今後のDX展望_svd21=1
今後のDX展望_svd25=1
今後のDX展望_svd34=1
組織図_svd1=1
組織図_svd25=1
組織図_svd28=1
組織図_svd37=1

parameters:
[boosting: gbdt]
[objective: binary]
[metric: binary_logloss]
[tree_learner: serial]
[device_type: cpu]
[data_sample_strategy: bagging]
[data: ]
[valid: ]
[num_iterations: 1000]
[learning_rate: 0.05]
[num_leaves: 15]
[num_threads: 0]
[seed: 42]
[deterministic: 0]
[force_col_wise: 0]
[force_row_wise: 0]
[histogram_pool_size: -1]
[max_depth: -1]
[min_data_in_leaf: 10]
[min_sum_hessian_in_leaf: 0.001]
[bagging_fraction: 0.8]
[pos_bagging_fraction: 1]
[neg_bagging_fraction: 1]
[bagging_freq: 1]
[bagging_seed: 400]
[bagging_by_query: 0]
[feature_fraction: 0.8]
[feature_fraction_bynode: 1]
[feature_fraction_seed: 30056]
[extra_trees: 0]
[extra_seed: 12879]
[early_stopping_round: 0]
[early_stopping_min_delta: 0]
[first_metric_only: 0]
[max_delta_step: 0]
[lambda_l1: 0]
[lambda_l2: 0]
[linear_lambda: 0]
[min_gain_to_split: 0]
[drop_rate: 0.1]
[max_drop: 50]
[skip_drop: 0.5]
[xgboost_dart_mode: 0]
[uniform_drop: 0]
[drop_seed: 17869]
[top_rate: 0.2]
[other_rate: 0.1]
[min_data_per_group: 100]
[max_cat_threshold: 32]
[cat_l2: 10]
[cat_smooth: 10]
[max_cat_to_onehot: 4]
[top_k: 20]
[monotone_constraints: ]
[monotone_constraints_method: basic]
[monotone_penalty: 0]
[feature_contri: ]
[forcedsplits_filename: ]
[refit_decay_rate: 0.9]
[cegb_tradeoff: 1]
[cegb_penalty_split: 0]
[cegb_penalty_feature_lazy: ]
[cegb_penalty_feature_coupled: ]
[path_smooth: 0]
[interaction_constraints: ]
[verbosity: -1]
[saved_feature_importance_type: 0]
[use_quantized_grad: 0]
[num_grad_quant_bins: 4]
[quant_train_renew_leaf: 0]
[stochastic_rounding: 1]
[linear_tree: 0]
[max_bin: 255]
[max_bin_by_feature: ]
[min_data_in_bin: 3]
[bin_construct_sample_cnt: 200000]
[data_random_seed: 175]
[is_enable_sparse: 1]
[enable_bundle: 1]
[use_missing: 1]
[zero_as_missing: 0]
[feature_pre_filter: 1]
[pre_partition: 0]
[two_round: 0]
[header: 0]
[label_column: ]
[weight_column: ]
[group_column: ]
[ignore_column: ]
[categorical_feature: 1,2,3]
[forcedbins_filename: ]
[precise_float_parser: 0]
[parser_config_file: ]
[objective_seed: 16083]
[num_class: 1]
[is_unbalance: 0]
[scale_pos_weight: 3.14525]
[sigmoid: 1]
[boost_from_average: 1]
[reg_sqrt: 0]
[alpha: 0.9]
[fair_c: 1]
[poisson_max_delta_step: 0.7]
[tweedie_variance_power: 1.5]
[lambdarank_truncation_level: 30]
[lambdarank_norm: 1]
[label_gain: ]
[lambdarank_position_bias_regularization: 0]
[eval_at: ]
[multi_error_top_k: 1]
[auc_mu_weights: ]
[num_machines: 1]
[local_listen_port: 12400]
[time_out: 120]
[machine_list_filename: ]
[machines: ]
[gpu_platform_id: -1]
[gpu_device_id: -1]
[gpu_device_id_list: ]
[gpu_use_dp: 0]
[num_gpu: 1]

end of parameters

pandas_categorical:[["\u5316\u5b66", "\u904b\u8f38\u30fb\u7269\u6d41", "\u5efa\u8a2d\u30fb\u5de5\u4e8b", "\u6a5f\u68b0", "\u533b\u7642\u30fb\u798f\u7949", "\u98df\u54c1", "\u88fd\u9020", "\u81ea\u52d5\u8eca\u30fb\u4e57\u308a\u7269", "\u6a5f\u68b0\u95a2\u9023\u30b5\u30fc\u30d3\u30b9", "\u5916\u98df", "\u5c0f\u58f2", "\u30a8\u30f3\u30bf\u30e1", "\u305d\u306e\u4ed6\u30b5\u30fc\u30d3\u30b9", "\u30b3\u30f3\u30b5\u30eb\u30c6\u30a3\u30f3\u30b0", "\u751f\u6d3b\u7528\u54c1", "\u30a8\u30cd\u30eb\u30ae\u30fc", "\u30a2\u30d1\u30ec\u30eb\u30fb\u7f8e\u5bb9", "\u96fb\u6c17\u88fd\u54c1", "IT", "\u91d1\u878d", "\u4e0d\u52d5\u7523", "\u5546\u793e", "\u901a\u4fe1", "\u4eba\u6750", "\u5e83\u544a", "\u30b2\u30fc\u30e0", "\u30de\u30b9\u30b3\u30df", "\u305d\u306e\u4ed6", "\u6559\u80b2", "\u901a\u4fe1\u6a5f\u5668", "\u5c02\u9580\u30b5\u30fc\u30d3\u30b9"], ["GR", "PR", "ST"], ["BtoB", "BtoB, BtoC", "BtoC", "BtoB, BtoC, CtoC", "CtoC", "missing"]]
