tree
version=v4
num_class=1
num_tree_per_iteration=1
label_index=0
max_feature_idx=192
objective=binary sigmoid:1
feature_names=従業員数 業界 上場種別 特徴 事業所数 工場数 店舗数 資本金 総資産 流動資産 固定資産 負債 短期借入金 長期借入金 純資産 自己資本 売上 営業利益 経常利益 当期純利益 営業CF 減価償却費 運転資本変動 投資CF 有形固定資産変動 無形固定資産変動(ソフトウェア関連) アンケート１ アンケート２ アンケート３ アンケート４ アンケート５ アンケート６ アンケート７ アンケート８ アンケート９ アンケート１０ アンケート１１ 自己資本比率 ROE ROA 売上高営業利益率 売上高経常利益率 流動資産比率 負債比率 有利子負債 有利子負債比率 一人当たり売上 一人当たり営業利益 事業所あたり従業員数 フリーCF 減価償却費率 無形固定資産変動率 有形固定資産変動率 ソフトウェア投資対有形固定資産比 DX前向きスコア合計 DX前向きスコア平均 DX抵抗感 戦略実感ギャップ 導入済みフラグ 既存ツール満足度欠損フラグ セキュリティ整備度 企業概要_len 組織図_len 今後のDX展望_len 企業名_len DXキーワード数_企業概要 DXキーワード数_DX展望 DX部署有無_組織図 組織図行数 工場数欠損フラグ 店舗数欠損フラグ 店舗数_事業所数比 工場数_事業所数比 企業概要_svd0 企業概要_svd1 企業概要_svd2 企業概要_svd3 企業概要_svd4 企業概要_svd5 企業概要_svd6 企業概要_svd7 企業概要_svd8 企業概要_svd9 企業概要_svd10 企業概要_svd11 企業概要_svd12 企業概要_svd13 企業概要_svd14 企業概要_svd15 企業概要_svd16 企業概要_svd17 企業概要_svd18 企業概要_svd19 企業概要_svd20 企業概要_svd21 企業概要_svd22 企業概要_svd23 企業概要_svd24 企業概要_svd25 企業概要_svd26 企業概要_svd27 企業概要_svd28 企業概要_svd29 企業概要_svd30 企業概要_svd31 企業概要_svd32 企業概要_svd33 企業概要_svd34 企業概要_svd35 企業概要_svd36 企業概要_svd37 企業概要_svd38 企業概要_svd39 今後のDX展望_svd0 今後のDX展望_svd1 今後のDX展望_svd2 今後のDX展望_svd3 今後のDX展望_svd4 今後のDX展望_svd5 今後のDX展望_svd6 今後のDX展望_svd7 今後のDX展望_svd8 今後のDX展望_svd9 今後のDX展望_svd10 今後のDX展望_svd11 今後のDX展望_svd12 今後のDX展望_svd13 今後のDX展望_svd14 今後のDX展望_svd15 今後のDX展望_svd16 今後のDX展望_svd17 今後のDX展望_svd18 今後のDX展望_svd19 今後のDX展望_svd20 今後のDX展望_svd21 今後のDX展望_svd22 今後のDX展望_svd23 今後のDX展望_svd24 今後のDX展望_svd25 今後のDX展望_svd26 今後のDX展望_svd27 今後のDX展望_svd28 今後のDX展望_svd29 今後のDX展望_svd30 今後のDX展望_svd31 今後のDX展望_svd32 今後のDX展望_svd33 今後のDX展望_svd34 今後のDX展望_svd35 今後のDX展望_svd36 今後のDX展望_svd37 今後のDX展望_svd38 今後のDX展望_svd39 組織図_svd0 組織図_svd1 組織図_svd2 組織図_svd3 組織図_svd4 組織図_svd5 組織図_svd6 組織図_svd7 組織図_svd8 組織図_svd9 組織図_svd10 組織図_svd11 組織図_svd12 組織図_svd13 組織図_svd14 組織図_svd15 組織図_svd16 組織図_svd17 組織図_svd18 組織図_svd19 組織図_svd20 組織図_svd21 組織図_svd22 組織図_svd23 組織図_svd24 組織図_svd25 組織図_svd26 組織図_svd27 組織図_svd28 組織図_svd29 組織図_svd30 組織図_svd31 組織図_svd32 組織図_svd33 組織図_svd34 組織図_svd35 組織図_svd36 組織図_svd37 組織図_svd38 組織図_svd39
feature_infos=[215:113000] -1:3:18:19:2:7:6:10:0:21:13:1:5:4:16:9:23:15:17:20:11:14:8:12:25:28 -1:1:2:0 -1:0:1:2 [1:1996] [1:223] [1:2023] [10:1708754] [2045:91876322] [1016:51490821] [1030:40385500] [1202:74809749] [0:1857260] [0:4565742] [-5025:36000857] [-5050:34955086] [4714:46209078] [-496655:5416709] [-34054:721315] [-319278:5091601] [-199278:9433233] [50:1500000] [-200000:200000] [-870274:538] [-500000:30000] [-370274:-12] [1:5] [1:5] [1:5] [1:5] [1:5] [1:2] [1:5] [1:5] [1:5] [1:5] [1:5] [-0.72620074777106702:0.94471274555178109] [-3.3765419192975119:572.33333333333337] [-0.57481211569118651:0.32024295969077859] [-0.20075718225690597:0.63147520788420075] [-0.14074517988882229:0.73281710589995164] [0.2089433094303883:0.85948755424975021] [-16013:70.252957381299623] [0:4941940] [0:0.60599873409967941] [2.3394021739130433:3984.5469890510949] [-59.444045481747459:677.12091333679291] [0.36172344689378755:74438] [-337307:8802568] [0.0011817853783210139:0.086119107030979192] [-0.077669511766974203:-1.4712643961487998e-05] [-0.097840178069124081:0.01433938455361496] [-2327:-0.0066644451849383543] [10:31] [1.4285714285714286:4.4285714285714288] [1:5] [-4:4] [0:1] [0:1] [1:5] [17:731] [59:1756] [215:1215] [6:19] [0:7] [2:18] [0:1] [1:65] [0:1] [0:1] [0:1305] [0:24.777777777777779] [0.039232421863063957:0.43535762591652322] [-0.3424377997045045:0.27051519629740328] [-0.21671813777262705:0.47394339014492343] [-0.20197193035996919:0.40915260684262988] [-0.17249761348568365:0.71400133680562772] [-0.34127746409152038:0.40022932200604733] [-0.21984384352294448:0.21701189146168179] [-0.24381128388690312:0.2666454313029889] [-0.30125216023854889:0.44693022310804825] [-0.20450289311276992:0.2865921396816512] [-0.21165606225060554:0.34992462277646774] [-0.22879125172520498:0.31643639329302686] [-0.2753146443588988:0.25039579561761571] [-0.22767691286823136:0.34160221151196368] [-0.22785947461821215:0.25698432937175392] [-0.2095590177285673:0.23660873295593199] [-0.20756304635540862:0.22829125501754027] [-0.19325499585872294:0.37236398207776] [-0.27017298446705368:0.21355609213343879] [-0.18538251256045649:0.23099762625958609] [-0.19605428385307958:0.29000219804533789] [-0.19739646415588294:0.20460439590685542] [-0.15931440401240132:0.26803845618309774] [-0.2059054343134385:0.2510499285453871] [-0.20882872217039783:0.19533057018374372] [-0.23317073028968477:0.24527533722490738] [-0.1755850097937717:0.2334033801342629] [-0.15257048221710748:0.19074022026941509] [-0.18414545615364897:0.23083190922248237] [-0.16474761580049019:0.24267683996038689] [-0.2202600990127076:0.22990953901151126] [-0.18208629613020644:0.20337966330967105] [-0.21157045270064034:0.22397642822622682] [-0.17549724037459202:0.21706704781344882] [-0.1893564921221581:0.23526871059538418] [-0.19811110928282866:0.1668417003928668] [-0.19633169849694512:0.20471803863449492] [-0.16693593341784096:0.20469870483356795] [-0.15908269822825344:0.19437911988266787] [-0.19588464222848148:0.18010347153545386] [0.14768228199413974:0.36807904563721333] [-0.23628192712581206:0.22288893173232943] [-0.17793856011989279:0.19895611661885612] [-0.16299887865021537:0.19628047155120931] [-0.17512515866187975:0.16727754691899888] [-0.15090445203206362:0.21015656147847644] [-0.18792955257690361:0.18448243300079695] [-0.14770053056697294:0.1880290933921176] [-0.1551011626918142:0.18204927910278748] [-0.14889698801480644:0.1709352869535514] [-0.14918072164559196:0.17642889955904958] [-0.14719442909162175:0.16642944216735112] [-0.16722062442936581:0.16009560225861375] [-0.15304931640991254:0.16963909500991278] [-0.18293863434131941:0.17131575519548112] [-0.20858747415844792:0.18653997907688874] [-0.15256604799423346:0.1360992020385649] [-0.15608336156242339:0.14906779679685109] [-0.14583605909270514:0.12970896842296969] [-0.1780099548822473:0.15322345201741128] [-0.12390620520686288:0.15134483051133338] [-0.15449056841686276:0.1843142046383083] [-0.14115560774385022:0.18216450711170129] [-0.15972350073754135:0.14546134505544861] [-0.14959048176132123:0.15378963730133874] [-0.15427093145261461:0.13503785909355756] [-0.15500754911785389:0.15258570940790167] [-0.16250056603555454:0.1721547003397082] [-0.14975561031592546:0.14435560718685278] [-0.14131759093027799:0.142349491675553] [-0.11967328260400287:0.14409445728690401] [-0.20704752563323844:0.13759081035353704] [-0.15660668971118596:0.15793974061087654] [-0.1458865700038067:0.13739018017674989] [-0.15227960194805645:0.14160702279048445] [-0.13914455029444955:0.14320958309809761] [-0.134414911080424:0.19357490457594692] [-0.12999993796251114:0.15503611359324659] [-0.12784647171019498:0.13083873923540548] [-0.16879105083476659:0.15862018843663944] [0.050239184670456689:0.57996286244366713] [-0.41164113143863035:0.3235303368146672] [-0.31616974254416469:0.31455588203179252] [-0.23499218894762991:0.34519405562658689] [-0.21593000509658031:0.46601979651172964] [-0.30483247130547309:0.2558102750281176] [-0.27352174578772082:0.27030423529915026] [-0.35367453474674981:0.2796286503055932] [-0.20487381735604102:0.57871544283413223] [-0.22546119811208518:0.44687342722803686] [-0.29312787077241337:0.3434082625951434] [-0.22337006737787374:0.25697204896993087] [-0.24876031583863301:0.41475815339333622] [-0.24772282350171715:0.28770213966317815] [-0.31273927281176017:0.24411116854774922] [-0.29880343734921128:0.25284395352117151] [-0.19364001446274787:0.33598930968106472] [-0.25926148463201654:0.26665108534577309] [-0.22193929131708184:0.2856104003741311] [-0.24968789026490634:0.22357505715631085] [-0.25390345015579557:0.24214105240555905] [-0.20879665519384244:0.39676993746112682] [-0.23832779960541609:0.30072511654288409] [-0.21662311930298156:0.20315732976830789] [-0.18331817208421908:0.24153278855930566] [-0.2078467226113048:0.25221986570636229] [-0.22158030071968957:0.2598041519631849] [-0.19620621044315603:0.22530152684822297] [-0.19129451268038297:0.20905882899067349] [-0.21439576046552555:0.24415103243136332] [-0.23539080901375506:0.29525230919430123] [-0.14914296475351235:0.35482128115146871] [-0.19683915733651189:0.23988768545744599] [-0.22904616938404831:0.20080914277915096] [-0.16911233257575833:0.17626326647201634] [-0.19314698346566328:0.21470248273664932] [-0.19346950057493084:0.21384351970881352] [-0.16758371204766187:0.21666112444322702] [-0.20660075117201065:0.21790895095180648] [-0.22016605750671397:0.2225752556438427]
tree_sizes=1680 1695 1712 1708 1719 1711 1716 1724 1706 1717 1715 1710 1723 1711 1723 1722 1716 1721 1731 1716 1718 1732 1735 1722 1718 1723 1740 1737 1717 1718 1725 1724 1723 1726 1719 1727 1719 1735 1714 1733 1722 1725 1732 1722 1747 1723 1711 1731 1724 1729 1733 1727 1748 1713 1722 1723 1728 1720 1735 1720 1727 1729 1727 1734 1741 1771 1730 1736 1724 1730 1736 1731 1727 1734 1744 1718 1725 1733 1740 1736 1730 1737 1729 1734 1729 1731 1742 1726 1729 1728 1751 1739 1735 1750 1731 1726 1747 1739 1739 1749 1745 1737 1738 1744 1753 1738 1747 1750 1737 1753 1745 1756 1742 1745 1747 1752 1745 1752 1763 1742 1752 1761 1760 1763 1747 1760 1761 1759 1760 1759 1760 1756 1767 1762 1760 1750 1758 1769

Tree=0
num_leaves=15
num_cat=0
split_feature=114 41 32 33 161 107 187 114 41 127 38 114 44 17
split_gain=217.261 92.3476 57.9664 37.1489 34.5896 28.6691 26.7322 24.7991 22.133 21.3384 17.8075 17.5822 17.1675 26.4619
threshold=-0.11655256495035546 0.12863060182427774 1.5000000000000002 3.5000000000000004 0.085136847632984056 -0.070464187666763739 0.069923023414191252 0.12528708515929363 0.091444617197258313 -0.080261925479908583 0.10500286860289182 0.078522612472481837 304.50000000000006 7189.5000000000009
decision_type=2 8 8 2 2 2 2 2 8 2 2 2 2 10
left_child=5 2 11 7 -5 -1 9 -3 -8 -7 -9 -2 13 -4
right_child=1 3 12 4 -6 6 8 10 -10 -11 -12 -13 -14 -15
leaf_value=-1.2122918413481085 -0.98106884698374863 -0.98399385865907973 -1.1725888196902317 -1.2122918413481085 -0.96524255639739376 -1.2122918413481085 -1.2122918413481085 -1.2122918413481085 -1.0145168922704686 -0.96816669982852344 -1.0204049114505662 -1.1469159989829438 -1.2075476822776268 -0.96524255639739376
leaf_weight=1.4639598131179798 4.7609364390373221 14.465804293751722 7.9219445735216123 5.4898492991924277 1.9096906334161756 0.9149748831987371 2.1959397196769705 2.3789346963167182 3.9757959544658661 41.228053450584412 2.4586755633354187 2.4055149853229523 33.148671060800552 1.9096906334161756
leaf_count=8 11 34 39 30 4 5 12 13 11 88 7 11 179 4
internal_value=-1.07568 -1.12839 -1.16839 -1.05328 -1.14853 -0.994305 -0.9877 -1.01677 -1.08489 -0.973467 -1.11477 -1.03674 -1.19034 -1.13231
internal_weight=126.628 76.8497 50.1468 26.703 7.39954 49.7787 48.3148 19.3034 6.17174 42.143 4.83761 7.16645 42.9803 9.83164
internal_count=456 332 244 88 34 124 116 54 23 93 20 22 222 43
is_linear=0
shrinkage=1


Tree=1
num_leaves=15
num_cat=0
split_feature=39 113 76 14 181 20 25 25 51 91 13 13 0 171
split_gain=99.1468 62.6778 49.3274 48.9765 36.3241 33.0442 22.9823 22.4233 22.8027 23.8237 22.243 17.4002 15.6527 14.3198
threshold=0.040516485885190516 0.28349744358035539 -0.038545612218680116 3577127.5000000005 0.031035957765981299 4118.5000000000009 -459.99999999999994 -865.99999999999989 -0.011233283108811861 -0.017615002787715311 15322.500000000002 2513.0000000000005 621.50000000000011 0.085474783997551471
decision_type=2 2 2 2 2 2 2 2 2 2 2 2 2 2
left_child=1 5 4 12 6 13 11 -4 -9 -10 -7 -2 -3 -1
right_child=2 3 7 -5 -6 10 -8 8 9 -11 -12 -13 -14 -15
leaf_value=-0.06624346453539888 0.16974857558326106 0.05183499906069769 0.1503495565735592 0.19145231031193111 -0.065565288546676675 0.15393108634406596 -0.06546180363116981 0.12869865564988001 0.11156118846834284 -0.066259102575867174 0.028117452818846225 0.038932698942938798 -0.054525381043768563 0.097455448917174489
leaf_weight=4.4117725342512157 5.9433661550283432 3.9415877461433402 37.43202543258667 2.4261142611503592 6.1301705092191687 12.027018740773203 2.1598524451255807 11.200386121869089 3.5185391008853921 4.0536447912454587 4.9625085592269889 4.4417000263929367 28.261779442429543 1.9161750227212904
leaf_count=24 11 14 81 4 34 25 12 28 10 22 20 17 152 6
internal_value=0.0665903 0.0174844 0.104592 -0.0251863 0.0341895 0.0808559 0.0829354 0.127984 0.0833885 0.016368 0.117182 0.113799 -0.0415072 -0.0166736
internal_weight=132.827 57.947 74.8797 34.6295 18.6751 23.3175 12.5449 56.2046 18.7726 7.57218 16.9895 10.3851 32.2034 6.32795
internal_count=460 245 215 170 74 75 40 141 60 32 45 28 166 30
is_linear=0
shrinkage=0.05


Tree=2
num_leaves=15
num_cat=0
split_feature=114 41 114 27 39 189 103 139 90 82 145 187 144 131
split_gain=178.089 98.3918 40.8476 42.789 22.4283 24.1382 38.8729 17.7654 15.3584 18.9597 13.2028 12.6633 16.6857 13.068
threshold=-0.11655256495035546 0.1210860258455468 0.094917290839105606 1.5000000000000002 0.10057818525984112 -0.072533577810350983 -0.029530070907541433 -0.085386600547542921 -0.04338547383988911 -0.012039757502391864 -0.074292477041609031 0.02533080663318146 0.01078516849872979 -0.039627891891982979
decision_type=2 8 2 2 2 2 2 2 2 2 2 2 2 2
left_child=7 4 8 -4 5 6 -2 -1 9 -3 -10 -9 13 -13
right_child=1 2 3 -5 -6 -7 -8 11 10 -11 -12 12 -14 -15
leaf_value=-0.067937543325702093 0.13258425966520801 0.11943821324709769 0.13899561139104294 -0.065687177672138719 0.10545064701348845 -0.060880960191252165 -0.065220953989976072 0.14512284532140177 -0.066822820103663791 -0.067610087744283828 0.14768801661017761 -0.069416411650872381 0.0065014818965332486 0.14073986426502752
leaf_weight=1.1478136330842961 4.6497232466936111 3.3259247690439224 3.7683603614568693 7.9191519916057587 2.7338650375604621 36.272273331880569 5.33198733627796 40.772189304232597 0.74973186850548046 2.2858919352293041 16.588861048221588 0.80101928114890952 4.1820434480905524 9.6648818254470807
leaf_count=6 10 8 8 44 8 202 30 77 4 12 32 4 17 19
internal_value=0.0582459 0.0118969 0.0763951 0.000307919 -0.033708 -0.041933 0.0269215 0.126765 0.115143 0.0432468 0.138412 0.130797 0.090922 0.124655
internal_weight=140.194 83.6258 34.6379 11.6875 48.9878 46.254 9.98171 56.5679 22.9504 5.61182 17.3386 55.4201 14.6479 10.4659
internal_count=481 358 108 52 250 242 40 123 56 20 36 117 40 23
is_linear=0
shrinkage=0.05


Tree=3
num_leaves=15
num_cat=0
split_feature=114 41 114 40 158 73 86 112 151 145 37 106 125 132
split_gain=152.041 72.3745 33.3713 21.4654 26.3802 21.1288 20.3718 16.8729 12.5456 12.3227 21.3535 9.423 7.66845 7.14225
threshold=-0.0506983935911769 0.1210860258455468 0.099790720845457384 0.059554647627213846 0.035033055124330192 0.26816942203590982 0.11109377248365566 0.03207165162736144 -0.078426365247876773 -0.021857954951028442 0.22002364487343026 -0.10169044092764963 -0.081409127917637672 -0.09118938746649527
decision_type=2 8 2 8 2 2 2 2 2 2 2 2 2 2
left_child=3 6 9 4 5 -1 8 -4 -2 -3 -11 -5 -13 -14
right_child=1 2 7 11 -6 -7 -8 -9 -10 10 -12 12 13 -15
leaf_value=0.0024954801522557371 0.048027074832550865 0.029960386818829232 -0.065217748586326993 -0.069803379632010915 -0.036577964693402854 0.13160007481941174 0.07489907621006732 0.076455640671976841 -0.064309257313558091 -0.067380635901914246 0.14255515586975606 0.022683854211367781 -0.072547128883470396 0.13348544481208832
leaf_weight=4.3575166463851955 2.7024968117475501 4.7065869569778487 5.9937499165534955 0.60924960672855277 4.8663349151611319 11.619651198387144 3.2999140769243231 3.2364042103290558 30.935422718524933 1.3347472846508033 13.091665238142012 1.669706568121909 0.42436353862285514 47.846653059124947
leaf_count=18 10 17 34 3 23 24 11 10 180 7 22 6 2 86
internal_value=0.057609 0.00247196 0.0625425 0.108041 0.0653451 0.0963889 -0.0436539 -0.0155423 -0.0552841 0.100212 0.123132 0.125646 0.12803 0.131674
internal_weight=136.694 65.301 28.3632 71.3935 20.8435 15.9772 36.9378 9.23015 33.6379 19.133 14.4264 50.55 49.9407 48.271
internal_count=453 291 90 162 65 42 201 44 190 46 29 97 94 88
is_linear=0
shrinkage=0.05


Tree=4
num_leaves=15
num_cat=0
split_feature=41 25 7 171 158 136 44 132 98 189 81 172 177 100
split_gain=82.2778 34.3663 29.6325 24.1937 24.2049 22.0941 21.7131 26.6729 28.3221 16.2077 15.5061 25.3662 11.4419 10.7203
threshold=0.069977542150869307 -407.99999999999994 664.00000000000011 -0.017739271117699993 0.037620778419237798 0.070290197766036414 25254.500000000004 -0.017982921491063654 -0.017769409286764341 0.014349648872068839 0.043943623608070963 0.054873514034504557 0.057854739556241076 0.086417416031434838
decision_type=8 2 8 2 2 2 2 2 2 2 2 2 2 2
left_child=3 6 -3 4 9 -5 10 -8 -9 -1 -2 -12 -4 -11
right_child=1 2 12 5 -6 -7 7 8 -10 13 11 -13 -14 -15
leaf_value=0.098240162592225788 0.11751533912408069 0.098584200679752654 -0.065979100452788764 -0.057443122315728269 -0.064252894798789831 0.089167463607312036 -0.041962673058691384 -0.067521574577756094 0.11155182028290195 -0.064613689876820923 -0.06750006094657704 0.11304569523081374 0.055664216778825951 0.081390152321744139
leaf_weight=11.054910078644758 51.217557445168495 6.4227903485298183 8.1827670782804471 20.403191179037098 4.7679012864828101 2.9400042891502371 5.8835922479629543 2.6381632238626542 13.542282521724696 3.2487919330596915 3.1637712121009809 5.0520299971103668 2.5310791134834281 2.0509170889854431
leaf_count=28 97 16 46 115 28 8 29 14 29 19 17 11 9 6
internal_value=0.0525721 0.0780281 0.0136657 -0.00389463 0.0348771 -0.038978 0.0915618 0.0492041 0.0823546 0.0637767 0.107287 0.0435205 -0.0372416 -0.00811214
internal_weight=143.1 98.634 17.1366 44.4657 21.1225 23.3432 81.4974 22.064 16.1804 16.3546 59.4334 8.2158 10.7138 5.29971
internal_count=472 268 71 204 81 123 197 72 43 53 125 28 55 25
is_linear=0
shrinkage=0.05


Tree=5
num_leaves=15
num_cat=0
split_feature=114 162 40 173 45 122 130 130 0 64 23 81 146 185
split_gain=132.588 44.8861 30.8225 34.6275 20.8324 20.0797 14.187 13.4486 13.1606 14.7729 19.5158 11.4096 10.3858 13.4312
threshold=-0.005922442094324072 -0.065725185556109719 0.062047048973189474 -0.027009872035011807 0.1919892640009756 -0.021562533343939001 -0.076319187512399425 0.10584898275797282 1015.5000000000001 11.500000000000002 -1639.9999999999998 -0.096271877099856046 0.0035816621473912656 0.01710258363093143
decision_type=2 2 8 2 2 2 2 2 2 2 2 2 2 2
left_child=2 5 3 -1 12 -2 -4 -3 9 10 -8 -10 -5 -14
right_child=1 7 6 4 -6 -7 8 -9 11 -11 -12 -13 13 -15
leaf_value=-0.06617917728916177 -0.065095974550132052 -0.055593168832042905 -0.069930943993605763 0.12039477955808209 -0.030899456200560945 0.090278931676797625 0.084528591506599013 0.074048611363667319 -0.068889671434706437 0.12604522958438716 -0.040177566777138934 0.12252892177005024 0.093348480384349758 -0.067634062182582291
leaf_weight=6.309324279427531 2.5918903946876517 34.811404824256897 1.2089757025241841 11.157232210040098 4.3060646206140509 10.516059607267378 8.6904908120632172 2.1224102377891532 0.7932010293006887 7.7380368858575812 4.9096470326185235 41.926732927560806 3.7369616180658332 1.983351334929466
leaf_count=35 15 200 6 20 21 27 19 6 4 13 22 65 9 11
internal_value=0.0456622 -0.0199325 0.0810489 0.036641 0.067265 0.059556 0.0997552 -0.0481433 0.102958 0.0708908 0.0395097 0.118975 0.0923102 0.0375325
internal_weight=142.802 50.0418 92.76 27.4929 21.1836 13.108 65.2671 36.9338 64.0581 21.3382 13.6001 42.7199 16.8775 5.72031
internal_count=473 248 225 96 61 42 129 206 123 54 41 69 40 20
is_linear=0
shrinkage=0.05


Tree=6
num_leaves=15
num_cat=0
split_feature=114 41 41 39 187 43 162 50 140 77 84 179 81 145
split_gain=114.926 47.6491 27.5268 25.2467 19.4483 15.0327 13.0154 17.5789 13.0105 12.7525 12.6378 12.1857 10.3972 21.847
threshold=-0.028266582265697202 0.33002421145514271 0.028807860172810517 0.13081113105212541 0.068711314367911003 0.7005629410380928 -0.064328007623181985 0.032415080368826864 0.021153387190883773 -0.092565276133637575 0.13986388613599018 -0.099161658769520114 0.054818940875779182 0.025270962693902551
decision_type=2 8 8 2 2 2 2 2 2 2 2 2 2 2
left_child=2 3 8 10 9 -6 -3 -8 -1 -4 -2 -11 -13 -14
right_child=1 6 4 -5 5 -7 7 -9 -10 11 -12 12 13 -15
leaf_value=-0.06489008718964788 -0.055391219861072274 0.12610285886506817 -0.069622942456990008 0.086984114253249908 0.0744050184621632 -0.070134031008814199 -0.034287200950039357 0.11946055616616391 0.090954999232680356 -0.011781030437314878 0.061498729370009525 0.10827206840618914 -0.068119348937040733 0.11665163986956983
leaf_weight=4.4896616041660309 35.868220880627632 6.0831412374973297 1.1397502422332753 3.8170459121465674 4.1081384420394889 3.2002334743738174 4.5697427690029127 3.1343147754669189 1.90847672522068 2.4108832627534857 2.4717213213443747 68.006095916032791 2.6637028604745856 4.0053795129060745
leaf_count=26 211 9 6 9 10 16 23 5 5 9 10 117 14 7
internal_value=0.0472472 -0.00925761 0.0816325 -0.0356466 0.0891154 0.0111134 0.0714318 0.0282635 -0.0184036 0.0964028 -0.0478555 0.0988576 0.10243 0.0428521
internal_weight=147.877 55.9442 91.9323 42.157 85.5342 7.30837 13.7872 7.70406 6.39814 78.2258 38.3399 77.0861 74.6752 6.66908
internal_count=477 267 210 230 179 26 37 28 31 153 221 147 138 21
is_linear=0
shrinkage=0.05


Tree=7
num_leaves=15
num_cat=0
split_feature=114 41 52 67 81 35 126 175 41 178 126 118 173 121
split_gain=107.678 48.6921 25.3012 18.4413 16.8531 14.9319 18.7528 13.6334 11.534 24.3819 10.8769 10.3078 7.95416 7.72536
threshold=-0.091481707325414413 0.1210860258455468 -0.028109714045362371 1.0000000180025095e-35 0.017169869079963176 3.5000000000000004 0.043037776219428114 0.061764120463890383 0.063754613627447776 1.0000000180025095e-35 -0.097359459055460493 0.10313990128881034 0.043054711945112893 -1.0000000180025095e-35
decision_type=2 8 2 2 2 2 2 2 8 2 2 2 2 2
left_child=8 2 3 -2 5 13 -7 -6 9 -1 -10 -4 -11 -3
right_child=1 4 11 -5 7 6 -8 -9 10 12 -12 -13 -14 -15
leaf_value=-0.039125210597678352 -0.063167821572558819 0.1118697420648551 -0.06272358584992814 0.095886476602422943 -0.066943498712367919 -0.06630416661431987 0.10732833939108939 0.065447701675771686 -0.076497632127382975 0.046513244044098928 0.10009422619232287 0.032479861989056939 0.13140071713108664 0.045062194504177748
leaf_weight=5.2024358659982708 2.6972138285636884 12.826905533671381 29.250004827976227 5.6186911314725876 4.9670340716838819 3.9615508913993827 2.5598903596401215 3.1956763565540314 0.88480089604854484 5.1433784514665586 60.139345079660416 3.149259701371192 5.9543090611696243 6.5301939547061947
leaf_count=25 17 20 184 15 27 22 5 8 4 16 99 13 9 21
internal_value=0.0461856 0.00339676 -0.033501 0.0442982 0.0475285 0.067287 0.00185257 -0.0151127 0.0875534 0.0501891 0.0975338 -0.0534697 0.0920584 0.089332
internal_weight=152.081 74.7564 40.7152 8.3159 34.0413 25.8785 6.52144 8.16271 77.3243 16.3001 61.0241 32.3993 11.0977 19.3571
internal_count=485 332 229 32 103 68 27 35 153 50 103 197 25 41
is_linear=0
shrinkage=0.05


Tree=8
num_leaves=15
num_cat=0
split_feature=114 41 40 187 39 176 90 18 4 180 0 106 39 28
split_gain=81.4843 31.4243 25.107 22.0049 19.2907 18.8989 15.4443 27.3393 14.4691 13.7675 10.7298 9.56618 9.24224 17.404
threshold=-0.032580360537591106 0.1384253428350822 0.058640379205156599 0.010798247813130745 0.10057818525984112 -0.033449087821181618 0.041051896161902739 12503.500000000002 7.5000000000000009 0.11290194046300267 1015.5000000000001 -0.10169044092764963 0.066255327173074516 3.5000000000000004
decision_type=2 8 8 2 2 2 2 10 10 2 2 2 2 2
left_child=2 4 3 6 9 -3 7 -1 -7 -2 12 -12 13 -4
right_child=1 5 10 -5 -6 8 -8 -9 -10 -11 11 -13 -14 -15
leaf_value=-0.066781079209313393 -0.056913176421955314 0.081439393678500491 -0.043730804502292518 -0.065311958301647433 0.087210511568285812 -0.065242419816193387 0.11184701109408778 0.10680600171525337 0.053618556831228049 0.071369295363969729 -0.069439986144361768 0.10471366034125691 0.092394630139630257 0.080516495081175074
leaf_weight=5.0357907116413134 28.855310738086704 12.396744534373285 4.9094103723764437 5.1961923092603675 2.9003817886114112 5.5298259109258634 6.5726898312568656 4.127315953373909 4.7679954618215561 2.2549504190683356 0.80358244478702445 42.071879059076309 10.531336799263952 6.617647647857666
leaf_count=28 185 27 21 30 7 32 12 7 14 8 4 61 18 13
internal_value=0.0408025 -0.00571221 0.0715205 0.0239007 -0.0361172 0.0398535 0.05336 0.0114073 -0.0102086 -0.0476149 0.0868711 0.10145 0.0585345 0.0275992
internal_weight=142.571 56.7052 85.8658 20.932 34.0106 22.6946 15.7358 9.16311 10.2978 31.1103 64.9339 42.8755 22.0584 11.5271
internal_count=467 273 194 77 200 73 47 35 46 193 117 65 52 34
is_linear=0
shrinkage=0.05


Tree=9
num_leaves=15
num_cat=0
split_feature=114 162 50 14 47 37 157 75 106 29 142 51 159 63
split_gain=66.7151 30.3883 23.1298 28.3588 17.3411 14.1692 13.3476 11.6067 18.3774 8.82756 11.9671 7.7158 7.30767 6.73249
threshold=-0.005922442094324072 -0.065725185556109719 0.010461730450325694 144597.50000000003 51.470341198399716 0.57981556086890607 -0.10111658209207998 0.077112617135759051 0.013590728480120469 3.5000000000000004 -0.039340023281932326 -0.029209814140990598 -0.22893227324702514 672.50000000000011
decision_type=2 2 2 2 10 2 2 2 2 2 2 2 2 2
left_child=2 5 3 -1 6 -2 -3 9 -9 12 -11 -5 -4 -14
right_child=1 4 7 11 -6 -7 -8 8 -10 10 -12 -13 13 -15
leaf_value=-0.0674601484644127 -0.027416879618717478 0.03785002615831716 -0.065597675462422719 0.11200747662498406 0.085212002060567837 0.086408148737387891 -0.056579598184190387 -0.073293823541861064 0.083528030328827704 -0.030988152818341236 0.071388336805824334 0.021207012931790663 -0.070474109256016312 0.097426194396101701
leaf_weight=6.7249994874000576 3.7403105497360221 4.3629430681467047 0.71351593732833762 4.7347092628479004 2.8783713430166236 10.162759989500044 26.301655963063244 3.2162716388702384 4.4568821042776108 3.3715954422950771 18.611788064241409 4.6250475496053678 0.60398875176906486 51.989051669836044
leaf_count=38 20 17 4 7 7 22 169 16 8 14 40 16 3 85
internal_value=0.0423844 -0.00636787 0.0657378 0.0108635 -0.0321298 0.0557861 -0.0431442 0.0763768 0.0177947 0.0823471 0.0556868 0.0671392 0.0933417 0.095498
internal_weight=146.494 47.446 99.0478 16.0848 33.543 13.9031 30.6646 82.9631 7.67315 75.2899 21.9834 9.35976 53.3066 52.593
internal_count=466 235 231 61 193 42 186 170 24 146 54 23 92 88
is_linear=0
shrinkage=0.05


Tree=10
num_leaves=15
num_cat=0
split_feature=114 41 151 0 114 179 149 12 139 21 29 24 20 80
split_gain=69.9393 36.0506 19.5531 18.9818 14.6577 20.0627 15.7783 17.2015 12.7924 12.1827 11.211 16.0307 8.18445 7.51924
threshold=-0.047629278521086955 0.11973876773671939 -0.064419425862523763 982.50000000000011 -0.15622067135902559 -0.068007219900061811 0.040784812017640136 5938.0000000000009 -1.0000000180025095e-35 7250.0000000000009 3.5000000000000004 -2349.9999999999995 469.00000000000006 -0.11742634757374483
decision_type=2 8 2 2 2 2 2 2 2 2 2 2 2 2
left_child=4 2 8 -3 13 -6 7 12 -2 -9 -5 -12 -7 -1
right_child=1 3 -4 10 5 6 -8 9 -10 -11 11 -13 -14 -15
leaf_value=-0.070874760631515432 0.098393056700304571 -0.0647923822472313 -0.06105793894550951 0.075114302467974403 -0.069828573767821353 -0.063983139051249596 -0.03639305638429665 -0.07061457900654107 -0.061251424339781792 0.067543355494079485 -0.067310754058082053 0.076249005198481407 0.09479143096003334 0.086943697308143233
leaf_weight=0.7679637223482122 3.5872232019901276 4.0943992435932186 26.082677185535431 16.375800937414173 3.6476780772209159 0.84448595345020905 4.2105535417795172 3.3433366417884818 1.9299279004335428 3.0524296760559082 4.0140687525272369 3.7717944979667655 20.872510209679604 43.838357552886009
leaf_count=4 9 24 180 36 19 5 19 17 13 7 22 8 32 75
internal_value=0.0346645 -0.00627559 -0.0429688 0.0347599 0.0650764 0.0413288 0.0538729 0.0673924 0.0425486 -0.00467762 0.0516298 0.00223554 0.0886173 0.0842266
internal_weight=140.433 59.8559 31.5998 28.2561 80.5773 35.971 32.3233 28.1128 5.51715 6.39577 24.1617 7.78586 21.717 44.6063
internal_count=470 292 202 90 178 99 80 61 22 24 66 30 37 79
is_linear=0
shrinkage=0.05


Tree=11
num_leaves=15
num_cat=0
split_feature=41 51 134 29 41 100 120 51 9 162 0 66 51 11
split_gain=39.8586 29.1385 22.4747 18.1997 19.5129 15.9885 14.1352 13.4377 12.1579 11.2543 16.4121 19.0057 9.08092 17.3929
threshold=0.063754613627447776 -0.023140568169666132 0.0654525635187376 3.5000000000000004 0.14997043338333915 -0.010652507001367511 0.10243231214188905 -0.013216845611770724 93137.000000000015 -0.080736001621406636 853.50000000000011 12.500000000000002 -0.0053138777167873333 2154169.5000000005
decision_type=8 2 2 2 10 2 2 2 2 2 2 2 2 2
left_child=1 5 3 9 7 -1 -3 8 -5 -2 11 -11 -12 -14
right_child=2 6 -4 4 -6 -7 -8 -9 -10 10 12 -13 13 -15
leaf_value=-0.064022978939963573 0.099379360220212543 -0.061468124298637905 -0.064953574358170632 -0.033013808515953251 0.070069108990359702 0.072080462910127888 0.079928844979165636 -0.051590389156032361 0.09563579068436448 -0.049569779836277666 0.084861151141963506 0.083321985795072551 -0.063266823144984594 0.077630384972588951
leaf_weight=2.684533655643464 21.006284639239311 19.08200411498547 4.0600047633051863 3.3322447836399105 12.219973757863043 10.997102208435532 1.9479479938745488 9.6514169275760668 4.0911571085453033 6.8442151695489866 29.592870429158207 4.4331270158290863 3.340408109128477 6.3617005944252014
leaf_count=17 31 132 25 14 25 27 5 54 6 37 53 8 21 12
internal_value=0.0350241 -0.0114208 0.0503879 0.0550302 0.0218323 0.045375 -0.0483709 -0.0126894 0.0378871 0.068617 0.0558392 0.00267002 0.0710984 0.0291199
internal_weight=139.645 34.7116 104.933 100.873 29.2948 13.6816 21.03 17.0748 7.4234 71.5786 50.5723 11.2773 39.295 9.70211
internal_count=467 181 286 261 99 44 137 74 20 162 131 45 86 33
is_linear=0
shrinkage=0.05


Tree=12
num_leaves=15
num_cat=0
split_feature=114 41 118 57 115 32 114 38 80 179 105 125 100 84
split_gain=64.2149 41.6265 18.5468 11.7035 19.88 9.99837 20.7809 12.28 9.10231 8.90115 7.5734 6.75587 5.1025 4.24499
threshold=-0.06348449553360698 0.1210860258455468 0.10313990128881034 -1.4999999999999998 -0.011154483827268533 3.5000000000000004 -0.1530350027884548 0.011496853827674207 -0.11742634757374483 -0.14257673774046301 -0.013232404467796577 -0.074622978205038701 0.10601363210111778 -0.022859411473772333
decision_type=2 8 2 2 2 10 2 2 2 2 2 2 2 2
left_child=5 2 12 -3 10 7 13 -1 -9 -10 -5 -11 -2 -7
right_child=1 3 -4 4 -6 6 -8 8 9 11 -12 -13 -14 -15
leaf_value=-0.064371613265968644 -0.060308693052612439 0.079957437111416438 0.069656684204725622 -0.020732036476832236 -0.063148123087470948 -0.0034967102751979279 -0.069343925361784714 -0.067005899509647776 -0.070118780634717603 -0.0059355857967105415 0.069119927145921439 0.087336949819123974 0.039285883126401952 0.078888804907625842
leaf_weight=1.516376569867133 25.698060430586345 11.796598523855211 3.3342390209436408 3.0134561955928829 5.5448959320783606 1.873092234134673 3.8372956812381736 1.041718155145644 0.94712443649768019 2.0061520785093228 10.575047388672827 60.144193381071105 1.3537801355123509 9.4617855250835401
leaf_count=9 189 23 11 13 35 6 20 6 5 7 22 94 5 15
internal_value=0.0385387 -4.61954e-05 -0.0416105 0.0407872 0.016637 0.0678092 0.0312273 0.0762628 0.0795877 0.0820079 0.0491939 0.0843262 -0.0553246 0.0652746
internal_weight=142.144 61.3161 30.3861 30.93 19.1334 80.8277 15.1722 65.6556 64.1392 63.0975 13.5885 62.1503 27.0518 11.3349
internal_count=460 298 205 93 70 162 41 121 112 106 35 101 194 21
is_linear=0
shrinkage=0.05


Tree=13
num_leaves=15
num_cat=0
split_feature=114 39 86 180 19 187 14 76 76 32 18 39 49 43
split_gain=55.4128 28.6309 18.1728 13.8594 13.7649 10.907 10.5366 10.8891 8.7795 8.2672 10.4712 17.804 8.92203 5.94758
threshold=-0.032580360537591106 0.10057818525984112 0.10305625344033011 0.11290194046300267 247.00000000000003 0.077259408163001461 3577127.5000000005 0.24382521426669243 -0.025471213686066512 3.5000000000000004 9401.5000000000018 0.041740846519044063 5207.0000000000009 1.0111090719446241
decision_type=2 2 2 2 2 2 2 2 2 8 8 2 2 2
left_child=4 2 3 6 -1 9 7 -2 -4 -6 11 12 -11 -7
right_child=1 -3 8 -5 5 13 -8 -9 -10 10 -12 -13 -14 -15
leaf_value=-0.061987295557912915 -0.060567862957303188 0.071322196038373323 -0.016731632696128818 0.05955830531084088 0.08719894907004537 0.035625338953500861 0.073690548051183552 0.050238264818619122 0.098279432818349957 -0.068391509564607669 0.077751445155152005 0.05857551053919751 0.057453846221581166 -0.069759775108954231
leaf_weight=2.2383547425270072 28.718500666320327 10.397315248847006 2.7367122545838356 3.4867051541805258 33.871091067790985 3.645185559988021 1.7613898515701283 2.4026886001229277 4.2148967012763014 5.2052404731512132 26.082989171147343 18.575590863823891 1.9308523982763288 2.1159881800413132
leaf_count=15 209 22 14 12 52 10 3 8 8 29 44 38 4 11
internal_value=0.0372958 -0.00318782 -0.0210707 -0.0352289 0.0605137 0.0635128 -0.0452797 -0.0520132 0.0530018 0.0679913 0.0554305 0.0327872 -0.0343408 -0.00308095
internal_weight=147.384 53.7182 43.3209 36.3693 93.6653 91.4269 32.8826 31.1212 6.95161 85.6658 51.7947 25.7117 7.13609 5.76117
internal_count=479 276 254 232 203 188 220 217 22 167 115 71 33 21
is_linear=0
shrinkage=0.05


Tree=14
num_leaves=15
num_cat=0
split_feature=19 187 113 56 41 133 173 174 63 41 178 50 126 130
split_gain=26.8623 16.8079 16.6892 18.4168 15.1074 13.4899 13.3878 12.7008 10.1035 7.74209 12.2846 8.59442 7.2715 7.13257
threshold=1560.5000000000002 -0.05346710039976995 0.29160299571128595 3.5000000000000004 0.062508180942168826 0.099109996620644611 0.059778370177893343 0.018058314171338057 974.00000000000011 0.076036924276442472 -0.013053805249439504 0.017402558019265459 -0.097359459055460493 -0.031985453740547162
decision_type=2 2 2 2 8 2 2 2 2 8 2 2 2 2
left_child=1 -1 9 4 -4 -3 -5 13 -9 10 11 -2 -11 -6
right_child=2 5 3 6 7 -7 -8 8 -10 12 -12 -13 -14 -15
leaf_value=0.049011347412420289 -0.070674537471434373 -0.053669294839140652 -0.03624945046334814 -0.054345207741493512 0.01208332523910924 0.095155602761278088 0.047304562317601356 -0.061543180723685746 0.066589953636947849 -0.075266410128685221 0.062888424455273789 0.057071206226622199 0.075332143995496481 0.080492574477899578
leaf_weight=7.7249778509140041 3.769025199115279 15.932450011372568 5.3215052857995051 10.455708265304564 4.5701888501644161 1.6835288852453221 4.6931015178561202 3.7693500742316237 2.5994354337453842 0.81615294516086478 11.776006333529947 2.0234941765666008 44.750769816339016 22.915417797863483
leaf_count=24 21 108 35 65 16 3 14 26 5 4 28 5 79 47
internal_value=0.0342077 -0.0124808 0.0442803 0.0239624 0.0420657 -0.0394464 -0.0228541 0.0543759 -0.00924533 0.0617629 0.0335648 -0.0260493 0.0726348 0.0691178
internal_weight=142.801 25.341 117.46 54.3247 39.1759 17.616 15.1488 33.8544 6.36879 63.1354 17.5685 5.79252 45.5669 27.4856
internal_count=480 135 345 208 129 111 79 94 31 137 54 26 83 63
is_linear=0
shrinkage=0.05


Tree=15
num_leaves=15
num_cat=0
split_feature=114 41 45 34 81 82 54 86 75 42 20 35 126 192
split_gain=53.4024 21.9331 14.9225 16.1265 14.8643 13.4496 13.9795 10.3023 9.08969 9.77138 8.68548 7.16295 10.5501 6.93963
threshold=-0.06348449553360698 0.11973876773671939 0.21319625994240041 1.5000000000000002 0.017169869079963176 -0.070293071803156706 22.500000000000004 -0.046987836291743447 0.043640595209511156 0.52746417440860094 668.00000000000011 3.5000000000000004 0.043037776219428114 0.076783603118592267
decision_type=2 8 2 2 2 2 2 2 2 2 2 2 2 2
left_child=2 5 8 -4 7 6 -2 -3 10 -10 -1 -9 -13 -7
right_child=1 4 3 -5 -6 13 -8 11 9 -11 -12 12 -14 -15
leaf_value=-0.066185553066490807 -0.060412792117564375 -0.034270963129146119 0.070665541269977275 -0.069511108006647601 -0.04342681842110771 -0.060091076774088405 0.074748028083439083 0.076783394683536066 -0.041308940926716838 0.062283437761106057 0.074093843508238361 -0.062749486035683033 0.077696193854854767 0.019878430032283258
leaf_weight=1.1233018785715092 3.0675927400588971 3.4812473207712236 3.7515975013375265 4.5283465534448624 5.9209416583180419 21.776668608188633 5.0829977542161942 14.813964128494264 3.9231149107217771 5.4230177402496338 62.386128202080727 2.6066665649414054 2.7455563992261887 3.0989097729325286
leaf_count=7 23 17 8 24 31 168 15 27 17 11 103 17 5 14
internal_value=0.0308394 -0.00385935 0.0576089 -0.00599783 0.0274207 -0.0318644 0.0238783 0.0451598 0.0648377 0.0187997 0.0716127 0.0588718 0.00929563 -0.0501288
internal_weight=143.73 62.5945 81.1355 8.27994 29.5684 33.0262 8.15059 23.6474 72.8556 9.34613 63.5094 20.1662 5.35222 24.8756
internal_count=487 317 170 32 97 220 38 66 138 28 110 49 22 182
is_linear=0
shrinkage=0.05


Tree=16
num_leaves=15
num_cat=0
split_feature=114 41 129 47 29 81 41 183 132 116 0 66 162 174
split_gain=44.0715 17.0415 18.5128 14.387 12.4569 17.4945 12.029 14.0068 10.3837 9.35335 8.68518 11.6223 12.4364 4.88463
threshold=0.083345056092522712 0.063064906892783171 -0.027383802801153011 20.651338611429239 3.5000000000000004 0.03326715684912137 0.13811969955878428 -0.050797745750698051 0.072274267306812093 -0.035570988369035918 853.50000000000011 12.500000000000002 -0.043685457928119238 0.10603636344538357
decision_type=2 8 2 10 2 2 8 2 2 2 2 2 2 2
left_child=1 2 9 13 10 6 7 -6 -4 -1 11 12 -3 -2
right_child=3 4 8 -5 5 -7 -8 -9 -10 -11 -12 -13 -14 -15
leaf_value=-0.060949020636351159 -0.059686268275537663 0.06892656470157113 -0.051257699788893399 0.045459885367957684 0.067193740629037449 -0.070396243079325446 0.067921869113166486 -0.068016163645241365 0.081434272696027335 0.074354925282581655 0.076446784913242 0.077305306086821735 -0.069541328340964409 0.042242980722529286
leaf_weight=1.48835740238428 17.008590042591102 2.6704383492469788 11.356768123805521 4.6982291489839545 3.4254441857337987 4.0467458367347708 15.36915555596352 4.3449942693114254 1.6943222284317005 9.0064308196306246 46.951260082423687 6.795824259519577 4.1285901218652707 1.2626220807433117
leaf_count=11 133 5 77 15 6 22 27 26 3 20 80 11 25 5
internal_value=0.0304795 0.0434951 0.00572553 -0.0325764 0.0536318 0.0255152 0.0422886 -0.00841155 -0.0340313 0.0551663 0.0662567 0.0310639 -0.0151556 -0.0526425
internal_weight=134.248 111.278 23.5459 22.9694 87.7325 27.1863 23.1396 7.77044 13.0511 10.4948 60.5461 13.5949 6.79903 18.2712
internal_count=466 313 111 153 202 81 59 32 80 31 121 41 30 138
is_linear=0
shrinkage=0.05


Tree=17
num_leaves=15
num_cat=0
split_feature=114 86 37 32 187 32 40 173 73 190 147 126 150 80
split_gain=40.2841 20.7087 16.902 13.84 13.0574 9.10598 15.1713 8.57288 8.27546 7.62738 9.80739 7.37289 19.117 6.358
threshold=-0.028266582265697202 0.10305625344033011 0.75436547751872485 1.5000000000000002 0.077259408163001461 3.5000000000000004 0.044789493020101621 0.14204806575496617 0.30027601246113295 0.070799096094398842 0.012205638763868274 0.0037552601680173828 0.013313526620787389 -0.096507391426403424
decision_type=2 2 2 8 2 8 8 2 2 2 2 2 2 2
left_child=4 2 3 -2 5 13 7 -7 -3 -5 -11 -8 -13 -1
right_child=1 8 -4 9 -6 6 11 -9 -10 10 -12 12 -14 -15
leaf_value=-0.062559695947744562 0.045436175449683536 -0.016445522135221966 0.052356414912301003 -0.060375996316330852 -0.02386278791302612 -0.064031038739591858 0.070963974659856474 0.063942814870523779 0.090360266503807143 -0.060049365328007115 0.076387819445770333 0.05393336514473164 -0.078983111072753354 0.080752645866294506
leaf_weight=0.79393072426319378 4.5618985518813124 2.4752980470657331 6.5416134223341933 23.676706202328209 5.4436770454049102 4.6977861449122438 25.082071095705032 1.813964784145355 6.7844191044569016 2.7159310132265082 2.5573520660400391 14.286436080932619 3.3371157050132743 30.697508201003075
leaf_count=5 16 12 21 184 24 30 42 4 14 21 5 29 17 46
internal_value=0.0304597 -0.00557942 -0.0211585 -0.0355089 0.0510883 0.0561436 0.0427095 -0.0283816 0.0618091 -0.0482641 0.00611775 0.0535495 0.0287649 0.0771396
internal_weight=135.466 49.3132 40.0535 33.5119 86.1525 80.7088 49.2174 6.51175 9.25972 28.95 5.27328 42.7056 17.6236 31.4914
internal_count=470 273 247 226 197 173 122 34 26 210 26 88 46 51
is_linear=0
shrinkage=0.05


Tree=18
num_leaves=15
num_cat=0
split_feature=114 43 7 187 168 0 45 190 109 96 32 176 98 19
split_gain=28.4263 18.5198 17.1811 14.1468 13.5216 10.3335 10.0064 12.3221 7.94109 7.48874 5.54196 10.8463 9.62241 6.45766
threshold=-0.005922442094324072 0.66171389999690544 433665.50000000006 0.077259408163001461 0.038552547750292557 772.50000000000011 0.21319625994240041 -0.0050741613317511116 0.064220100377096037 -0.050402710259932836 3.5000000000000004 -0.0078370575547070005 -0.089381621420127275 -1.0000000180025095e-35
decision_type=2 2 10 2 2 2 2 2 2 2 10 2 2 2
left_child=3 4 -3 6 5 -2 10 -8 -5 -7 12 -12 -1 -14
right_child=1 2 -4 8 -6 9 7 -9 -10 -11 11 -13 13 -15
leaf_value=-0.074152895393735138 -0.060093170885237884 -0.053619228325718984 0.091630834222913918 -0.066907131205194439 -0.060552262420476947 -0.061051186864641366 -0.067930249243137328 0.047007886373296164 0.05765162553041793 0.065776169735134907 0.05887267229159393 -0.030185413763369612 -0.060700799302136899 0.068639565555900575
leaf_weight=1.2403069138526834 2.124590799212462 18.34848061203957 2.2899979948997489 4.1496630981564513 3.6686212867498389 1.2538152039051151 3.7467716187238693 6.1746810749173147 1.8500841110944746 16.233768880367272 10.715127803385256 5.0207788944244376 0.98098707199095869 59.378067299723639
leaf_count=6 17 146 3 24 28 9 21 18 4 43 21 21 7 107
internal_value=0.0301484 -0.00301839 -0.0375026 0.0457684 0.027552 0.0440326 0.0508749 0.00360225 -0.0284982 0.056683 0.0569396 0.0304573 0.0637046 0.0665375
internal_weight=137.176 43.9193 20.6385 93.2565 23.2808 19.6122 87.2567 9.92145 5.99975 17.4876 77.3353 15.7359 61.5994 60.3591
internal_count=475 246 149 229 97 69 201 39 28 52 162 42 120 114
is_linear=0
shrinkage=0.05


Tree=19
num_leaves=15
num_cat=0
split_feature=114 41 44 171 0 89 117 63 57 106 151 0 54 115
split_gain=33.2365 24.7925 13.0199 11.6864 11.3904 9.093 9.32593 7.34307 6.61008 10.4835 6.30857 5.84694 9.07452 8.33348
threshold=-0.11655256495035546 0.1210860258455468 815.00000000000011 -0.028433874073484421 28563.500000000004 -0.033263861280971148 0.045504449096080951 672.50000000000011 -1.0000000180025095e-35 -0.020094558989130634 -0.064419425862523763 831.00000000000011 20.500000000000004 0.09540568275710766
decision_type=2 8 2 2 2 2 2 2 2 2 2 2 2 2
left_child=7 2 3 -2 10 6 -3 -1 -7 -10 -4 12 -9 -14
right_child=1 5 4 -5 -6 8 -8 11 9 -11 -12 -13 13 -15
leaf_value=-0.073673535748417812 0.058491170960891417 -0.065019434580933802 0.013049462435917987 -0.038872309876105043 0.085127516822270557 0.069620950008345159 0.057551112282677536 0.068330713461584147 -0.068508255318971464 0.044910681797403942 -0.059934630179478157 0.066803239367233661 -0.077469589622649271 0.043767111711789625
leaf_weight=1.0572091490030278 7.9549844339489937 3.8892179280519477 3.4580564424395588 5.0311990156769735 1.6825299113988865 17.022681027650837 2.5822692438960075 6.5441102981567365 2.558726094663144 9.9997991994023288 20.592038892209533 49.923047348856926 2.893366813659668 2.7786285430192947
leaf_count=5 25 24 18 36 3 32 6 11 14 26 169 86 14 6
internal_value=0.0302994 0.00773795 -0.0200445 0.0207699 -0.0406418 0.0375749 -0.016111 0.0569932 0.0493198 0.0218022 -0.0494406 0.0592163 0.028211 -0.0180775
internal_weight=137.968 74.7715 38.7188 12.9862 25.7326 36.0527 6.47149 63.1964 29.5812 12.5585 24.0501 62.1392 12.2161 5.672
internal_count=475 353 251 61 190 102 30 122 72 40 187 117 31 20
is_linear=0
shrinkage=0.05


Tree=20
num_leaves=15
num_cat=0
split_feature=114 20 78 75 43 156 141 180 63 25 7 80 166 84
split_gain=32.4075 20.3044 14.8778 15.876 14.6291 14.5913 11.0495 10.3859 6.88518 5.42786 9.31336 5.38084 4.39502 6.37493
threshold=-0.12002006604387329 23013.500000000004 -0.061817843263890629 -0.030006556087734122 0.59574562154233546 -0.021964662523802057 0.0053955842270871678 0.14906689993032238 672.50000000000011 -351.49999999999994 920.00000000000011 -0.11742634757374483 -0.061636746186436144 -0.1027871998297286
decision_type=2 2 2 2 2 2 2 2 2 2 10 2 2 2
left_child=8 2 3 9 -3 -6 -7 -4 -1 -2 -11 -10 -13 -14
right_child=1 4 7 -5 5 6 -8 -9 11 10 -12 12 13 -15
leaf_value=-0.072295782949141713 0.084451495810027866 0.067501325121147676 -0.055429833002863887 -0.04244016366063641 -0.06292057320474341 0.064726361690613646 -0.037908983713967295 0.069501561978125445 -0.065876208809083375 0.078012829861321631 -0.062933932233946444 0.029389642149575946 -0.06729506332102439 0.067501112434634844
leaf_weight=1.045199081301688 6.1914861053228378 16.900096870958805 20.499712593853477 7.0900206789374343 5.757048740983012 8.6011480689048749 3.7725019082427016 1.8104925900697697 0.87638737261295219 2.5514640957117098 2.1678177490830421 10.425261005759237 0.89311919361352821 48.971106708049774
leaf_count=5 10 33 162 53 41 19 24 4 5 5 16 25 5 82
internal_value=0.0282436 0.00619024 -0.0180067 0.0158102 0.0340344 0.00283897 0.0334347 -0.0452915 0.0549516 0.0536624 0.0132685 0.057126 0.058914 0.0650868
internal_weight=137.553 75.3418 40.311 18.0008 35.0308 18.1307 12.3736 22.3102 62.2111 10.9108 4.71928 61.1659 60.2895 49.8642
internal_count=489 367 250 84 117 84 43 166 122 31 21 117 112 87
is_linear=0
shrinkage=0.05


Tree=21
num_leaves=15
num_cat=0
split_feature=114 37 17 121 75 91 90 50 114 111 46 125 130 19
split_gain=27.8649 14.965 12.5986 11.5838 10.3168 16.819 8.13963 7.41556 13.6799 4.28347 7.02041 6.32873 4.47402 4.28571
threshold=-0.005922442094324072 0.60215038273609689 284275.00000000006 0.013866574191746328 0.074710277077507756 -0.014615030266571268 -0.018403545849445833 0.010404390942939891 -0.14088670063812761 0.057282736465687677 69.134555391686277 -0.085559367375116213 -0.063898201632320392 1.0000000180025095e-35
decision_type=2 2 10 2 2 2 2 2 2 2 2 2 2 2
left_child=4 2 -2 6 7 -6 -3 8 -1 11 -11 -9 -13 -14
right_child=1 3 -4 -5 5 -7 -8 9 -10 10 -12 12 13 -15
leaf_value=0.053400230227041559 -0.052185365747510593 -0.022711349323824192 0.063575979474791197 -0.059495413726108559 0.075053345928061524 -0.069223507623979524 0.066820175146048308 -0.071108043585291311 -0.04646146914122011 -0.021477799710330699 0.066542332743200358 -0.072036678313401423 -0.05837566415172013 0.065645001071939837
leaf_weight=9.5062254816293699 17.174426801502708 3.2983827590942392 2.7230231985449782 3.1655684858560553 3.4718305468559265 4.8303932547569257 11.020441323518753 0.8947584182023921 5.3648630008101454 4.3730462864041311 4.7002234011888504 0.60871361196040297 0.70480666309596429 59.722500629723072
leaf_count=20 152 22 6 26 5 27 29 5 33 18 8 3 6 109
internal_value=0.0298366 -0.00668759 -0.0363431 0.0270607 0.0443342 -0.0088897 0.0461963 0.0494798 0.0173743 0.0562039 0.0241192 0.0609045 0.0628398 0.0641985
internal_weight=131.559 37.3818 19.8975 17.4844 94.1774 8.30222 14.3188 85.8751 14.8711 71.004 9.07327 61.9308 61.036 60.4273
internal_count=469 235 158 77 234 32 51 202 53 149 26 123 118 115
is_linear=0
shrinkage=0.05


Tree=22
num_leaves=15
num_cat=0
split_feature=114 17 156 75 46 100 45 176 45 98 146 106 145 98
split_gain=28.4329 11.7578 12.1356 9.33451 10.1278 8.25642 6.62721 7.69169 6.11467 12.4138 5.6382 8.73914 8.45156 5.71387
threshold=0.008886620301365793 14387.500000000002 -0.070504879282839827 0.064649223800088293 109.69563464809298 0.098242140596012106 0.071378101799053462 -0.063163300476273068 0.23338462930958373 0.0089890440013663652 0.052780881078711844 -0.020822563810885181 -0.074292477041609031 -0.089381621420127275
decision_type=2 10 2 2 2 2 2 2 2 2 2 2 2 2
left_child=3 5 -3 8 -5 -2 -4 -8 10 -10 12 -12 -1 -14
right_child=1 2 6 4 -6 -7 7 -9 9 -11 11 -13 13 -15
leaf_value=-0.063992940964845799 -0.050727115856690812 -0.060473368039602599 0.071272926221250074 -0.046742255738868206 0.044795075532965425 0.066955474148970878 0.062564445891574991 -0.058834693001380202 -0.06593465786871415 0.061683338844374429 0.056447950737927181 -0.050588671648529204 -0.070415963005574442 0.059380727287973667
leaf_weight=1.4562260881066311 16.431483700871471 3.7834627404809025 7.5926455259323102 5.9828922823071462 6.1053744703531265 1.6390887051820744 2.4595737904310235 2.7789322286844245 3.4806802719831458 4.2108782976865768 4.4229238107800484 3.3523582592606536 0.85872945189475913 67.21494085341692
leaf_count=9 148 31 15 34 15 3 5 24 22 10 10 15 5 134
internal_value=0.0267187 -0.0121389 0.018221 0.0406012 -0.000509847 -0.0400527 0.0414253 -0.00183559 0.0464481 0.00393205 0.0506782 0.0102985 0.0551937 0.0577434
internal_weight=131.77 34.6852 16.6146 97.085 12.0883 18.0706 12.8312 5.23851 84.9967 7.69156 77.3052 7.77528 69.5299 68.0737
internal_count=480 226 75 254 49 151 44 29 205 32 173 25 148 139
is_linear=0
shrinkage=0.05


Tree=23
num_leaves=15
num_cat=0
split_feature=114 39 23 98 45 149 180 56 179 19 78 162 39 130
split_gain=25.3925 20.6139 14.6401 11.5038 11.144 11.2072 10.1665 9.68956 7.08923 7.78052 10.8403 5.44393 5.0277 4.70668
threshold=-0.0506983935911769 0.10057818525984112 -5356.4999999999991 -0.025261972528221408 0.21319625994240041 0.048855561494239509 0.14906689993032238 3.5000000000000004 -0.10754436045821147 1618.0000000000002 -0.14924583178321471 -0.030952371441509082 0.027707795970569851 0.10584898275797282
decision_type=2 2 2 2 2 2 2 2 2 2 2 2 2 2
left_child=4 2 3 -2 8 -6 13 12 -1 10 -10 -12 -5 -4
right_child=1 -3 6 7 5 -7 -8 -9 9 -11 11 -13 -14 -15
leaf_value=-0.071864187716445191 -0.061589709322265263 0.065074943816568101 -0.058215446636883009 -0.018931181561023431 -0.067098392277083335 0.063682443143980944 0.077615664630306669 -0.03685309715442911 0.076252307201545855 0.060459921350338258 0.020840293266435213 -0.068335044664146194 0.065114665758574011 0.049964759263456338
leaf_weight=1.1575763821601857 4.0346915423870113 9.8924683779478055 19.621686078608047 2.1057485640048972 4.1855075508356085 2.6915554106235504 1.614143669605254 3.9529426246881476 4.3894157782196999 56.655894637107849 3.3730883151292801 3.4741829857230169 11.482043914496897 1.0597510561346997
leaf_count=6 32 20 185 13 24 6 3 26 7 102 10 20 26 4
internal_value=0.0261676 -0.000124413 -0.0148262 0.0145356 0.0447847 -0.0159132 -0.0432396 0.0320458 0.0508299 0.0529219 0.0149146 -0.0244057 0.0520898 -0.0526721
internal_weight=129.691 53.7635 43.871 21.5754 75.9272 6.87706 22.2956 17.5407 69.0502 67.8926 11.2367 6.84727 13.5878 20.6814
internal_count=484 309 289 97 175 30 192 65 145 139 37 30 39 189
is_linear=0
shrinkage=0.05


Tree=24
num_leaves=15
num_cat=0
split_feature=114 67 41 137 83 27 0 29 41 20 88 63 135 145
split_gain=19.0417 20.3483 17.3818 8.89657 8.6731 7.87733 7.29946 7.86641 10.9283 5.68881 5.1765 5.11404 5.07846 4.18213
threshold=-0.12389786981214017 1.0000000180025095e-35 0.062508180942168826 -0.064053821039331008 -0.035383968950419224 1.5000000000000002 592.00000000000011 3.5000000000000004 0.1210860258455468 786.00000000000011 0.082938612376918588 672.50000000000011 -0.071744715629634179 -0.074292477041609031
decision_type=2 2 8 2 2 2 2 2 10 2 2 2 2 2
left_child=9 4 -3 -4 5 -2 -5 -8 -9 -1 -7 -11 -13 -14
right_child=1 2 3 6 -6 10 7 8 -10 11 -12 12 13 -15
leaf_value=-0.068844062119462798 0.053614315452758993 -0.041731341278626682 -0.061570152216373852 -0.064872962923435973 -0.05410704612116727 -0.061255840871169642 0.064308643322833023 -0.039578139638069318 0.060652312030806413 -0.072356391797292877 0.03584578421337669 -0.014693381905269235 -0.072356745268079392 0.058855365495036775
leaf_weight=0.99548773467540641 4.8560393899679202 7.4079836457967758 2.004907861351966 1.4241032823920239 13.234523594379423 4.3878634050488472 28.244628444314003 5.0523119717836362 5.889934666454792 0.81685839593410392 1.9972911551594732 2.5798771232366553 0.61483436822891135 49.432995542883873
leaf_count=6 13 70 15 10 107 35 60 34 13 4 7 9 3 91
internal_value=0.0271067 0.0106814 0.0289597 0.0412481 -0.0266761 0.0056191 0.046324 0.0503651 0.0143734 0.0495842 -0.0308822 0.0517901 0.053717 0.0572434
internal_weight=128.94 74.4996 50.0239 42.6159 24.4757 11.2412 40.611 39.1869 10.9422 54.4401 6.38515 53.4446 52.6277 50.0478
internal_count=477 364 202 132 162 55 117 107 47 113 42 107 103 94
is_linear=0
shrinkage=0.05


Tree=25
num_leaves=15
num_cat=0
split_feature=114 41 119 12 191 38 179 64 134 163 84 54 117 98
split_gain=22.5069 18.423 9.04077 9.62766 8.6151 7.89818 8.67964 7.82812 8.83011 10.3751 6.151 6.10021 5.37288 5.15895
threshold=-0.0506983935911769 0.11973876773671939 0.052922953168813631 4598.5000000000009 0.10628830112512881 0.014727662244080455 -0.10754436045821147 8.5000000000000018 0.00070697776938775166 -0.045048896285270791 0.1110842490129897 15.500000000000002 -0.12780235898220954 -0.077599330671146438
decision_type=2 8 2 2 2 2 2 2 2 2 2 2 2 2
left_child=2 4 5 -4 10 -1 -7 11 -9 -10 -2 -3 -8 -14
right_child=1 7 3 -5 -6 6 12 8 9 -11 -12 -13 13 -15
leaf_value=-0.062142620440324571 -0.057143828918912058 0.049530719137500658 -0.076033382062005966 0.045445970440371852 0.059056148650286744 -0.073928886152372128 -0.077954157216475875 0.059629544154216174 0.061902125889383736 -0.062191509976313633 0.020069435360039647 -0.063306789129927613 -0.073774156905235089 0.055064579556290842
leaf_weight=1.6350047513842572 17.561748877167709 1.7431163936853433 3.2607766315340987 3.2632501721382141 2.164756327867507 1.4022258669137944 0.78759719431400199 15.167624473571779 2.9602816104888952 3.9078288003802255 3.0233373269438735 3.8286130651831627 0.78681394457816267 62.151603065431125
leaf_count=12 182 4 17 8 8 7 4 34 6 29 18 25 4 124
internal_value=0.0232246 -0.00251033 0.0409077 -0.0152707 -0.0358256 0.0463974 0.0491222 0.024943 0.038331 -0.00870488 -0.0458035 -0.0280056 0.0518298 0.0534539
internal_weight=123.645 50.3573 73.2873 6.52403 22.7498 66.7632 65.1282 27.6075 22.0357 6.86811 20.5851 5.57173 63.726 62.9384
internal_count=482 306 176 25 208 151 139 98 69 35 200 29 132 128
is_linear=0
shrinkage=0.05


Tree=26
num_leaves=15
num_cat=0
split_feature=50 51 15 15 179 156 122 129 119 69 180 178 134 84
split_gain=13.3879 11.4022 16.0334 11.0201 9.49173 8.82485 6.47366 5.83247 5.74694 8.70714 4.74902 3.76966 2.95366 2.79133
threshold=0.010461730450325694 -0.0089228607123759771 144094.00000000003 141443.50000000003 -0.073591845311573603 -0.074384864935177722 -0.016713780279017744 -0.050382908572451597 0.048144599555210672 1.0000000180025095e-35 -0.063130990464188089 0.0032066150693977817 0.074662082565654181 0.035291768367496347
decision_type=2 2 2 2 2 2 2 2 2 2 2 2 2 2
left_child=3 4 7 12 -2 10 -5 -3 13 -10 -4 -8 -1 -6
right_child=1 2 5 6 8 -7 11 -9 9 -11 -12 -13 -14 -15
leaf_value=-0.061584416033166584 -0.027167839540474043 0.031823429773635746 0.047366027137385358 -0.059194365017968355 0.060153504412109343 0.048093305953393048 -0.0077927542850850188 -0.059246660527495498 0.058976173001699175 -0.066542022134676429 -0.061987900304384738 0.063346634710831184 0.026212446771737147 0.028569064246959069
leaf_weight=8.5298078916966933 4.2880026102066031 2.1964995712041846 1.4258589446544645 1.9863350875675667 43.743907317519188 18.232054941356182 2.7192879915237409 8.8082930296659452 3.0257983505725852 2.5427569076418877 3.2691593244671848 5.9080327600240707 1.0791429206728924 8.3268439695239049
leaf_count=75 19 9 4 18 92 50 14 83 7 19 24 12 5 27
internal_value=0.0240367 0.0318359 0.00853967 -0.0129327 0.0446006 0.0323517 0.0221868 -0.0410695 0.0499397 0.00166108 -0.0287775 0.0409239 -0.0517243 0.0551027
internal_weight=116.082 95.8592 33.9319 20.2226 61.9273 22.9271 10.6137 11.0048 57.6393 5.56856 4.69502 8.62732 9.60895 52.0708
internal_count=458 334 170 124 164 78 44 92 145 26 28 26 80 119
is_linear=0
shrinkage=0.05


Tree=27
num_leaves=15
num_cat=0
split_feature=114 41 52 57 32 45 105 0 103 180 98 38 80 50
split_gain=19.6624 13.0299 9.08807 9.68737 8.00327 13.8817 7.91814 7.45935 5.94828 4.82157 4.48844 5.10679 3.46159 3.21971
threshold=-0.028266582265697202 0.078549906456774163 -0.027587895413756208 -1.0000000180025095e-35 3.5000000000000004 0.011926926978767847 0.008403370669128463 23752.500000000004 0.060995302949054912 0.14906689993032238 -0.083435841701298905 1.0000000180025095e-35 -0.10555969582883286 0.010404390942939891
decision_type=2 8 2 2 10 2 2 2 2 2 2 2 2 2
left_child=4 9 -3 6 8 -6 -4 -5 10 -2 -1 -12 -13 -14
right_child=1 2 3 7 5 -7 -8 -9 -10 -11 11 12 13 -15
leaf_value=-0.020623022216182601 -0.055535535228480808 0.062473847358387985 0.050795085091470529 -0.059698559205261729 0.049126602911401959 -0.053977155936393517 -0.039579596738035572 0.070497907597490278 -0.010219819080132499 0.067724499978231933 -0.058232829831031334 -0.013566893767798011 0.029484755107727391 0.063020339302755635
leaf_weight=2.1146935597062102 11.301286105066534 7.4320794939994839 9.1623557880520838 7.7288687191903556 7.4768872857093793 5.7948330640792847 3.2953414171934137 1.2827061414718626 4.2662849724292746 0.85328753292560655 1.0036465749144543 1.7545357346534718 8.4802926778793317 45.87475773692131
leaf_count=10 135 17 25 66 16 31 23 2 16 2 9 8 26 83
internal_value=0.0244829 -0.0034471 0.0148197 -0.00167681 0.0394204 0.00410839 0.0268889 -0.0411664 0.0468015 -0.0468823 0.0509088 0.0535573 0.055557 0.0577882
internal_weight=117.822 41.0559 28.9014 21.4693 76.7659 13.2717 12.4577 9.01157 63.4942 12.1546 59.2279 57.1132 56.1096 54.3551
internal_count=469 270 133 116 199 47 48 68 152 137 136 126 117 109
is_linear=0
shrinkage=0.05


Tree=28
num_leaves=15
num_cat=0
split_feature=50 114 75 19 184 74 114 46 102 113 82 153 91 114
split_gain=16.8256 11.8438 14.1747 13.0668 9.96477 9.2124 9.07481 6.75993 6.40594 6.38991 5.30773 4.5007 4.23134 4.10197
threshold=0.0095118929101518767 -0.15622067135902559 0.021438791057288204 7430.5000000000009 0.023210900972603258 0.089466808189807331 -0.14088670063812761 109.69563464809298 0.033912811295237343 0.29745052653562487 -0.1334933615028582 0.1624752666710296 0.066492547233363397 0.10149180945554302
decision_type=2 2 2 2 2 2 2 2 2 2 2 2 2 2
left_child=6 10 3 4 5 8 -1 -4 -3 -9 -2 -12 13 -5
right_child=1 2 7 12 -6 -7 -8 9 -10 -11 11 -13 -14 -15
leaf_value=0.020452858241924554 -0.11149474024326377 0.054698689743154963 -0.061735407728260909 0.06523310560892058 -0.063045360117575541 -0.046868048843540386 -0.058966858060539244 0.034773238696640001 -0.027368255565969044 -0.059408963793457295 -0.0073508817016511505 0.062154581254481846 0.0043426175000188258 0.020169049902056035
leaf_weight=5.924857757985591 0.4768592119216909 10.882798813283449 6.9300726279616347 23.27245440334082 4.942754589021205 4.3121133670210829 9.154031999409197 5.7123722583055478 3.0426742136478415 2.6301268562674522 2.5323856621980694 29.009657129645348 4.687840834259986 6.4491504952311507
leaf_count=18 2 33 61 44 40 32 93 19 19 25 8 53 18 29
internal_value=0.0216247 0.0287249 0.0175866 0.0289435 -7.40253e-05 0.0169925 -0.0277609 -0.0252378 0.0367673 0.00508056 0.0540712 0.0565743 0.0484915 0.0554549
internal_weight=119.96 104.881 72.8624 57.5898 23.1803 18.2376 15.0789 15.2726 13.9255 8.3425 32.0189 31.542 34.4094 29.7216
internal_count=494 383 320 215 124 84 111 105 52 44 63 61 91 73
is_linear=0
shrinkage=0.05


Tree=29
num_leaves=15
num_cat=0
split_feature=114 37 7 0 148 27 168 154 115 41 178 32 139 20
split_gain=13.1942 12.4332 9.91171 9.15014 11.0245 8.79978 8.15264 5.76865 8.76298 5.92128 8.59331 8.36588 5.70769 5.22253
threshold=-0.005922442094324072 0.60215038273609689 433665.50000000006 853.50000000000011 -0.055113841762257219 1.5000000000000002 0.038552547750292557 0.20083468830776632 0.0671020499071424 0.071872622011431381 -0.008908316393572752 2.5000000000000004 -0.048733986071140149 22621.000000000004
decision_type=2 2 10 2 2 2 2 2 2 8 2 8 2 2
left_child=3 2 -2 4 -1 -6 12 9 -9 10 11 -5 -3 -14
right_child=1 6 -4 7 5 -7 -8 8 -10 -11 -12 -13 13 -15
leaf_value=0.062455505681940728 -0.050729521857748053 -0.060748613275566681 0.071091602283403818 0.055683891443835287 0.035526199792054514 -0.052078437696850666 -0.057158539035069782 -0.066282106377672165 0.053459734141943938 0.059354245070769689 0.048510244648342554 -0.068612436376765534 0.010620895870875426 0.071973672745213088
leaf_weight=5.4980396553874042 13.548977345228192 1.3254521004855639 1.9044113755226142 2.0946290418505695 4.3475645929574958 8.4147323817014676 2.5880822353065005 2.875752553343772 3.2599759697914124 39.063963875174522 12.45905217528343 3.8272659927606583 5.7472657375037679 8.7484257295727712
leaf_count=13 148 11 3 5 13 43 27 18 6 75 32 24 37 16
internal_value=0.0236001 -0.00264889 -0.0357168 0.034461 0.00326441 -0.0222353 0.0251095 0.0434206 -0.00266203 0.0483427 0.0249405 -0.0246477 0.0385673 0.0476485
internal_weight=115.704 33.8626 15.4534 81.841 18.2603 12.7623 18.4092 63.5806 6.13573 57.4449 18.3809 5.9219 15.8211 14.4957
internal_count=471 242 151 229 69 56 91 160 24 136 61 29 64 53
is_linear=0
shrinkage=0.05


Tree=30
num_leaves=15
num_cat=0
split_feature=41 51 187 125 146 32 53 45 141 32 4 85 175 97
split_gain=12.552 18.9536 12.6492 7.80918 7.37277 5.26569 5.12643 6.23139 7.31761 6.18969 4.97037 4.76142 4.73944 6.85373
threshold=0.1384253428350822 -0.010748072172479113 0.068711314367911003 0.011643877616566956 0.0053519597592756917 3.5000000000000004 -0.24773035008653618 0.13819367229743387 -0.0069080994971334238 3.5000000000000004 4.5000000000000009 -0.066109986950716348 -0.04696713675814726 -0.042434347637511874
decision_type=8 2 2 2 2 10 2 2 2 8 8 2 2 2
left_child=1 2 3 5 10 -1 7 -2 -9 -8 -5 -7 13 -3
right_child=6 12 -4 4 -6 11 9 8 -10 -11 -12 -13 -14 -15
leaf_value=0.051884235771211706 0.057646525799323084 0.059787992010791172 -0.062782433888054073 -0.034107242010197276 -0.050302819360927765 0.057178477339575699 0.044959768762845576 0.046167914429585011 -0.049096458965311195 -0.061982351315686336 0.046135820562435932 -0.062474371039602627 -0.058575302406992762 -0.057971032118265625
leaf_weight=27.22263448312879 32.121923752129078 2.4516105987131596 3.9845104999840251 2.6226110681891415 4.8445705249905577 1.4028910994529726 2.9506234601140013 5.24345862865448 3.2747550010681135 2.4989733994007111 7.3052894771099099 2.041147254407405 10.916544783860443 2.4911126159131518
leaf_count=70 68 7 31 17 31 3 8 13 18 19 20 18 117 30
internal_value=0.0214807 0.00737679 0.022638 0.0301285 0.000263323 0.0445148 0.0414579 0.0475643 0.00954433 -0.00407973 0.0249384 -0.0137351 -0.0401832 0.000437918
internal_weight=111.373 65.2829 49.4237 45.4391 14.7725 30.6667 46.0897 40.6401 8.51821 5.4496 9.9279 3.44404 15.8593 4.94272
internal_count=470 344 190 159 68 91 126 99 31 27 37 21 154 37
is_linear=0
shrinkage=0.05


Tree=31
num_leaves=15
num_cat=0
split_feature=114 41 39 120 120 181 33 145 50 8 49 100 106 143
split_gain=15.2833 16.048 7.54778 7.69583 9.93941 6.56653 6.07427 5.16238 4.40553 6.07459 3.89028 8.13802 3.43919 3.19851
threshold=-0.11655256495035546 0.11973876773671939 0.082428584040889916 -0.016546546276924309 -0.024051935573492656 -0.062132257380258488 4.5000000000000009 0.038607469883225463 0.010404390942939891 275183.00000000006 18946.000000000004 -0.011609847201975672 -0.077695657011917857 0.053249237025924712
decision_type=2 8 2 2 2 2 2 2 2 2 2 2 2 2
left_child=8 2 3 4 7 -3 10 -2 9 -1 11 -7 -10 -14
right_child=1 5 -4 -5 -6 6 -8 -9 12 -11 -12 -13 13 -15
leaf_value=-0.041683889838275777 -0.056694316356811242 -0.038451992375189398 0.048143926209345572 -0.054252198475505192 0.065795012492512558 0.050551280511527075 -0.022991681488796836 0.039293157217861141 -0.083079967922461403 0.044823930834452089 0.060128047307098302 -0.06248492724465339 0.057508034258636632 0.018262755796863817
leaf_weight=3.3441445454955083 5.6200754456222057 3.0695708543062237 3.5378205291926852 14.245896305888889 3.8851763904094749 5.4385734796524048 3.5241409242153159 1.8657796159386633 0.47811870276927848 5.1612689197063446 17.48819600045681 2.2514793649315896 35.61579105257988 6.077692672610282
leaf_count=17 64 20 12 154 9 15 18 10 2 12 36 16 71 17
internal_value=0.0233496 0.0064747 -0.0203135 -0.0297678 0.000906801 0.0310562 0.0384898 -0.0327703 0.0436375 0.0108109 0.0470952 0.0174567 0.0502582 0.0517872
internal_weight=111.604 60.9267 29.1547 25.6169 11.371 31.772 28.7024 7.48586 50.677 8.50541 25.1782 7.69005 42.1716 41.6935
internal_count=473 354 249 237 83 105 85 74 119 29 67 31 90 88
is_linear=0
shrinkage=0.05


Tree=32
num_leaves=15
num_cat=0
split_feature=114 37 0 187 81 38 7 32 183 121 98 50 15 164
split_gain=16.4096 7.95099 8.53495 7.02295 8.89133 7.1417 6.67615 5.27735 8.05654 5.05781 5.04587 4.49972 7.53822 3.22143
threshold=-0.005922442094324072 0.57981556086890607 912.00000000000011 0.069278755498608471 0.02348699812372106 0.011496853827674207 433665.50000000006 4.5000000000000009 0.0042896384021234787 0.013866574191746328 -0.089381621420127275 0.010404390942939891 141443.50000000003 -0.071326055557345683
decision_type=2 2 2 2 2 2 10 10 2 2 2 2 2 2
left_child=3 6 -3 5 -5 -1 -2 10 -9 -4 -7 12 -12 -13
right_child=1 2 9 4 -6 7 -8 8 -10 -11 11 13 -14 -15
leaf_value=-0.058258136379369198 -0.049983522320018736 -0.056048473968934844 0.04578075518373638 -0.06499401010914671 0.042058791874555822 -0.067442438848418343 0.069981198108077111 -0.070914544244694816 0.04013535019176679 -0.029643430098551707 -0.041743698118937397 0.022401448282800843 0.047516005189898305 0.059007474688356598
leaf_weight=1.887580819427966 12.525248896330597 3.6304654888808754 10.793188970535992 3.9584760442376128 3.8030137270689011 0.97769375145435233 1.2780739665031422 2.5791596546769133 4.4532814025878906 2.7991461046040049 3.5545146651566011 7.046926461160175 7.070357657968998 40.849199704825885
leaf_count=18 145 45 37 26 10 6 2 14 13 22 21 23 17 82
internal_value=0.0200501 -0.0106024 0.0120574 0.032534 -0.0125397 0.0376472 -0.0388758 0.0403682 -0.000592386 0.0302482 0.0452095 0.0470916 0.0176545 0.0536217
internal_weight=107.206 31.0261 17.2228 76.1802 7.76149 68.4187 13.8033 66.5311 7.03244 13.5923 59.4987 58.521 10.6249 47.8961
internal_count=481 251 104 230 36 194 147 176 27 59 149 143 38 105
is_linear=0
shrinkage=0.05


Tree=33
num_leaves=15
num_cat=0
split_feature=114 43 145 0 174 40 51 162 99 179 166 191 178 86
split_gain=17.7585 12.8316 10.603 8.45554 6.12299 6.0852 7.44915 4.9661 4.90836 3.338 3.07779 4.43224 2.62084 2.25769
threshold=-0.0506983935911769 0.57012671977790086 -0.021857954951028442 34219.000000000007 0.030377613965565712 0.045707257481761403 -0.023401871556439902 0.070659582798772019 0.011824897486054703 -0.090207246809509881 -0.018905323663810897 0.020530444245115454 -0.046782262653907454 0.10305625344033011
decision_type=2 2 2 2 2 8 2 2 2 2 2 2 2 2
left_child=5 2 -2 9 13 6 8 10 -1 12 11 -7 -3 -4
right_child=1 3 4 -5 -6 7 -8 -9 -10 -11 -12 -13 -14 -15
leaf_value=-0.019293408330037762 -0.060451179391546678 0.046675038876664465 0.036277984356806861 0.067633672725017607 -0.034842760545935235 -0.0090347229601287805 -0.04598176390190551 -0.0042933530269149726 0.056603185482208024 -0.05716724658216437 0.055883258723517515 0.056572750596426018 -0.055721099824590482 0.081754607763979234
leaf_weight=3.2309773042798025 3.5099624693393734 1.5121946893632414 10.610669344663622 1.7261651754379261 2.6450624316930762 5.0503512695431656 4.7462950125336638 5.0623458996415129 6.2529822289943695 15.237276367843151 31.561410382390026 5.2506937682628632 1.0650137178599877 3.6741878390312186
leaf_count=15 34 7 38 3 24 18 29 18 14 179 64 11 13 5
internal_value=0.0168554 -0.00905729 0.0186387 -0.0380278 0.0350359 0.033796 0.00515515 0.0424815 0.0307469 -0.0482661 0.0481379 0.024407 0.00436054 0.047975
internal_weight=101.136 39.9805 20.4399 19.5406 16.9299 61.1551 14.2303 46.9248 9.48396 17.8145 41.8625 10.301 2.57721 14.2849
internal_count=472 303 101 202 67 169 58 111 29 199 93 29 20 43
is_linear=0
shrinkage=0.05


Tree=34
num_leaves=15
num_cat=0
split_feature=39 10 114 162 29 64 114 173 76 41 32 52 74 18
split_gain=12.1878 10.8031 8.13421 11.6206 10.338 8.12651 8.11465 7.46307 7.33145 6.50632 5.41895 5.34059 4.51352 3.17262
threshold=0.040644322701555914 1701712.5000000002 -0.16822838881254795 0.070659582798772019 3.5000000000000004 12.500000000000002 -0.13102648370860473 -1.0000000180025095e-35 -0.042209831834461906 0.40692055094149199 2.5000000000000004 -0.035832227781882726 0.10547015504492384 2995.0000000000005
decision_type=2 2 2 2 2 2 2 2 2 10 10 2 2 8
left_child=1 5 -2 4 8 6 7 -1 11 10 -6 -4 -7 -12
right_child=2 -3 3 -5 9 12 -8 -9 -10 -11 13 -13 -14 -15
leaf_value=-0.052175161524775041 0.058604673797040145 0.03802313180457078 0.066796279100491532 -0.063509612716743546 -0.065260427127482312 -0.025173421245648378 -0.057716888059725392 0.039677648917451049 0.052379756674186789 0.071813454579627609 0.055374200590237857 -0.060888510790385403 0.062460880138455237 -0.03013302681209112
leaf_weight=3.6773319467902184 19.835803374648094 11.516696333885191 1.1838465332984927 3.7968040890991679 5.0479059964418376 2.3012814447283736 13.569993060082199 5.5475327521562594 26.54259326308966 1.8827810585498816 2.0857951603829861 2.6568171866238108 4.0640304163098335 2.2604523971676826
leaf_count=19 39 39 2 31 39 18 162 13 69 3 6 25 9 14
internal_value=0.0185048 -0.00297853 0.0318887 0.0202308 0.0278627 -0.019172 -0.0331202 0.00306212 0.0430369 -0.0130208 -0.0300233 -0.0215309 0.030778 0.0109025
internal_weight=105.97 40.6769 65.2928 45.457 41.6602 29.1602 22.7949 9.22486 30.3833 11.2769 9.39415 3.84066 6.36531 4.34625
internal_count=488 260 228 189 158 221 194 32 96 62 59 27 27 20
is_linear=0
shrinkage=0.05


Tree=35
num_leaves=15
num_cat=0
split_feature=114 47 144 32 40 158 183 0 52 77 156 148 171 112
split_gain=14.0628 6.84204 6.78419 6.88784 6.15678 9.82363 7.21368 5.60193 5.72804 5.86072 4.98213 4.33412 4.05487 3.60532
threshold=-0.028266582265697202 6.5545409553821177 -0.030255630955304692 1.5000000000000002 0.059554647627213846 0.032422836441339878 -0.012964540785867389 1015.5000000000001 -0.026037488207086377 0.03192631542579364 -0.16653914388084581 0.021179864381059246 -0.069380192564048981 -0.096225691127655846
decision_type=2 10 2 8 8 2 2 2 2 2 2 2 2 2
left_child=4 10 -3 -4 5 6 -1 8 -6 11 -2 -10 -8 -9
right_child=1 2 3 -5 7 -7 12 13 9 -11 -12 -13 -14 -15
leaf_value=0.051309461057500144 0.036471141723793267 0.042848511351693944 0.05799514308536742 -0.049145753793536112 0.05225196412273081 -0.061339847920117853 0.042970544797959004 -0.071124261239035411 -0.024088415326020185 -0.076893000151941004 -0.045964811897852911 0.047154608645412099 -0.047020329380402397 0.052864795360729057
leaf_weight=9.3115048818290234 2.1177287138998535 8.3363818600773829 2.0135482773184767 5.8824204206466675 6.556221671402457 4.344011276960372 1.8058535456657407 0.59745457768440502 4.1771715059876424 2.3464712202548972 13.623826444149016 4.3661975115537643 4.0795880407094964 31.392963342368603
leaf_count=23 12 27 5 55 15 33 5 3 17 12 173 10 27 69
internal_value=0.0160224 -0.0113874 0.0113897 -0.0218238 0.028728 0.00496814 0.0239221 0.0381197 0.015328 -0.00690206 -0.0348746 0.0123212 -0.0194081 0.0505492
internal_weight=100.951 31.9739 16.2324 7.89597 68.9774 19.541 15.1969 49.4365 17.4461 10.8898 15.7416 8.54337 5.88544 31.9904
internal_count=486 272 87 60 214 88 55 126 54 39 185 27 32 72
is_linear=0
shrinkage=0.05


Tree=36
num_leaves=15
num_cat=0
split_feature=114 40 29 41 32 0 169 66 169 50 45 186 112 63
split_gain=10.3323 9.05334 7.79341 8.83249 7.72808 7.33449 5.70422 5.04006 4.39564 6.36706 4.31495 3.648 3.37519 5.03267
threshold=-0.12389786981214017 0.03360964561150398 3.5000000000000004 0.17664669460289287 3.5000000000000004 592.00000000000011 0.1036832065974075 14.500000000000002 -0.059618661329405215 0.012513917642010845 0.21319625994240041 -0.050060936554482356 -0.12288960413752363 672.50000000000011
decision_type=2 8 2 10 10 2 2 2 2 2 2 2 2 2
left_child=7 -2 4 6 5 -3 -4 10 -7 -10 12 -11 -1 -14
right_child=1 2 3 -5 -6 8 -8 -9 9 11 -12 -13 13 -15
leaf_value=-0.08245412445940449 -0.055397870922871011 -0.059601382499770421 -0.059277134808387949 0.035811179051663998 -0.039244976442915358 0.065765565307928403 0.039272243689150943 -0.015399913987623599 -0.03804641099262112 -0.056560293283676788 0.00041232702996886949 0.044805382222315983 -0.071292635520174313 0.054398423595664505
leaf_weight=0.47733175754547019 5.479305624961853 1.9765194505453134 8.9116804152727109 5.3234675526618949 4.1114108711481085 10.546427212655546 1.7580051198601712 4.0235142037272444 3.2636177763342884 0.94440209120512264 5.1138468086719504 14.755072124302382 0.81572289764881034 33.616193674504757
leaf_count=2 78 19 92 17 38 23 8 15 30 11 19 48 4 74
internal_value=0.0197509 0.00570945 0.0121995 -0.0167933 0.0252254 0.0336438 -0.0430395 0.0379439 0.0398893 0.0254981 0.0433066 0.0387077 0.0495902 0.0514207
internal_weight=101.117 57.0699 51.5906 15.9932 35.5974 31.486 10.6697 44.0466 29.5095 18.9631 40.0231 15.6995 34.9092 34.4319
internal_count=478 364 286 117 169 131 100 114 112 89 99 59 80 78
is_linear=0
shrinkage=0.05


Tree=37
num_leaves=15
num_cat=0
split_feature=187 53 71 162 145 114 38 162 114 79 160 154 85 117
split_gain=11.522 10.5404 6.99347 6.94957 6.69009 6.88176 4.76325 4.81769 5.09939 4.68032 6.27458 2.96142 3.799 2.56537
threshold=0.026319468744268552 -0.25492243622853178 4.6192810457516353 -0.089351039659313 0.0044153712308592349 -0.081738201804838304 1.0000000180025095e-35 0.090739708754391218 -0.16932115209060791 0.067545144930543935 -0.021435101494061897 0.21508007157724043 -0.020658322562373561 -0.11722639436050181
decision_type=2 2 8 2 2 2 2 2 2 2 2 2 2 2
left_child=1 2 6 -2 -5 -6 -1 9 -9 11 -11 13 -13 -8
right_child=3 -3 -4 4 5 -7 7 8 -10 10 -12 12 -14 -15
leaf_value=-0.056942886477116796 0.043064267225853992 -0.048345222237043274 -0.043152549816130398 -0.056497482896295796 0.03301254345187276 -0.044559468035256768 -0.065104892520187627 0.060706331420472506 -0.061649293675083087 -0.068285621770786495 0.032188346617740553 0.046870342410419437 -0.041840600332830463 0.053299474979330852
leaf_weight=1.3448103107511986 4.6996337287127998 4.2967394255101672 2.9137994535267344 9.0755654796957987 6.8521661087870598 4.9062680602073652 0.46241927146910811 1.3371824920177462 2.3447303995490065 2.0695466175675392 6.236251585185526 3.0272675417363644 2.0069463327527037 42.668129455298192
leaf_count=16 15 48 26 83 21 51 3 3 23 18 22 10 10 117
internal_value=0.0168209 0.0274786 0.0325367 -0.0118578 -0.0242469 0.000645217 0.0361229 0.0382036 -0.0172127 0.0418167 0.00715336 0.0477943 0.0115047 0.05203
internal_weight=94.2415 68.7078 64.4111 25.5336 20.834 11.7584 61.4973 60.1525 3.68191 56.4706 8.3058 48.1648 5.03421 43.1305
internal_count=466 296 248 170 155 72 222 206 26 180 40 140 20 120
is_linear=0
shrinkage=0.05


Tree=38
num_leaves=15
num_cat=0
split_feature=39 15 114 116 32 75 79 92 97 23 158 108 64 135
split_gain=9.77283 9.53073 5.88677 5.54875 5.52984 6.34377 7.16543 6.94853 5.99326 4.86085 3.50733 3.72963 3.34268 2.50994
threshold=0.040516485885190516 141443.50000000003 0.038373954410550769 0.070308517164280854 3.5000000000000004 0.021438791057288204 0.049305879621221078 0.029008205086610509 -0.087829453888893169 -757.99999999999989 0.035033055124330192 -0.037450189424627592 11.500000000000002 0.031390988089781559
decision_type=2 2 2 2 8 2 2 2 2 2 2 2 2 2
left_child=1 3 10 -1 13 6 -6 -8 -7 12 -3 -12 -5 -2
right_child=4 2 -4 9 5 8 7 -9 -10 -11 11 -13 -14 -15
leaf_value=-0.054571608138863838 0.056083558406575855 0.047923893000677162 -0.035053423361170399 -0.061091031244433186 0.03994788713852096 0.038903149919835095 -0.070485436214856423 0.041734130620762783 -0.060810640412894634 0.067044366677465925 0.041448454224293718 -0.06050427295495038 0.041427956895137029 0.01506982483071209
leaf_weight=9.6881455294787866 20.961421448737386 11.905427992343904 3.7368297316133967 2.4558343663811688 24.434684578329328 2.320633802562952 3.2315804660320273 2.4067520946264267 4.2976554073393336 2.1439595744013777 1.832456633448601 1.7572461552917946 1.1757819280028341 4.5378750115633002
leaf_count=114 53 33 39 24 75 8 23 9 41 5 6 14 4 24
internal_value=0.0190389 -0.00222158 0.0212769 -0.0314463 0.0309 0.0184707 0.0282239 -0.0225839 -0.025847 0.00734493 0.0348617 -0.00845987 -0.0278992 0.0487847
internal_weight=96.8863 34.6957 19.232 15.4637 62.1906 36.6913 30.073 5.63833 6.61829 5.77558 15.4951 3.5897 3.63162 25.4993
internal_count=472 239 92 147 233 156 107 32 49 33 53 20 28 77
is_linear=0
shrinkage=0.05


Tree=39
num_leaves=15
num_cat=0
split_feature=114 75 38 169 53 77 101 160 94 39 79 39 111 170
split_gain=11.8191 11.7729 9.97459 7.45971 10.2726 6.94404 4.7699 4.54553 4.04333 6.45838 3.37514 3.35189 2.60304 1.90678
threshold=-0.15622067135902559 0.021438791057288204 0.036007028149308409 0.015810616157325708 -0.25492243622853178 -0.016719251919579778 -0.04141700601378169 0.052104709483519807 0.047547108733973657 0.070498307845877003 0.075470471578956574 0.076537979146676344 -0.051050996388642723 -0.033707878187655062
decision_type=2 2 2 2 2 2 2 2 2 2 2 2 2 2
left_child=10 2 -2 4 8 11 7 -3 12 -10 -1 -5 -4 -14
right_child=1 6 3 5 -6 -7 -8 -9 9 -11 -12 -13 13 -15
leaf_value=0.049783614488944875 -0.057817860109269807 -0.041567145411376384 0.0007288444590555648 -0.026974012620223371 -0.057286086357844948 -0.062253282444856374 -0.058740668719975311 0.056222649402336226 -0.060851611722723742 0.059085018125152967 0.0027711662049150283 0.050749098359597615 0.020872785431391441 0.058669038081341433
leaf_weight=27.134925656020645 4.1229263804852954 2.5647855997085562 2.6060133278369859 2.2449754662811756 2.8481546305120053 4.3565176017582399 8.4645878598093969 2.2142459489405155 2.3086976781487456 2.1844650730490685 4.4428215175867072 3.6303632706403732 3.9140391089022151 22.630265947431329
leaf_count=66 51 27 15 20 34 38 99 6 21 5 15 8 19 56
internal_value=0.0181321 0.00579612 0.0167329 0.0233114 0.0338903 -0.0144183 -0.0361937 0.00374133 0.0416091 -0.00254138 0.0431692 0.021051 0.0484143 0.0530959
internal_weight=95.6678 64.09 50.8464 46.7235 36.4916 10.2319 13.2436 4.77903 33.6435 4.49316 31.5777 5.87534 29.1503 26.5443
internal_count=480 399 267 216 150 66 132 33 116 26 81 28 90 75
is_linear=0
shrinkage=0.05


Tree=40
num_leaves=15
num_cat=0
split_feature=25 155 32 185 129 29 41 191 149 119 157 78 41 45
split_gain=8.27942 11.7968 7.04442 7.15499 5.14926 4.81691 6.68241 5.79296 4.49247 4.3836 3.5297 4.44255 3.95046 3.49732
threshold=-911.99999999999989 -0.045901438568824955 3.5000000000000004 0.018791879093606741 0.024738806138738436 3.5000000000000004 0.095587227553847146 -0.013757536051362968 0.082046944939037011 0.052922953168813631 -0.12366099072491014 -0.11318294062037132 0.15603259225648367 0.23338462930958373
decision_type=2 2 10 2 2 2 10 2 2 2 2 2 10 2
left_child=2 9 5 4 -4 13 7 -7 -3 10 -2 -12 -13 -1
right_child=1 8 3 -5 -6 6 -8 -9 -10 -11 11 12 -14 -15
leaf_value=0.049510942755886356 0.068901543028384971 -0.050920658348135209 0.037406956500641471 -0.076873904912188318 -0.057623915546922783 0.019887461119884028 0.04625547930340132 -0.063663880290666511 0.04466349933790674 -0.03632206501721387 0.051341903605985617 -0.057984526579823663 0.04796754715764763 -0.00096282219172363036
leaf_weight=32.666793558746576 4.8959756791591635 11.671370903030036 5.9770913645625097 2.9252962693572044 1.8718800656497476 4.3955228328704825 7.1911705099046221 3.9290056079626074 1.3740052506327618 2.5494850203394881 4.141248404979704 2.6432625688612501 1.3186682574450967 3.8348592408001414
leaf_count=95 9 126 23 21 20 24 21 33 5 24 13 31 5 22
internal_value=0.0165105 -0.00579155 0.0266664 -0.0101315 0.0147433 0.0342882 0.0109509 -0.019547 -0.0408532 0.0236254 0.0353827 0.0151304 -0.02272 0.0442082
internal_weight=91.3856 28.594 62.7916 10.7743 7.84897 52.0174 15.5157 8.32453 13.0454 15.5486 12.9992 8.10318 3.96193 36.5017
internal_count=472 213 259 64 43 195 78 57 131 82 58 49 36 117
is_linear=0
shrinkage=0.05


Tree=41
num_leaves=15
num_cat=0
split_feature=75 114 162 19 5 62 154 90 138 52 157 114 32 191
split_gain=11.8791 7.57042 9.17462 5.86074 7.74476 5.55869 4.57446 3.94862 3.12215 2.73115 8.01571 2.28616 3.46976 2.01401
threshold=0.088011125949782151 0.083345056092522712 -0.066294150464181537 1618.0000000000002 8.5000000000000018 317.00000000000006 0.23090109545527773 -0.088018640381218941 0.058493969283628093 -0.01727938567327289 0.027127694261116792 -0.15751820449958812 1.5000000000000002 -0.061962603482183756
decision_type=2 2 2 2 8 2 2 2 2 2 2 2 8 2
left_child=1 3 -3 4 -1 11 7 -5 9 -9 13 -6 -13 -11
right_child=-2 2 -4 6 5 -7 -8 8 -10 10 -12 12 -14 -15
leaf_value=-0.063014963194212278 -0.050343175126791463 0.03925953760315154 -0.047659882047004554 -0.0098199253425028579 0.068787740847686685 -0.045791611147706746 -0.022156936104691161 0.058869349904231684 0.00066399500015105952 -0.0094342647594074201 -0.036322839168762437 0.066287144454698355 -0.030791857107767967 0.048996512088291831
leaf_weight=3.6578440219163868 5.9200189951807252 5.055247750133276 7.6003906000405532 3.914140947163097 3.9819783866405478 2.321785494685173 3.2631320767104617 21.938128098845475 4.1798066273331633 1.5751376189291466 3.427301423624157 1.7155893146991741 1.985842529684305 23.139062255620978
leaf_count=36 61 21 102 18 7 20 18 52 18 8 27 3 19 66
internal_value=0.0182094 0.022834 -0.0129402 0.0288626 -0.000756213 0.0220052 0.0354496 0.0386809 0.0421796 0.0456446 0.0353351 0.0424922 0.0142036 0.0452725
internal_weight=93.6754 87.7554 12.6556 75.0997 13.663 10.0052 61.4367 58.1736 54.2594 50.0796 28.1415 7.68341 3.70143 24.7142
internal_count=476 415 123 292 85 49 207 189 171 153 101 29 22 74
is_linear=0
shrinkage=0.05


Tree=42
num_leaves=15
num_cat=0
split_feature=32 45 73 146 122 131 187 52 139 27 0 148 174 145
split_gain=9.56131 9.7813 8.17376 6.88046 5.51952 5.11938 4.98837 4.53997 4.00932 5.77774 3.71254 3.53948 3.39402 3.48406
threshold=3.5000000000000004 0.0035073497662866078 0.29958765952626204 0.043239396598012299 0.0491384435777222 -0.042006128683251376 0.026319468744268552 -0.039857261557364236 0.031056720929576512 1.5000000000000002 549.00000000000011 -0.034941396614060129 -0.075573733531820994 -0.067967905556311006
decision_type=8 2 2 2 2 2 2 2 2 2 2 2 2 2
left_child=4 8 5 6 10 -3 -4 -8 -2 -10 -1 -6 -12 -14
right_child=1 2 3 -5 11 -7 7 -9 9 -11 12 -13 13 -15
leaf_value=-0.05683933635070576 0.040792702176527203 0.017181470897090552 0.035520042053498874 -0.073867581762027471 0.042133537125073464 -0.056136942351572808 0.062441550602407539 -0.061300141415245549 0.043003163001053418 -0.068520068987060687 -0.03040094721499273 -0.060835831392878736 -0.062573883150481097 0.052920646259668774
leaf_weight=0.89338063076138752 16.921278638765219 2.9804174210876218 12.266805874183779 2.2267907075583926 1.3370666056871416 11.834928102791308 0.99753403663635287 2.8850698564201585 2.3702825903892508 2.2770307287573814 1.3667430132627512 2.2206679731607428 0.66850302368403092 28.128176610916849
leaf_count=10 60 23 58 21 6 114 2 29 8 16 15 23 7 84
internal_value=0.0162832 0.00328095 -0.0137537 0.00852528 0.0368527 -0.0413874 0.0198862 -0.0295079 0.0294953 -0.0116396 0.0436104 -0.0221379 0.0465856 0.0502395
internal_weight=89.3747 54.7601 33.1915 18.3762 34.6145 14.8153 16.1494 3.8826 21.5686 4.64731 31.0568 3.55773 30.1634 28.7967
internal_count=476 331 247 110 145 137 89 31 84 24 116 29 106 91
is_linear=0
shrinkage=0.05


Tree=43
num_leaves=15
num_cat=0
split_feature=114 162 32 81 80 101 91 111 45 157 0 156 73 52
split_gain=10.1184 6.81403 5.61564 7.32009 7.04633 6.04133 4.5705 5.05454 5.68801 5.06307 3.6529 3.30888 2.22895 3.90058
threshold=0.092836231408156902 -0.066294150464181537 3.5000000000000004 0.045373791067037227 0.12800566774170866 -0.068719680337450531 -0.079967113723081545 0.013405506898165368 0.0082360316174524481 -0.087798507848401139 586.00000000000011 -0.128276079570424 0.29536713416718918 -0.013865961491145384
decision_type=2 2 8 2 2 2 2 2 2 2 2 2 2 2
left_child=2 -2 5 4 6 -1 -4 12 -9 -10 -7 -5 13 -8
right_child=1 -3 3 11 -6 10 7 8 9 -11 -12 -13 -14 -15
leaf_value=-0.029898199873914455 0.02564074249681509 -0.054715976295557966 -0.045127702518054223 0.035517584941543535 -0.073212245010250074 -0.013578605724350571 0.043898322694137897 0.03548752875830255 0.036172336346278984 -0.064746630341153716 0.053323465504872318 -0.063263006450467521 0.054894008251994079 -0.033473104502656899
leaf_weight=2.7715327739715603 4.0403215885162354 7.6017851978540403 2.2152328677475444 1.0624922327697275 1.9429924823343743 2.2278728522360352 5.7489252761006355 6.3942727968096715 1.8131589740514753 3.9510443583130836 24.236623425036669 4.1949685644358388 14.324756380170582 2.2730019837617892
leaf_count=19 19 122 13 4 17 15 21 20 7 35 72 40 40 15
internal_value=0.0164668 -0.0268287 0.0233568 0.0120545 0.0195817 0.040336 0.0244917 0.0289613 0.00301735 -0.0330021 0.0476914 -0.0433002 0.043077 0.0219752
internal_weight=84.799 11.6421 73.1569 43.9208 38.6634 29.236 36.7204 34.5052 12.1585 5.7642 26.4645 5.25746 22.3467 8.02193
internal_count=459 141 318 212 168 106 151 138 62 42 87 44 76 36
is_linear=0
shrinkage=0.05


Tree=44
num_leaves=15
num_cat=1
split_feature=114 20 75 1 78 126 52 110 125 98 167 43 141 96
split_gain=9.40795 8.97203 7.42239 6.8999 4.56652 4.45747 4.40492 4.11318 4.00557 4.73974 3.86112 2.91306 5.17165 2.12238
threshold=-0.1530350027884548 22621.000000000004 0.011771193880493627 0 0.066243238234855215 0.0020156792309255125 -0.045275869787853015 0.024209012344674971 -0.014680785257681774 0.014534156087904966 0.028925153063481156 0.59574562154233546 0.0014590022041971974 -0.086731649963699656
decision_type=2 2 2 9 2 2 2 2 2 2 2 2 2 2
left_child=8 3 11 5 13 -2 -7 -4 9 -1 -6 -3 -13 -5
right_child=1 2 7 4 10 6 -8 -9 -10 -11 -12 12 -14 -15
leaf_value=-0.03918363281653478 0.046232680126886992 0.054294963806440714 -0.059380744342087316 0.0036655407780743932 -0.05694584382659465 0.061444802417979422 -0.057207170485350026 0.029277987264311595 0.051962910616295543 0.04199203494702148 0.042389789383327353 0.044258846471385921 -0.042989669827703886 -0.059559469868601368
leaf_weight=3.0421489849686649 8.1993028949946147 12.709610365331178 3.435174271464347 1.4782472699880624 1.5431193504482497 1.1365183927118772 2.50919234380126 2.1128189638257027 19.365578792989254 4.3977309018373489 2.6722888834774494 5.1079901196062556 2.5445298999547958 13.003094678744676
leaf_count=13 33 31 33 12 23 3 32 10 51 12 9 18 21 160
internal_value=0.0155916 0.00400976 0.0256513 -0.0143499 -0.0259136 0.0139787 -0.0202185 -0.0256172 0.0399829 0.0087995 0.00602635 0.0396203 0.015248 -0.0531055
internal_weight=83.2573 56.4519 25.9101 30.5418 18.6968 11.845 3.64571 5.54799 26.8055 7.43988 4.21541 20.3621 7.65252 14.4813
internal_count=461 385 113 272 204 68 35 43 76 25 32 70 39 172
cat_boundaries=0 1
cat_threshold=2369537
is_linear=0
shrinkage=0.05


Tree=45
num_leaves=15
num_cat=0
split_feature=114 67 157 102 60 40 0 179 99 123 98 39 167 42
split_gain=7.69214 8.7926 7.08747 5.94315 5.0837 4.6664 4.41992 3.90331 3.50258 3.38162 2.7525 4.05693 3.38914 2.40347
threshold=-0.16932115209060791 1.0000000180025095e-35 0.047883714582773441 -0.068301695804331472 1.5000000000000002 0.319070726188941 592.00000000000011 -0.11367238887769354 0.055730899290406914 0.05273107977612395 -0.059475975663416648 0.091809614039000065 -0.089443043357476451 0.57067279482470656
decision_type=2 2 2 2 2 10 2 2 2 2 2 2 2 2
left_child=-1 3 4 13 9 8 -6 -8 -5 -3 11 -9 -12 -2
right_child=1 2 -4 5 6 -7 7 10 -10 -11 12 -13 -14 -15
leaf_value=0.041506563018520404 -0.021956147856643328 -0.059346258364160645 -0.057815723299596493 -0.056061837746254131 -0.062315560271172778 0.059258870494811794 -0.063701721104878525 -0.059859494044502193 0.004493651411742944 0.038802450556522067 -0.024621393091294255 0.053264462646478453 0.048740665624114332 0.053115381880025098
leaf_weight=23.179617181420326 1.5786622948944593 2.6518352571874853 2.6564894095063201 10.972779102623461 1.1736161187291134 1.2150463163852681 0.94443362951278231 1.625635847449302 3.0521415732800952 1.3116872534155843 1.6731411479413534 1.5465449467301366 26.648132652044303 3.2842255346477032
leaf_count=67 14 32 37 129 10 3 8 16 21 7 11 4 94 12
internal_value=0.0170248 0.00761921 0.0211117 -0.0193831 0.0266917 -0.03474 0.0330072 0.036456 -0.0428836 -0.0268649 0.0394596 -0.00470776 0.0444066 0.0287446
internal_weight=83.514 60.3344 40.2315 20.1029 37.575 15.24 33.6115 32.4379 14.0249 3.96352 31.4935 3.17218 28.3213 4.86289
internal_count=465 398 219 179 182 153 143 133 150 39 125 20 105 26
is_linear=0
shrinkage=0.05


Tree=46
num_leaves=15
num_cat=0
split_feature=32 114 29 160 0 41 39 16 97 111 19 79 157 180
split_gain=7.08511 6.53246 6.77546 6.17553 5.35272 4.884 4.72917 4.24832 3.2428 3.03001 4.21657 3.02502 2.61025 2.48839
threshold=3.5000000000000004 -0.0506983935911769 3.5000000000000004 0.053136854394742195 685.50000000000011 0.40692055094149199 0.027707795970569851 4451545.0000000009 -0.0071011989364580565 0.0506599670033578 8867.5000000000018 0.077753016248352944 0.027306264326052522 -0.031607950111020314
decision_type=10 2 2 2 2 10 2 2 2 2 2 2 2 2
left_child=1 9 4 7 -3 -4 -6 -2 -5 11 13 -1 -8 -11
right_child=3 2 5 8 6 -7 12 -9 -10 10 -12 -13 -14 -15
leaf_value=0.050107400402292536 -0.0531409870619085 -0.056853845693705218 -0.048850646612299348 0.053755518122858087 -0.032073168329239503 0.064761865370078858 0.047398902884998852 0.049331815202201812 -0.019937901641177074 0.020475820783307661 0.058275910474707572 0.0056455409650674575 -0.0090649168557200635 -0.06427744721448253
leaf_weight=27.72560852766037 7.8488665334880334 1.991455452516681 6.7991206124424926 3.7908508032560349 2.7031668834388283 1.0988149046897886 14.182922737672927 1.1610581278800962 2.462527558207511 1.4815172180533411 2.2557146847248077 4.4378743246197692 2.3920446485280982 2.0847451016306868
leaf_count=78 79 30 92 10 38 2 55 3 17 6 6 19 17 15
internal_value=0.0173101 0.0242993 0.00650278 -0.0134399 0.0211875 -0.0330441 0.0292493 -0.0399359 0.0247357 0.0379645 0.00477278 0.0439726 0.0392502 -0.0290688
internal_weight=82.4163 67.153 29.1675 15.2633 21.2696 7.89794 19.2781 9.00992 6.25338 37.9855 5.82198 32.1635 16.575 3.56626
internal_count=467 358 234 109 140 94 110 82 27 124 27 97 72 21
is_linear=0
shrinkage=0.05


Tree=47
num_leaves=15
num_cat=0
split_feature=114 169 121 134 0 79 117 76 73 133 153 116 47 152
split_gain=9.18639 8.11519 5.92926 5.27067 4.94039 4.53161 4.90566 3.84628 3.82362 6.12716 3.45119 4.60618 2.82306 2.52301
threshold=-0.06348449553360698 0.020076037435326086 -0.0083328746461794057 -0.032903480932668615 803.50000000000011 0.049305879621221078 -0.023945505127781083 -0.036358111742860411 0.29372776094434638 0.037231552857373874 0.21085839101696502 1.0000000180025095e-35 1.0090010427937723 0.04151664939859518
decision_type=2 2 2 2 2 2 2 2 2 2 2 2 8 2
left_child=5 2 4 7 -2 10 -7 -4 9 -8 11 -1 13 -12
right_child=1 -3 3 -5 -6 6 8 -9 -10 -11 12 -13 -14 -15
leaf_value=-0.050277471507529585 -0.054187278967743502 -0.05594065651686099 -0.056702896044891808 -0.050122646811360805 0.03608789728281054 -0.065216300156204735 -0.069595572330123506 0.046007331585342308 0.057681341475916671 0.047000993324299384 -0.037761373902550854 0.038279145319033231 0.050392977486513071 0.043741558424663651
leaf_weight=2.3957962654530993 1.6899347249418557 6.1418068520724765 1.230120090767741 6.3986349105834934 14.685228079557417 2.2162564396858206 2.2711820080876333 3.5189938098192224 3.5402990952134132 2.2360908351838589 1.8334290049970179 3.7932865470647812 27.673872038722038 1.9696058258414266
leaf_count=13 28 97 18 79 71 14 14 15 9 7 14 11 79 6
internal_value=0.016045 -0.00397327 0.00762338 -0.0205035 0.0267714 0.0301054 0.000653502 0.0194032 0.0187937 -0.0117512 0.0381309 0.00399885 0.0448421 0.0044493
internal_weight=81.5945 33.6647 27.5229 11.1477 16.3752 47.9298 10.2638 4.74911 8.04757 4.50727 37.666 6.18908 31.4769 3.80303
internal_count=475 308 211 112 99 167 44 33 30 21 123 24 99 20
is_linear=0
shrinkage=0.05


Tree=48
num_leaves=15
num_cat=0
split_feature=50 114 57 153 114 12 186 93 52 169 182 29 44 97
split_gain=7.38232 6.50805 5.28034 6.45455 6.38677 6.43402 5.19453 4.272 4.27111 4.93893 3.66721 2.93783 3.36095 2.22665
threshold=0.010461730450325694 -0.14088670063812761 -1.0000000180025095e-35 0.21085839101696502 -0.12002006604387329 353.00000000000006 -0.070649971802495271 -0.0038036248816788101 -0.027100302847720383 0.1036832065974075 0.097729114541878923 4.5000000000000009 106.50000000000001 0.066969584457057904
decision_type=2 2 2 2 2 2 2 2 2 2 2 2 2 2
left_child=1 7 6 -4 -5 8 -2 -1 -6 -10 -7 13 -13 -8
right_child=2 -3 3 4 5 10 11 -9 9 -11 -12 12 -14 -15
leaf_value=0.059988102525182913 -0.042009923701670629 -0.056683431406147816 -0.054475479022484369 0.039804744493012557 0.062034956043063617 -0.059213728976605734 0.049609118291695786 -0.027862404238785773 -0.059088536365053068 0.061373447124248331 0.032355113649918173 0.047158581238210338 -0.059207637711649379 0.0059865276769127959
leaf_weight=2.8919053785502911 2.050902657210826 6.1716983113437873 3.7663531098514822 13.626924850046636 3.7712366543710232 5.7600382622331381 26.384135527536277 2.6536502093076706 2.270194690674542 1.3610080480575559 1.3495888318866489 1.4488261565566056 1.5237350072711704 3.2900688964873543
leaf_count=7 19 97 30 42 9 75 90 14 27 3 7 5 17 19
internal_value=0.0152377 -0.0213608 0.0216764 0.00699478 0.0152225 -0.00786046 0.0351764 0.01795 0.0247669 -0.0139383 -0.0418316 0.0400253 -0.00736475 0.0447725
internal_weight=78.3203 11.7173 66.603 31.9053 28.139 14.5121 34.6977 5.54556 7.40244 3.6312 7.10963 32.6468 2.97256 29.6742
internal_count=461 118 343 193 163 121 150 21 39 30 82 131 22 109
is_linear=0
shrinkage=0.05


Tree=49
num_leaves=15
num_cat=0
split_feature=19 155 154 52 63 98 162 113 130 143 94 50 154 106
split_gain=5.92978 5.56359 5.27505 4.55952 4.52357 3.92729 3.53871 2.7411 3.54648 3.5138 2.86288 2.75334 3.47273 2.50606
threshold=1560.5000000000002 -0.05954295046875064 0.20956522891896553 -0.023478737465559125 848.50000000000011 -0.089381621420127275 0.16243991193674859 0.27759103363377796 -0.061141710343592691 0.066096209432486064 -0.073636294244180375 0.0095118929101518767 0.16250120359775291 -0.07281366856369266
decision_type=2 2 2 2 2 2 2 2 2 2 2 2 2 2
left_child=1 4 5 -4 -1 -2 7 -7 -9 10 -10 12 -12 -13
right_child=2 -3 3 -5 -6 6 -8 8 9 -11 11 13 -14 -15
leaf_value=-0.057955935083636015 -0.058185168416199098 -0.050220067051664145 0.047523206709113357 -0.048278515553654248 0.040854641862825808 0.043973612756453305 -0.036134484902494074 -0.040040724714556601 -0.055619889118107474 -0.040897680063571279 -0.05849639015390487 -0.059264736207879101 0.059155919882024545 0.038689573990141807
leaf_weight=1.5418888721615074 1.3963463287800539 6.3894654493778926 1.6849785745143888 4.7238610666245213 4.655659306794405 19.91436879709363 2.1583345159888259 2.2437857445329419 0.97072258591651461 1.912471767514943 1.7499030511826377 0.66911707445979374 0.97760253213345993 27.037049386650324
leaf_count=20 18 89 5 39 23 62 22 24 12 19 24 6 3 110
internal_value=0.0139475 -0.0174812 0.0199928 -0.0230908 0.0162715 0.0246704 0.0266778 0.0291216 0.0208043 0.024902 0.0289091 0.0316053 -0.016327 0.0363239
internal_weight=78.0256 12.587 65.4385 6.40884 6.19755 59.0297 57.6334 55.475 35.5607 33.3169 31.4044 30.4337 2.72751 27.7062
internal_count=476 132 344 44 43 300 282 260 198 174 155 143 27 116
is_linear=0
shrinkage=0.05


Tree=50
num_leaves=15
num_cat=0
split_feature=20 114 32 126 139 157 150 43 114 7 20 118 159 118
split_gain=5.53314 8.57104 5.15079 7.36813 4.42867 4.14659 3.85461 3.77579 3.74723 3.85222 3.32862 2.9088 2.54348 2.40654
threshold=22621.000000000004 -0.033037443319938152 3.5000000000000004 0.0095787635670269693 -0.048733986071140149 -0.12366099072491014 -0.091277518483506084 0.58588689694571039 -0.053952009071813363 433665.50000000006 2913.0000000000005 0.095226710400675943 -0.026455437486169436 0.0026487459862674693
decision_type=2 2 8 2 2 2 2 2 2 10 2 2 2 2
left_child=1 2 13 10 -2 -5 -3 -6 -9 11 -4 -10 -12 -1
right_child=4 6 3 5 7 -7 -8 8 9 -11 12 -13 -14 -15
leaf_value=0.057150066175610748 -0.031296519441336587 0.044009865409222804 -0.034208059121391909 0.035876101878517683 0.052850729020391278 -0.065637004389136222 -0.049589659590612428 0.038548021089158835 -0.055905100701093773 0.061379342633183454 -0.0046533261880600408 0.038386815738991165 0.045468839170177786 0.0077206113910445393
leaf_weight=7.1925614327192324 2.9029427524656084 1.241274146363138 2.5037278160452869 1.2436589449644087 13.165125004947187 5.2636658772826186 9.6611581668257696 7.7069025039672878 3.6943197213113264 1.3256265223026273 3.7299721725285071 1.0504806637763975 7.8748404532670939 3.744297694414854
leaf_count=20 19 6 19 4 39 36 179 26 50 3 18 4 24 17
internal_value=0.0108832 -0.000714161 0.0124916 -0.00222247 0.0273804 -0.0462361 -0.0389331 0.0337026 0.0154054 -0.0139761 0.0180781 -0.0350292 0.0293588 0.0402276
internal_weight=72.3006 42.4552 31.5527 20.6159 29.8454 6.50732 10.9024 26.9425 13.7773 6.07043 14.1085 4.7448 11.6048 10.9369
internal_count=464 323 138 101 141 40 185 122 83 57 61 54 42 37
is_linear=0
shrinkage=0.05


Tree=51
num_leaves=15
num_cat=0
split_feature=0 53 75 55 114 5 163 132 172 38 98 145 162 39
split_gain=7.25254 6.88777 5.20149 5.52385 5.72415 3.96247 4.011 3.9021 3.78708 3.68423 3.41283 2.83975 2.46963 1.75054
threshold=803.50000000000011 -2.0860872294787502 -0.028212264954348549 3.6428571428571437 -0.14878637622738264 3.5000000000000004 -0.038863471229185563 0.025168624746600334 0.049124277707083358 0.021042927503601667 -0.083435841701298905 -0.076496412361821878 -0.053441830182306992 0.036375703360390664
decision_type=2 2 2 2 2 10 2 2 2 2 2 2 2 2
left_child=1 -1 9 4 -4 6 7 -6 -3 -2 -11 -12 -10 -7
right_child=2 8 3 -5 5 13 -8 -9 12 10 11 -13 -14 -15
leaf_value=0.041907681038410735 -0.065495096322699536 -0.056679728641012644 0.045328502845212615 -0.064864278856060109 -0.05536610855785401 -0.023706449474030833 -0.057445461111819252 0.049256820157425302 0.057791251113765534 -0.060901151285824906 -0.060286434090021414 0.041141314419287832 -0.034453908149063225 0.038438869919475566
leaf_weight=3.588198695331811 0.90699410252272983 7.6688297353684884 8.4309078156948107 2.5718583445996037 1.4122413042932751 1.4758696425706137 4.9677483048290032 2.4156783092767 1.4110583364963534 0.87572192028164764 0.70456702262163062 33.588099781423807 1.4936028216034172 4.8801426626741886
leaf_count=16 7 93 24 28 22 19 69 11 4 7 6 133 20 21
internal_value=0.0143445 -0.0179504 0.0216939 0.00471667 0.012305 -0.0060704 -0.0278064 0.0106581 -0.0382637 0.0340023 0.0365684 0.0390574 0.010358 0.0240087
internal_weight=76.3915 14.1617 62.2298 26.1544 23.5826 15.1517 8.79567 3.82792 10.5735 36.0754 35.1684 34.2927 2.90466 6.35601
internal_count=480 133 347 194 166 142 102 33 117 153 146 139 24 40
is_linear=0
shrinkage=0.05


Tree=52
num_leaves=15
num_cat=1
split_feature=2 78 122 32 45 29 93 166 159 129 39 142 181 114
split_gain=6.15336 6.68476 5.82525 6.05769 5.31453 4.13585 4.08618 3.60239 3.98519 2.93222 2.63527 4.22652 2.51909 2.14267
threshold=0 -0.14924583178321471 -0.069141180453123341 3.5000000000000004 0.0093500517697854089 3.5000000000000004 0.041949375971975449 -0.020885323812050664 -0.077541190531492762 -0.069570306217667868 0.022707418514586769 -0.034780355870156883 0.075339714236359864 -0.16526501658945983
decision_type=1 2 2 10 2 2 2 2 2 2 2 2 2 2
left_child=1 -1 -2 5 13 10 7 8 -7 -3 11 -4 -6 -5
right_child=2 9 3 4 12 6 -8 -9 -10 -11 -12 -13 -14 -15
leaf_value=0.045352765601102026 -0.058868132622073278 0.028483188603660611 0.043415052067580583 0.057463505271617754 -0.06546311283763849 0.032383468079839918 -0.060937840803113957 0.037341859163982326 -0.059877512406290058 -0.059385684199711498 0.043658496909292341 -0.056131223937770862 0.01414445161497207 -0.0087807221855371303
leaf_weight=2.5611793659627446 2.464489432051777 1.0995986778289069 2.5535722747445107 2.3990149796009064 4.3819718137383461 2.1344591453671455 2.000118561089038 7.6306090094149104 2.5915520414710036 6.9525446798652402 26.840349053964019 1.8307401426136518 1.2852027378976343 2.4851958788931352
leaf_count=14 33 10 12 7 53 9 21 38 27 98 102 27 8 14
internal_value=0.0100243 -0.0250068 0.0163692 0.0196725 -0.0144668 0.0275752 0.00536359 0.0160956 -0.0182087 -0.0473863 0.0377878 0.0018479 -0.0474097 0.023757
internal_weight=69.2106 10.6133 58.5973 56.1328 10.5514 45.5814 14.3567 12.3566 4.72601 8.05214 31.2247 4.38431 5.66717 4.88421
internal_count=473 122 351 318 82 236 95 74 36 108 141 39 61 21
cat_boundaries=0 1
cat_threshold=4
is_linear=0
shrinkage=0.05


Tree=53
num_leaves=15
num_cat=0
split_feature=56 138 41 135 0 32 45 126 4 176 42 174 113 34
split_gain=6.80361 4.96152 4.6412 4.54562 4.51173 4.43594 4.13796 5.37144 3.38262 3.19054 4.4958 2.93814 3.31292 2.81435
threshold=3.5000000000000004 0.045700083771723334 0.14997043338333915 0.070028482558371283 586.00000000000011 3.5000000000000004 0.011926926978767847 -0.040413938358699407 7.5000000000000009 -0.0318325669234946 0.43931522672413298 0.02133677002621372 0.27442342952188437 3.5000000000000004
decision_type=2 2 8 2 2 8 2 2 10 2 2 2 2 2
left_child=4 2 3 -2 -1 -6 11 -8 -9 -4 -11 -7 -13 -10
right_child=1 -3 9 -5 5 6 7 8 13 10 -12 12 -14 -15
leaf_value=-0.04392048363222819 -0.040386495669609418 -0.061489443674619261 0.054772452836323739 0.041866097729534202 0.0468886203977191 0.04966251363157425 0.036655493723141634 -0.053706563494657467 0.027165014747546998 0.042328504871213667 -0.070223045310815135 0.0572245047104636 -0.042962028455476142 -0.046980992046676474
leaf_weight=2.3606198467314234 7.6494495756924152 3.8350490927696219 4.8393720388412476 2.1523273177444935 17.519661420956254 9.9537115693092364 5.925198137760165 4.8229330610483867 3.9149828143417835 2.008166465908293 1.589533533900976 1.3548239283263677 2.1106000039726496 1.9013470355421302
leaf_count=28 97 38 14 11 72 33 29 62 24 8 14 4 20 20
internal_value=0.0133166 -0.00979414 0.00107573 -0.022325 0.0235474 0.0269001 0.0152207 -0.00149771 -0.0227459 0.0282616 -0.00739895 0.0358577 -0.00379363 0.00292683
internal_weight=71.9378 22.0739 18.2388 9.80178 49.8639 47.5033 29.9836 16.5645 10.6393 8.43707 3.5977 13.4191 3.46542 5.81633
internal_count=474 182 144 108 292 264 192 135 106 36 22 57 24 44
is_linear=0
shrinkage=0.05


Tree=54
num_leaves=15
num_cat=0
split_feature=114 50 14 27 0 153 120 97 121 138 186 39 51 68
split_gain=6.19881 5.68094 4.41781 4.30678 3.86591 5.19723 3.86684 3.69062 4.56081 3.61979 2.98351 3.69954 2.30238 3.40142
threshold=0.083345056092522712 0.010404390942939891 144597.50000000003 1.5000000000000002 982.50000000000011 0.21085839101696502 -0.020604409759048089 0.066969584457057904 0.036367599394971174 0.0428844161142223 -0.064053046870171118 0.030640847441913328 -0.029209814140990598 13.500000000000002
decision_type=2 2 2 2 2 2 2 2 2 2 2 2 2 2
left_child=1 2 -1 -2 5 -3 -7 10 -9 -8 11 -6 -4 -14
right_child=3 4 12 -5 7 6 9 8 -10 -11 -12 -13 13 -15
leaf_value=-0.058136823012727684 0.017438607832223892 -0.064056813738007201 0.054891844516131431 -0.054823291521689493 0.044890988558523491 -0.046240268386215172 0.036727366730894717 -0.055266057260151817 0.038417997570747271 -0.030441884372685475 0.045161056729832311 -0.061438953595831951 0.054182346974207013 -0.060099600119363675
leaf_weight=4.1723368894308788 3.2530757412314397 2.4330418258905437 1.9084252528846262 5.631237393245101 1.7273853160440915 2.249692881479862 11.069360068067903 2.4844164475798598 2.7230158597230911 2.4496583044528952 25.735915662720803 1.5539593547582624 1.0522303320467474 1.7079126462340353
leaf_count=56 27 24 6 108 7 21 50 19 10 14 99 13 4 18
internal_value=0.0106669 0.0163267 -0.0207492 -0.0283639 0.022579 0.00396099 0.0144558 0.0324807 -0.00627777 0.0245562 0.0394362 -0.0054641 0.0126644 -0.0165327
internal_weight=70.1517 61.2674 8.84091 8.88431 52.4264 18.2018 15.7687 34.2247 5.20743 13.519 29.0173 3.28134 4.66857 2.76014
internal_count=476 341 84 135 257 109 85 148 29 64 119 20 28 22
is_linear=0
shrinkage=0.05


Tree=55
num_leaves=15
num_cat=0
split_feature=39 53 41 49 114 75 141 52 94 48 15 132 126 5
split_gain=6.02483 5.96992 5.91314 5.99669 4.04224 3.83495 4.39238 3.54165 3.40219 3.13157 4.69578 2.39306 2.23995 3.04342
threshold=0.041740846519044063 -0.57161517255102068 0.1377874537130041 613.50000000000011 -0.16822838881254795 -0.016100663371388376 0.0045500105792671058 -0.025074757494938576 -0.029080829890207455 88.469696969696983 57653.500000000007 -0.016221304519427222 -0.020693874512637777 4.5000000000000009
decision_type=2 2 8 2 2 2 2 2 2 10 2 2 2 10
left_child=1 2 3 7 -2 9 -7 -1 -8 10 -6 -4 -10 -14
right_child=4 -3 11 -5 5 6 8 -9 12 -11 -12 -13 13 -15
leaf_value=-0.060877749805549643 0.047519088154448205 -0.055412818659599919 -0.012844137878670066 -0.049712826843963054 -0.051872977985856009 -0.054595447060045092 -0.058631163849192182 0.031628817152239315 0.060571382431715018 0.037184065215461429 0.048418962621669906 0.051530825035138741 -0.056571470175458799 0.054069434190355897
leaf_weight=1.2483892794698475 12.18359526991844 5.140115473419427 1.8492901995778082 6.7078232569620013 2.7411240898072746 3.7330108620226401 1.3283694721758363 6.0436615869402885 2.9005264043807983 15.389543056488035 2.0325410217046738 6.581366971135143 1.3095838744193318 1.183009438216686
leaf_count=14 41 101 13 78 23 45 14 42 7 61 7 22 20 5
internal_value=0.0114187 -0.00680969 0.00432806 -0.0155937 0.0231605 0.0134676 -0.0111073 0.0157918 0.0130454 0.0262096 -0.00917047 0.03741 0.0306999 -0.0040602
internal_weight=70.372 27.5706 22.4305 13.9999 42.8013 30.6177 10.4545 7.29205 6.72149 20.1632 4.77367 8.43066 5.39312 2.49259
internal_count=493 270 169 134 223 182 91 56 46 91 30 35 32 25
is_linear=0
shrinkage=0.05


Tree=56
num_leaves=15
num_cat=0
split_feature=32 57 50 20 53 46 105 97 79 114 104 93 73 160
split_gain=4.45988 4.49573 5.61007 4.6732 4.7456 4.63011 3.64112 3.52797 3.35413 2.79998 2.70111 2.5412 2.36689 2.34654
threshold=4.5000000000000009 -1.0000000180025095e-35 0.0099634738744987638 33665.000000000007 -1.5825460711424151 31.605047010056968 0.016844457273710457 0.052321898725306508 0.087455653616082971 -0.14088670063812761 0.11866762933113099 0.060972512051101803 0.29691327373727699 0.026672090567654277
decision_type=10 2 2 2 2 2 2 2 2 2 2 2 2 2
left_child=1 2 -1 4 9 6 -6 -2 -4 -3 -7 -11 13 -5
right_child=7 3 8 12 5 10 -8 -9 -10 11 -12 -13 -14 -15
leaf_value=-0.056333309879651419 -0.059610356539669632 0.047582420063901516 0.040169613548023675 -0.041575911235674112 -0.039640934764883173 -0.061773107636685899 0.046893665077331052 0.020850718629594894 -0.020946817494576608 -0.058024382607413751 0.03614466371764135 0.047023478571036052 0.045865906745714294 0.038912151243261035
leaf_weight=1.7895396528765584 3.6765372678637496 4.1473676264286041 26.148225987330083 1.9288183338940128 2.1705242153257158 7.4205954726785404 2.7631051242351532 2.1643921360373497 2.4557711798697701 1.5726849697530298 0.77816002815961827 0.90815903618931759 7.0608225483447313 1.7068657912313936
leaf_count=33 42 13 119 17 26 104 13 18 29 24 5 4 29 8
internal_value=0.0119388 0.0159447 0.0295495 0.00236833 -0.0120413 -0.0294491 0.00882322 -0.029795 0.0349225 0.0224484 -0.0524795 -0.0195697 0.0289886 -0.00378871
internal_weight=66.6916 60.8506 30.3935 30.4571 19.7606 13.1324 4.93363 5.84093 28.604 6.62821 8.19876 2.48084 10.6965 3.63568
internal_count=484 424 181 243 189 148 39 60 148 41 109 28 54 25
is_linear=0
shrinkage=0.05


Tree=57
num_leaves=15
num_cat=0
split_feature=50 47 57 137 38 187 56 46 32 17 117 131 14 0
split_gain=5.13227 3.93636 3.75579 4.09808 3.77907 3.98307 3.54171 3.1929 3.16293 3.13354 2.60069 2.52689 2.32389 1.97029
threshold=0.010461730450325694 5.6828187643068935 -1.0000000180025095e-35 0.037485048396749571 0.063602551443154839 0.039141800395928079 3.5000000000000004 51.710027647703008 4.5000000000000009 52205.500000000007 -0.10777302484241023 -0.0056015513006834996 676670.00000000012 526.50000000000011
decision_type=2 8 2 2 2 2 2 2 8 10 2 2 2 2
left_child=1 -1 6 4 12 -6 10 -7 -8 -5 -2 -3 -4 -12
right_child=2 11 3 9 5 7 8 -9 -10 -11 13 -13 -14 -15
leaf_value=-0.051336080191635131 -0.060932719535933981 -0.056554575759477171 -0.057456769880248393 -0.06747357669384256 0.034577562360523818 0.027384373162796318 0.029203509919459233 -0.062102094749617733 -0.039051594043202666 0.018251356107436764 -0.056770481643227656 0.029917876091325509 0.026164935545677462 0.045138120964109907
leaf_weight=5.1442904938012344 0.62042429856956616 1.0799806900322435 2.6751003507524795 3.0762384645640841 14.923728384077551 1.825173396617173 3.8385382629930964 2.1963044945150614 3.0427185222506523 1.6313020214438436 0.4850499033927943 3.8800977896898985 1.2051361314952371 21.388369290158153
leaf_count=92 6 16 46 35 76 11 21 21 29 9 7 22 6 94
internal_value=0.012146 -0.0206922 0.0179766 0.00470892 0.0134693 0.0226766 0.0304124 -0.0214881 -0.000977179 -0.0377674 0.040015 0.0110898 -0.0314853 0.0428783
internal_weight=67.0125 10.1044 56.9081 27.533 22.8254 18.9452 29.3751 4.02148 6.88126 4.70754 22.4938 4.96008 3.88024 21.8734
internal_count=491 130 361 204 160 108 157 32 50 44 107 38 52 101
is_linear=0
shrinkage=0.05


Tree=58
num_leaves=15
num_cat=0
split_feature=32 41 178 150 0 174 162 67 145 90 72 123 114 192
split_gain=4.45806 4.94006 4.90765 3.53644 4.1453 3.94856 3.76278 3.69431 2.71707 2.40428 2.61343 2.17913 2.17385 3.3354
threshold=2.5000000000000004 0.068272949665402274 0.061957367688963566 0.073191115364850359 782.50000000000011 0.02793003227976865 -0.043685457928119238 1.0000000180025095e-35 -0.036455068140201503 0.042487971196923109 0.76388888888888895 -0.061107732810694267 -0.078836979115111019 0.010175072462177812
decision_type=8 8 2 2 2 2 2 2 2 2 10 2 2 2
left_child=8 2 9 4 6 12 -3 -7 -1 -2 -11 -4 -6 -14
right_child=1 3 11 -5 5 7 -8 -9 -10 10 -12 -13 13 -15
leaf_value=-0.016154536342558347 -0.057851082017442192 0.028439154020440938 -0.060127953733269068 -0.059380438028869581 0.051565492213448798 -0.052319403092186613 -0.060843123991383169 0.025965552796779923 0.043065374581623149 -0.055951536477230682 0.045039241153758763 0.040874647625993306 -0.014773623591689126 0.042461073051192205
leaf_weight=2.2057134229689863 6.1768779931589943 2.0472197793424129 0.63102873228490342 1.4720744192600239 11.760699786245823 2.6990889608860007 2.7861359622329465 3.4121684245765209 15.89265621639788 1.1654911916702988 1.422421211376786 3.4737432226538649 4.1344588976353442 6.6232301276177168
leaf_count=21 101 10 9 14 40 25 39 21 74 22 7 25 37 29
internal_value=0.0147129 0.00671129 -0.0197707 0.0164668 0.0198035 0.0270342 -0.0230267 -0.00860967 0.035848 -0.0409006 -0.000442925 0.0253475 0.0367075 0.0204643
internal_weight=65.903 47.8046 12.8696 34.9351 33.463 28.6296 4.83336 6.11126 18.0984 8.76479 2.58791 4.10477 22.5184 10.7577
internal_count=474 379 164 215 201 152 49 46 95 130 29 34 106 66
is_linear=0
shrinkage=0.05


Tree=59
num_leaves=15
num_cat=0
split_feature=45 135 25 44 153 97 187 20 89 23 32 42 29 174
split_gain=5.76986 4.83693 4.01005 4.76552 3.7406 3.26384 2.76326 2.60634 2.5901 2.50634 2.4156 2.69675 2.04055 3.12715
threshold=0.11170559343531151 -0.0099016393906303894 -739.99999999999989 580.00000000000011 0.21931565158094768 0.034761090718831357 0.026319468744268552 2292.0000000000005 -0.052541987313559226 -2901.9999999999995 4.5000000000000009 0.59325866158307494 3.5000000000000004 -0.031436645938182392
decision_type=2 2 2 2 2 2 2 2 2 2 10 2 2 2
left_child=2 8 10 4 -4 7 -6 -3 -2 -8 12 -12 -1 -14
right_child=1 5 3 -5 6 -7 9 -9 -10 -11 11 -13 13 -15
leaf_value=0.046208346565976145 0.0082432888302600323 -0.054575640975937104 -0.04990572240814737 -0.055691702273972937 0.04336343022808406 -0.040051713748751938 0.057533679347632385 0.032878436865383082 -0.061574779607949617 -0.056982824113523928 -0.06091911602244824 0.040275710808526294 -0.043713510621346229 0.031907151428590463
leaf_weight=20.471690874546773 1.8102354705333707 0.94996234867721696 1.8031608462333668 2.8995573669672003 7.3367379866540414 2.551668766885995 0.70108932256698642 8.2566484678536636 4.9904229175299433 1.5001842752099035 1.3736296519637101 1.2643431462347505 1.689394064247608 7.1666882522404176
leaf_count=84 15 24 21 54 36 34 2 48 70 21 14 6 16 40
internal_value=0.0141219 -0.00942617 0.0235801 0.00151174 0.0161367 0.00998634 0.0286221 0.0238547 -0.0429902 -0.0205102 0.0334115 -0.0124179 0.0375338 0.0174817
internal_weight=64.7654 18.5589 46.2065 14.2407 11.3412 11.7583 9.53801 9.20661 6.80066 2.20127 31.9657 2.63797 29.3278 8.85608
internal_count=485 191 294 134 80 106 59 72 85 23 160 20 140 56
is_linear=0
shrinkage=0.05


Tree=60
num_leaves=15
num_cat=0
split_feature=114 169 153 12 111 121 0 164 96 80 50 47 41 165
split_gain=4.27083 4.88158 4.68544 4.47063 4.37979 4.19297 3.63561 3.3456 2.79275 2.42705 2.31081 3.63299 1.9927 1.35183
threshold=-0.12002006604387329 -0.092960988922997895 0.23742228628704745 481.00000000000006 -0.022725479856149734 0.01502424826865816 3121.5000000000005 -0.084677810715610383 0.0054237433353218527 -0.092899495320315537 0.010461730450325694 5.3530934962576415 0.071087849536872444 -0.031858436466713956
decision_type=2 2 2 2 2 2 2 2 2 2 2 8 8 2
left_child=2 -2 5 4 -3 12 -5 -6 -8 -9 11 -4 -1 -11
right_child=1 3 10 6 7 -7 8 9 -10 13 -12 -13 -14 -15
leaf_value=-0.023495905174617499 0.043202042983873618 -0.057253040153496561 -0.042732792200247262 -0.055757813741225272 -0.056383667147948062 -0.06824782679234348 -0.054440596889303354 -0.056172171940931132 0.027343533841169516 -0.016481426318118567 0.04577102768189311 0.044688200755988339 0.042488065312880442 0.043108430128371539
leaf_weight=1.9243268594145799 5.0547836460173157 2.1314419098198405 2.1133512221276787 7.0997175946831685 1.2590027861297119 2.1634094640612602 1.5472349654883144 0.76036238484084506 3.208345752209425 1.0689215799793572 16.434396795928478 2.715421698987484 2.8224269598722458 8.6816907748580014
leaf_count=11 29 34 14 146 19 14 29 12 22 14 59 9 11 42
internal_value=0.0111423 -0.00172292 0.0252123 -0.0105395 0.00869744 -0.0105558 -0.0330966 0.0206405 0.00073495 0.0298664 0.0368363 0.0064277 0.0157383 0.0365758
internal_weight=58.9848 30.8115 28.1733 25.7567 13.9014 6.91016 11.8553 11.77 4.75558 10.511 21.2632 4.82877 4.74675 9.75061
internal_count=465 347 118 318 121 36 197 87 51 68 82 23 22 56
is_linear=0
shrinkage=0.05


Tree=61
num_leaves=15
num_cat=0
split_feature=75 114 50 45 76 29 81 186 46 113 136 43 25 179
split_gain=5.93844 3.67302 4.12629 3.18489 2.78616 2.71282 4.06411 2.68222 2.25602 2.17822 2.1679 1.44902 1.32544 1.82502
threshold=-0.028212264954348549 -0.15622067135902559 0.033422525751977905 0.20406070142925434 0.18155577444861032 3.5000000000000004 0.028974418426805305 0.022885743527984979 26.260873128833083 0.27373757195048526 0.01210020896889546 0.29293861896374923 -1352.9999999999998 -0.0096946114441976358
decision_type=2 2 2 2 2 2 2 2 2 2 2 2 2 2
left_child=3 9 4 5 8 12 7 -7 10 -2 -3 -10 -1 -14
right_child=1 2 -4 -5 -6 6 -8 -9 11 -11 -12 -13 13 -15
leaf_value=0.052093816404279361 -0.0098757699009211029 -0.053110869227603434 0.029778181143335022 -0.035239257425811694 0.036415985100359281 0.039302130576205768 -0.0588932211607687 -0.025509367270611122 0.0026381702814930914 0.042691647232630463 0.052653367105892017 -0.056900074376461544 -0.0041465456533748843 0.043336781564314648
leaf_weight=10.237102625891572 3.5257974863052395 0.83984491229057567 3.1622725166380397 2.0891962535679331 1.2859432138502587 6.2640177793800813 1.8599309008568514 2.1423189733177423 1.1496244817972172 4.4678097367286682 1.1451482204720376 9.2004259796813113 3.2423282116651579 5.3836778160184595
leaf_count=40 17 20 24 33 9 34 21 19 11 18 5 166 26 29
internal_value=0.00988778 -0.00838957 -0.0216755 0.0243937 -0.0336211 0.0286707 0.00798759 0.0227852 -0.0409225 0.0195054 0.00790482 -0.0502869 0.0399275 0.0254888
internal_weight=55.9954 24.7769 16.7833 31.2186 13.621 29.1294 10.2663 8.40634 12.335 7.99361 1.98499 10.3501 18.8631 8.62601
internal_count=472 270 235 202 211 169 74 53 202 35 25 177 95 55
is_linear=0
shrinkage=0.05


Tree=62
num_leaves=15
num_cat=0
split_feature=32 81 154 57 129 13 138 114 162 115 25 118 55 40
split_gain=3.92655 4.27026 3.45818 3.03399 3.81455 2.86648 2.80178 2.97573 4.56933 2.69873 2.57342 3.91344 2.55669 2.42003
threshold=3.5000000000000004 0.051792595530520735 0.20956522891896553 1.5000000000000002 -0.054531154958757079 38118.500000000007 0.047159888337313265 0.008886620301365793 -0.064328007623181985 0.11068763626127565 -911.99999999999989 -0.016224712158480498 2.3571428571428572 0.049919056301270588
decision_type=8 2 2 2 2 2 2 2 2 2 2 2 2 8
left_child=5 2 3 6 -5 10 7 13 -9 -4 -1 -12 -8 -2
right_child=1 -3 9 4 -6 -7 12 8 -10 -11 11 -13 -14 -15
leaf_value=0.044407729417955503 -0.0035714318054014282 -0.048851287380157593 -0.05941227301308738 0.050798567723949063 -0.046895649856552646 -0.022411274310784251 0.038397260115201164 0.047455671456928888 -0.054797387638868045 0.033670641810652956 0.034736593997757796 -0.055273750448233142 -0.061293639504571201 0.045998191048982479
leaf_weight=15.899562979117039 2.9950018711388156 3.6749488171190015 3.0064347032457581 1.3601935170590875 3.7646901980042449 2.4912274405360213 1.001526311039924 1.9813052564859388 2.4356108997017136 1.0508596114814279 3.5938137099146843 1.8186794081702835 1.7973030451685188 13.841704282909639
leaf_count=64 28 51 44 7 44 21 4 7 51 5 26 34 25 55
internal_value=0.0125044 0.00229303 0.00794836 0.0139628 -0.0209667 0.0283383 0.0214052 0.0275979 -0.00892952 -0.0353033 0.0342705 0.00449176 -0.0256205 0.0371805
internal_weight=60.7129 36.9096 33.2346 29.1773 5.12488 23.8033 24.0525 21.2536 4.41692 4.05729 21.3121 5.41249 2.79883 16.8367
internal_count=466 321 270 221 51 145 170 141 58 49 124 60 29 83
is_linear=0
shrinkage=0.05


Tree=63
num_leaves=15
num_cat=0
split_feature=154 57 50 51 19 78 8 114 32 145 144 162 123 75
split_gain=3.8609 3.71339 4.35888 3.91985 5.12357 4.31201 4.4104 3.07194 2.62158 2.27196 2.16533 1.86475 2.34049 1.47946
threshold=0.22739722625178863 -1.0000000180025095e-35 0.0099634738744987638 -0.01513181170819768 1727.0000000000002 0.033894072757914902 10757.000000000002 -0.024906051910496701 1.5000000000000002 -0.074292477041609031 -0.070921370638268963 0.070659582798772019 0.050899909796327393 -0.0095472048648951695
decision_type=2 2 2 2 2 2 2 2 8 2 2 2 2 2
left_child=1 2 -1 4 -3 6 -5 -7 -2 -4 -8 -11 -13 -6
right_child=8 3 9 5 13 7 10 -9 -10 11 -12 12 -14 -15
leaf_value=-0.04209385590871683 0.037290233637096604 -0.047385930746488537 -0.055710762557054198 0.048463604455979858 0.052338705083842245 0.035830125571747605 0.030151107691891277 -0.039615650609744445 -0.055903822306142839 0.041074355651874041 -0.061906859155094675 -0.056546830142854845 0.044256420826566778 0.012560219489648618
leaf_weight=2.0469295382499721 0.97710760310292144 2.1389949731528768 0.68782170116902008 1.2494389303028564 6.4006444178521624 4.8734591752290726 0.70626700669526865 1.8657590439543135 3.314043253660202 21.390005057677627 6.6833434291183966 1.1546274945139878 1.1487293820828197 3.6821813341230145
leaf_count=36 5 27 10 6 23 21 5 39 51 104 96 17 6 24
internal_value=0.0109657 0.0145913 0.0279871 0.00176441 0.022901 -0.0150338 -0.0384183 0.0149429 -0.0346833 0.0338708 -0.0531084 0.0364713 -0.00627427 0.0378119
internal_weight=58.3194 54.0282 26.4281 27.6001 12.2218 15.3783 8.63905 6.73922 4.29115 24.3812 7.38961 23.6934 2.30336 10.0828
internal_count=470 414 173 241 74 167 107 60 56 137 101 127 23 47
is_linear=0
shrinkage=0.05


Tree=64
num_leaves=15
num_cat=0
split_feature=162 29 187 91 76 114 140 182 125 138 126 120 11 188
split_gain=3.37335 3.45339 3.77872 3.34074 2.80176 3.76286 2.82745 2.73726 2.42345 1.99361 2.84503 1.83334 1.78362 2.80426
threshold=0.16243991193674859 3.5000000000000004 0.030318539339351837 -0.044934600389696371 -0.042209831834461906 -0.16822838881254795 -0.059329993806205426 0.06110236584511685 -0.050126443655411017 0.028410716845207355 -0.0028767609634797113 0.084956613544327195 13298.500000000002 -0.0048588532043981813
decision_type=2 2 2 2 2 2 2 2 2 2 2 2 2 2
left_child=1 4 3 -3 5 -1 -7 -8 -5 -10 -11 -4 13 -6
right_child=-2 2 11 8 12 6 7 -9 9 10 -12 -13 -14 -15
leaf_value=0.053527691376686906 -0.056614006378582243 -0.045913043710084922 -0.057389637463833132 -0.056736722970177601 0.039050606504547683 0.040083868855074728 -0.057061582393221857 0.02587577434816515 0.041041057289219578 0.042701334400782998 -0.062524032928069032 0.025717378465317221 0.037610820764216422 -0.045780243233038753
leaf_weight=2.4764064811170101 1.6637857081368554 2.1753172306343922 3.6440528603270641 0.90534479916095811 2.1886211223900323 1.5877340035513041 3.9265660438686592 1.3324350351467726 7.8616309901699406 1.2901733033359053 1.2793570151552556 0.81135132536292065 23.633907342329621 1.7557109203189636
leaf_count=9 30 30 55 15 11 12 72 12 49 8 18 5 128 18
internal_value=0.0135259 0.0156528 -0.00232398 0.0108431 0.0244056 0.000710121 -0.0183935 -0.0360483 0.0217338 0.0285444 -0.00968988 -0.0422554 0.0324162 0.00129049
internal_weight=56.5324 54.8686 17.9672 13.5118 36.9014 9.32314 6.84674 5.259 11.3365 10.4312 2.56953 4.4554 27.5782 3.94433
internal_count=472 442 180 120 262 105 96 84 90 75 26 60 157 29
is_linear=0
shrinkage=0.05


Tree=65
num_leaves=15
num_cat=1
split_feature=1 45 119 138 149 132 57 21 186 131 189 137 146 138
split_gain=3.64185 4.11697 4.08001 3.98175 3.32952 3.19864 3.17833 2.92783 2.50795 1.83103 1.52609 1.48748 1.2907 1.22293
threshold=0 0.003162589696303808 0.051245480598650583 0.022915831646355741 -0.084483241224262068 -0.027402869533398485 1.0000000180025095e-35 7250.0000000000009 -0.029657967216802646 -0.025372468234027609 -0.077576217765019842 -0.065145939158360047 -0.056331665749838021 0.0080712872706151309
decision_type=9 2 2 2 2 2 2 2 2 2 2 2 2 2
left_child=2 9 11 5 -5 13 8 -8 -7 -2 -4 -1 -13 -3
right_child=1 3 10 4 -6 6 7 -9 -10 -11 -12 12 -14 -15
leaf_value=-0.012263156700716486 -0.023118807521350739 -0.056804067008289098 0.034244717578160659 0.055391160379401699 -0.057085560126271633 -0.032212375144166763 -0.05645185696808791 0.034141629614667011 0.038615481223540499 0.039810272461662827 -0.057051727732209505 -0.025265201003398005 0.042094190356390337 0.018839592444221436
leaf_weight=1.4567729476839364 1.4083300232887266 2.8416755087673748 0.62530566379427943 0.73623020946979512 6.1885731974616638 1.4890887439250997 2.6604694593697795 1.3415800854563711 7.7785906959324969 6.4498319476842907 1.7080563707277168 0.73533503711224568 21.636532904580228 0.65804320573806752
leaf_count=13 16 52 4 3 81 20 49 8 43 35 28 12 111 4
internal_value=0.0122848 -0.00214876 0.0220755 -0.0132309 -0.0451273 -5.95865e-05 0.0111549 -0.0260828 0.0272352 0.0285322 -0.0325857 0.0366924 0.0398802 -0.042581
internal_weight=57.7144 31.5524 26.162 23.6943 6.9248 16.7694 13.2697 4.00205 9.26768 7.85816 2.33336 23.8286 22.3719 3.49972
internal_count=479 311 168 260 84 176 120 57 63 51 32 136 123 56
cat_boundaries=0 1
cat_threshold=11280512
is_linear=0
shrinkage=0.05


Tree=66
num_leaves=15
num_cat=0
split_feature=114 134 169 73 13 166 0 103 32 25 133 186 116 45
split_gain=4.83168 3.52714 3.00048 2.7989 6.16547 4.29775 2.81825 2.65544 2.56246 2.08715 2.78541 1.91632 1.4787 0.951699
threshold=0.083345056092522712 -0.018703896525942083 -0.020269151201513288 0.30258815811829415 19937.000000000004 -0.024704637004388845 586.00000000000011 0.0043923622915577791 2.5000000000000004 -351.49999999999994 0.053460051724417312 -0.066903035154992394 -0.084588376214359898 0.20406070142925434
decision_type=2 2 2 2 2 2 2 2 10 2 2 2 2 2
left_child=3 2 -2 4 5 7 -5 8 -1 12 -11 -8 -7 -13
right_child=1 -3 -4 6 -6 9 11 -9 -10 10 -12 13 -14 -15
leaf_value=0.031047170301245958 0.038476693510060042 -0.05437578727533561 -0.053624396107030195 -0.035327571824860217 -0.05799749460980691 -0.0091390800598898075 -0.010700283381564224 -0.062934803363997746 -0.056420843122423195 -0.059552285560890761 0.051952053136168165 0.045097720288897428 0.047191206524293434 0.01138164419139515
leaf_weight=2.9489088840782669 2.9354582345113158 4.1205690391361696 1.2655472094193099 1.4559685550630117 3.1049510650336734 1.3075453545898206 1.9591615255922104 2.0947600230574608 1.1693727839738128 1.2899165917187922 0.98986909165978421 17.688661104999486 10.688686891458929 2.373865393921732
leaf_count=22 20 99 30 14 40 10 16 26 16 17 5 86 51 20
internal_value=0.0136135 -0.0215075 0.0107314 0.0198224 0.00766025 0.0176102 0.0320448 -0.0171019 0.00621091 0.0327171 -0.0111378 0.0364992 0.0410514 0.0411083
internal_weight=55.3932 8.32157 4.20101 47.0717 23.594 20.4891 23.4777 6.21304 4.11828 14.276 2.27979 22.0217 11.9962 20.0625
internal_count=472 149 50 323 187 147 136 64 38 83 22 122 61 106
is_linear=0
shrinkage=0.05


Tree=67
num_leaves=15
num_cat=0
split_feature=114 40 132 103 189 117 188 0 52 27 163 64 131 127
split_gain=5.02559 3.07556 2.85289 2.80015 3.10407 2.36987 2.24063 2.20892 2.69551 3.51962 2.01213 1.96273 1.86049 1.74206
threshold=0.083345056092522712 0.049553009206861093 0.020158322575450496 0.060995302949054912 0.033591023152353162 -0.12780235898220954 0.081165793638023745 1015.5000000000001 -0.027188229766316494 3.5000000000000004 -0.072270914816270154 11.500000000000002 0.09757719241076411 -0.051773285309311107
decision_type=2 8 2 2 2 2 2 2 2 2 2 2 2 2
left_child=1 2 6 5 -5 -3 -1 8 -7 11 -2 -10 -12 -9
right_child=10 3 -4 4 -6 7 -8 13 9 -11 12 -13 -14 -15
leaf_value=-0.051605479043503259 0.017653813969841746 -0.062266795158352428 0.019255225842068392 -0.058882662739943983 0.034455922699706029 0.044743708957203754 0.028656481773461862 -0.0096029151213967122 -0.011287428084316473 -0.064640082912701555 -0.053976014639061091 0.057902911042835674 0.043116485487918195 0.042982767415306607
leaf_weight=4.1138715008273721 1.7195860007777808 0.72305073589086788 4.638803937472403 2.0910900998860593 1.5517204478383062 3.5414841081947088 1.1025967830792067 1.7177931107580686 2.6320914961397666 1.9969250746071336 4.9554068408906451 1.6786589324474332 0.54795443173497904 18.940531326457858
leaf_count=63 21 6 49 22 10 16 10 12 25 18 122 5 5 86
internal_value=0.00914183 0.0153911 -0.00927225 0.022361 -0.0191234 0.0271999 -0.0346406 0.0293203 0.0098351 -0.00976456 -0.0295572 0.0156561 -0.0443088 0.0386101
internal_weight=51.9516 44.7286 9.85527 34.8733 3.64281 31.2305 5.21647 30.5075 9.84916 6.30768 7.22295 4.31075 5.50336 20.6583
internal_count=470 322 122 200 32 168 73 162 64 48 148 30 127 98
is_linear=0
shrinkage=0.05


Tree=68
num_leaves=15
num_cat=0
split_feature=114 98 169 29 41 12 103 73 92 89 40 139 76 128
split_gain=4.10982 3.91148 4.10866 3.04818 2.92352 2.79997 2.54029 3.55784 2.28466 3.65932 1.59345 2.90278 1.39833 2.63185
threshold=-0.06348449553360698 -0.0074385883070325646 0.020076037435326086 3.5000000000000004 0.21783359638685421 329994.00000000006 0.0010980489871666133 0.26250645437408737 0.02323154278142318 -0.0071489969783171724 0.06329400917010404 0.008925677817918953 -0.027105587539548146 -0.061622524128875346
decision_type=2 2 2 2 10 2 2 2 2 2 8 2 2 2
left_child=6 4 3 12 -2 -5 10 -8 -9 -10 11 -1 13 -3
right_child=1 2 -4 5 -6 -7 7 8 9 -11 -12 -13 -14 -15
leaf_value=0.040916484639265324 -0.050942134878079151 0.054541678702338482 -0.054653444642969951 -0.053917734255664353 0.027222699591012808 0.058183795718895419 -0.039461144130541553 0.036021709633066272 0.033628580815555156 -0.067896247768711268 0.047512254165294969 -0.030450092855604207 0.043501226468089182 -0.0550920603825856
leaf_weight=4.0384373553097284 5.89484729850665 1.065328539349139 2.1433210261166087 2.150102654471993 1.500818036496639 0.75178125500679005 3.174728086218237 7.6036251559853536 1.9570493176579478 1.6241232752799986 10.729805506765844 2.2015959322452545 7.6623044572770587 1.1259937016293395
leaf_count=17 135 5 49 53 8 2 27 38 10 12 48 19 42 22
internal_value=0.0110544 -0.00535449 0.00940101 0.0201641 -0.03508 -0.024876 0.0227312 0.00725359 0.0205132 -0.0124147 0.0358281 0.0157371 0.0334284 -0.00179276
internal_weight=53.6239 22.2945 14.8988 12.7555 7.39567 2.90188 31.3294 14.3595 11.1848 3.58117 16.9698 6.24003 9.85363 2.19132
internal_count=487 316 173 124 143 55 171 87 60 22 84 36 69 27
is_linear=0
shrinkage=0.05


Tree=69
num_leaves=15
num_cat=0
split_feature=19 150 35 41 84 113 182 90 41 114 144 105 182 0
split_gain=4.87661 3.25431 3.05989 3.15082 3.48692 1.98502 3.01893 3.76722 1.87758 1.70074 3.03029 1.43738 1.37785 3.02283
threshold=1560.5000000000002 0.065088422534247334 3.5000000000000004 0.1377874537130041 -0.072721803837772769 0.29361069605300277 0.056768855575952966 -0.011494860252699605 0.092059948018324553 -0.013200218141476558 -0.051978550095458938 -0.10982738622791204 -0.027601725419462871 1015.5000000000001
decision_type=2 2 2 8 2 2 2 2 8 2 2 2 2 2
left_child=1 -1 5 4 -4 12 7 -7 -9 -5 -11 -6 13 -2
right_child=2 -3 3 9 11 6 -8 8 -10 10 -12 -13 -14 -15
leaf_value=-0.047665937141273804 -0.042874990450736346 0.033138119809201443 0.032882352284794074 0.050354165664419248 0.028484321325624208 -0.049755976120970317 0.043323159571135667 -0.027414096218304398 0.039332086080558326 0.039464783644675885 -0.055708707106844696 -0.054311218190567029 0.043242998298836197 0.038885213762695256
leaf_weight=5.5025920467451206 1.6602714695036436 1.6108009200543163 1.8785865157842634 2.8525941595435143 0.58467957377433766 3.3485517799854261 4.1780213434249154 1.5188571116887049 3.4397691488265973 1.9199329782277348 1.481904713436961 5.0677564842626435 13.000273020938041 3.542902547866106
leaf_count=120 13 15 15 14 4 37 24 28 20 10 21 77 65 19
internal_value=0.00907082 -0.0293682 0.0152189 -0.00434913 -0.0261332 0.024009 0.00865423 -0.0087822 0.0188873 0.0218812 -0.00199459 -0.045747 0.0345403 0.0127965
internal_weight=51.5875 7.11339 44.4741 13.7855 7.53102 30.6886 12.4852 8.30718 4.95863 6.25443 3.40184 5.65244 18.2034 5.20317
internal_count=482 135 347 141 96 206 109 85 48 45 31 81 97 32
is_linear=0
shrinkage=0.05


Tree=70
num_leaves=15
num_cat=0
split_feature=39 35 174 114 41 57 166 182 164 162 72 174 22 119
split_gain=3.67699 3.09588 3.17577 3.05216 2.68125 2.65056 2.41347 2.73456 2.39284 2.88277 1.78537 2.40513 1.55431 1.33532
threshold=0.076537979146676344 3.5000000000000004 -0.073633697032907702 -0.005922442094324072 0.13811969955878428 -1.4999999999999998 -0.02535287297550276 -0.01530236517955273 0.10258281091793982 -0.097149289890173587 0.46761133603238875 -0.018074608375512297 -649.99999999999989 0.050319875690582619
decision_type=2 2 2 2 10 2 2 2 2 2 10 2 2 2
left_child=1 2 -1 6 8 -5 7 -4 9 -3 -8 -12 -9 -2
right_child=13 4 3 5 -6 -7 10 12 -10 -11 11 -13 -14 -15
leaf_value=-0.058578804269676023 0.039283162914576945 0.028458772115162179 -0.06192258993867799 0.022844996251834875 0.033043773202373512 -0.053188820142387849 0.047905377717783672 0.05053030078248686 0.031827067625366384 -0.051477791841198543 0.056209624303700648 -0.029568138187538395 -0.011817415544366324 -0.0054839157780610728
leaf_weight=1.5066717918962229 11.038887493312357 1.3307538684457521 1.4309197813272474 2.0407452331855893 2.0516801467165342 2.614895533770329 9.7310900259762949 1.9528437480330461 1.3681461317464698 7.3978744437918067 1.3878900557756426 1.9874079823493964 2.0479211825877477 1.9617766607552756
leaf_count=25 63 13 14 25 16 75 44 8 9 128 5 17 19 16
internal_value=0.00966586 0.00159989 0.0117638 0.0163332 -0.0190654 -0.0198603 0.0254229 -0.00260133 -0.0296541 -0.0392908 0.0370369 0.00570285 0.0186156 0.0325279
internal_weight=49.8495 36.8488 24.7004 23.1937 12.1485 4.65564 18.5381 5.43168 10.0968 8.72863 13.1064 3.3753 4.00076 13.0007
internal_count=477 398 232 207 166 100 107 41 150 141 66 22 27 79
is_linear=0
shrinkage=0.05


Tree=71
num_leaves=15
num_cat=0
split_feature=29 125 50 187 77 123 66 54 112 173 110 45 185 13
split_gain=3.30308 2.92724 2.76937 2.60033 3.00149 2.13168 2.86727 2.00726 3.26454 1.60925 2.13333 1.68776 1.55482 1.24976
threshold=3.5000000000000004 0.047241814273166392 0.021066197746956259 0.030318539339351837 -0.060611012596754013 0.06825679916269313 12.500000000000002 23.500000000000004 0.0096656716164900593 0.055498974706522868 0.031549146938445523 0.0035073497662866078 -0.097937303178217944 21201.000000000004
decision_type=2 2 2 2 2 2 2 2 2 2 2 2 2 2
left_child=1 5 -3 4 -2 7 -7 13 -9 10 11 -6 -5 -1
right_child=3 2 -4 12 9 6 -8 8 -10 -11 -12 -13 -14 -15
leaf_value=0.041989845609412657 -0.057578305093832383 -0.051564935705762621 0.024325478441970892 0.024773898398504222 0.0066898832801128702 -0.059628371708875839 0.04769585526390651 -0.033365962292934509 0.038352712645549784 0.042533454505996889 0.037017677750761167 -0.059552224595894356 -0.056745275162304737 0.0025278353958423216
leaf_weight=16.754279540851723 1.7277338886633504 2.6664695031940928 2.1889650877565145 0.70234899967908848 2.1044288016855703 1.611863202415406 1.0136920791119335 2.9779900843277565 3.396306999027729 3.259312947280705 2.3233673805370927 1.7706156736239789 3.4986311881802967 2.2792994538322082
leaf_count=104 28 37 17 5 15 25 7 37 20 18 21 37 59 30
internal_value=0.0095455 0.0184911 -0.0173514 -0.00957603 0.00302087 0.0246991 -0.0181919 0.0291313 0.00484666 0.0140911 -0.000864746 -0.023578 -0.0431163 0.0372642
internal_weight=48.2753 32.8889 4.85543 15.3864 11.1855 28.0334 2.62556 25.4079 6.3743 9.45772 6.19841 3.87504 4.20098 19.0336
internal_count=460 277 54 183 119 223 32 191 57 91 73 52 64 134
is_linear=0
shrinkage=0.05


Tree=72
num_leaves=15
num_cat=0
split_feature=114 0 81 169 144 166 123 86 8 82 176 19 155 131
split_gain=3.86621 3.31985 2.70737 2.95659 2.57643 2.19922 1.72484 2.5981 1.55327 1.51443 1.98904 1.58898 2.70813 1.46544
threshold=-0.06348449553360698 912.00000000000011 0.02348699812372106 0.0139009987711052 0.051265200398121727 -0.015053063902879653 0.013792262022779554 0.028536102680554388 18700.000000000004 -0.079397013826738569 -0.1334221788499306 1618.0000000000002 -0.046681156427416111 0.070084899874769915
decision_type=2 2 2 2 2 2 2 2 2 2 2 2 2 2
left_child=4 -2 3 6 9 -6 7 -3 -5 -1 -11 12 -12 -13
right_child=1 2 -4 8 5 -7 -8 -9 -10 10 11 13 -14 -15
leaf_value=-0.013813705159749 -0.053163871760460613 -0.042136457185929975 -0.035373171025322232 0.057742545596038877 -0.062374223963827628 0.026502818690772669 0.040810043375445165 0.035385524149838095 -0.054257485176076495 -0.061767488177478264 0.035597847119629877 0.046739798051720551 -0.044630691508369125 0.0046614060078635213
leaf_weight=2.0209155790507856 3.2089627338573363 1.9895465625450031 3.7114773122593752 0.36518859863281194 1.5655486807227137 1.2531908601522435 6.3656581239774823 2.3662311770021915 2.0324043203145266 0.5586948916316129 3.0422147959470749 14.706690754741432 1.6077105142176105 2.4079196453094474
leaf_count=13 105 34 63 1 13 7 35 18 48 4 17 75 18 16
internal_value=0.0101033 -0.00655672 0.00232956 0.012996 0.0223943 -0.0228601 0.0242207 -2.34431e-05 -0.0371982 0.0276341 0.0313864 0.0337777 0.00785885 0.0408196
internal_weight=47.2024 20.0395 16.8305 13.119 27.1629 2.81874 10.7214 4.35578 2.39759 24.3441 22.3232 21.7645 4.64993 17.1146
internal_count=467 304 199 136 163 20 87 52 49 143 130 126 35 91
is_linear=0
shrinkage=0.05


Tree=73
num_leaves=15
num_cat=0
split_feature=114 32 29 40 35 175 166 101 82 162 0 166 161 79
split_gain=3.63609 3.81726 2.64192 2.7294 2.60493 2.36675 2.36398 2.20499 2.34427 2.12601 1.74052 1.623 1.83679 1.38094
threshold=-0.16932115209060791 3.5000000000000004 3.5000000000000004 0.046672088715907563 4.5000000000000009 -0.018138692399362298 -0.11386655183468264 -0.068719680337450531 -0.064326885257168412 -0.064328007623181985 592.00000000000011 -0.042378487588468079 -0.026404163711720118 0.075470471578956574
decision_type=2 8 2 8 2 2 2 2 2 2 2 2 2 2
left_child=13 7 3 -3 5 9 -4 8 -2 -5 -9 12 -12 -1
right_child=1 2 6 4 -6 -7 -8 10 -10 -11 11 -13 -14 -15
leaf_value=0.040777273705336396 0.048148248099004365 -0.053203087476328653 0.013979364230526873 0.029768771072399444 -0.057475985417628717 0.031770060067910208 -0.055302725572836491 -0.028208715489609949 -0.05757302696127279 -0.045504407176435821 0.038684764673474342 0.04423647841039377 -0.054853239826875955 -0.0050621396569547972
leaf_weight=10.701565794646738 0.78352385759353671 2.0466941632330462 1.6548211490735409 1.5553183294832709 1.3327345345169312 8.0288844117894751 4.8101027826778582 1.1745897270739067 1.5852190973237146 2.3635724820196584 1.1475577689707281 9.724995840340851 0.96717049926519294 1.9409966692328442
leaf_count=55 4 61 15 9 19 60 100 22 23 27 9 63 19 12
internal_value=0.0105761 0.00269862 -0.0107628 0.000543766 0.00882683 0.0162227 -0.0375686 0.0217685 -0.0226029 -0.0156302 0.0298446 0.0356039 -0.00409482 0.0337396
internal_weight=49.8177 37.1752 21.7921 15.3272 13.2805 11.9478 6.46492 15.3831 2.36874 3.91889 13.0143 11.8397 2.11473 12.6426
internal_count=498 431 291 176 115 96 115 140 27 36 113 91 28 67
is_linear=0
shrinkage=0.05


Tree=74
num_leaves=15
num_cat=0
split_feature=103 57 105 75 174 149 53 114 139 129 37 187 139 184
split_gain=3.16288 2.95979 3.02401 2.78766 2.77084 2.07557 1.91617 1.88824 1.69723 2.8575 2.33687 1.80697 1.11281 1.76682
threshold=0.060995302949054912 1.0000000180025095e-35 0.016844457273710457 -0.026033026252080062 -0.086402563907397034 -0.053259424123113304 -4.4483580379573846 -0.16822838881254795 -1.0000000180025095e-35 0.01884230935247018 0.79065632967463972 -0.090883314989107192 -0.024727653626717531 -0.025718713727165884
decision_type=2 2 2 2 2 2 2 2 2 2 2 2 2 2
left_child=1 4 5 -4 -1 -3 -7 -2 12 11 -11 -10 13 -6
right_child=7 2 3 -5 8 6 -8 -9 9 10 -12 -13 -14 -15
leaf_value=-0.058627741601615879 0.028777725462161591 0.022610130990941918 0.03512038661490588 -0.039044144882788907 -0.022819524637396994 0.054456501921859628 -0.052257986238343851 -0.055389801287065048 -0.048706518899786104 -0.042977505456775304 0.050556041324605873 0.034863896135564336 0.049154240540788124 0.037710138667106152
leaf_weight=1.0320873763412226 0.86804132163524661 1.5078693712130187 5.2088265307247639 1.6742970775812862 1.6831123391166327 0.45826743543147941 5.1254702657461158 2.8680292018689206 0.70527752675115962 3.1659512817859641 0.84630027413368214 7.8040963625535396 7.9485126314684766 4.2491686372086406
leaf_count=22 6 14 37 31 22 2 86 56 6 48 5 68 43 32
internal_value=0.0082259 0.0122011 -0.00652846 0.0170801 0.0217417 -0.029443 -0.0434997 -0.0358343 0.0248834 0.0115361 -0.0232486 0.0279374 0.0369238 0.0205366
internal_weight=45.1453 41.4092 13.9747 6.88312 27.4345 7.09161 5.58374 3.73607 26.4024 12.5216 4.01225 8.50937 13.8808 5.93228
internal_count=478 416 170 68 246 102 88 62 224 127 53 74 97 54
is_linear=0
shrinkage=0.05


Tree=75
num_leaves=15
num_cat=0
split_feature=32 40 159 19 37 114 39 101 46 119 66 178 25 140
split_gain=3.3885 3.40884 2.38025 4.69432 2.64721 2.33258 2.31221 2.12818 2.43166 1.71567 1.4703 2.32216 1.36725 1.3531
threshold=3.5000000000000004 0.042097090885309128 0.0010080748870543467 12928.500000000002 0.81350205831069544 0.017547432171793772 0.14747248021383202 -0.068719680337450531 26.936741274658576 0.050319875690582619 7.5000000000000009 -0.0624611212696825 -911.99999999999989 0.04831018587293625
decision_type=8 8 2 2 2 2 2 2 2 2 2 2 2 2
left_child=7 -2 3 4 -3 9 -7 8 -1 13 11 -9 -12 -4
right_child=1 2 5 -5 -6 6 -8 10 -10 -11 12 -13 -14 -15
leaf_value=0.04816245890188816 -0.047446508913358935 -0.053261599088438083 0.046206115121702272 0.028087380151826602 0.034827154726941999 -0.053308941520282753 0.057941905107135885 0.047551534497315188 -0.05670714207272777 -0.0153107886432485 0.047643473768697972 -0.055577121599910531 0.011221866147822055 -0.0012579571984208332
leaf_weight=0.87352043949067892 3.5594852706417441 5.4737805612385326 7.6145959524437767 4.2474417630583048 1.010296184569597 1.8571131415665143 0.62397031486034382 1.0591352656483652 1.505389893427491 1.8910213001072396 10.321388654410837 1.1263277679681767 3.4340537497773758 1.8703743554651735
leaf_count=6 96 74 41 33 6 51 2 4 24 16 56 20 45 12
internal_value=0.00917837 -0.00171429 0.00490598 -0.0127715 -0.0395363 0.0185962 -0.0253303 0.0259147 -0.0181997 0.0281764 0.0324981 -0.00559815 0.0385508 0.0368465
internal_weight=46.4679 28.1481 24.5886 10.7315 6.48408 13.8571 2.48108 18.3198 2.37891 11.376 15.9409 2.18546 13.7554 9.48497
internal_count=486 331 235 113 80 122 53 155 30 69 125 24 101 53
is_linear=0
shrinkage=0.05


Tree=76
num_leaves=15
num_cat=0
split_feature=97 0 77 90 43 113 89 108 42 94 110 114 139 137
split_gain=2.7775 3.06298 2.88152 2.55809 2.25049 3.28658 2.10336 2.00666 1.96776 1.48208 1.46201 1.40592 1.16888 1.30989
threshold=0.099603722809555359 982.50000000000011 -1.0000000180025095e-35 0.016273508935325056 0.69091553836739494 0.29751748963164987 -0.061504299123326493 -0.047715003327848955 0.3772825546881225 -0.045280789317833352 -0.070892700178011414 -0.17703500532249164 -0.055586312932514294 -0.066346536010877352
decision_type=2 2 2 2 2 2 2 2 2 2 2 2 2 2
left_child=1 2 3 8 12 6 -6 -7 -1 -8 -10 -4 -3 -14
right_child=-2 4 11 -5 5 7 9 -9 10 -11 -12 -13 13 -15
leaf_value=0.042435002558963111 -0.04548167186545192 -0.012259053533436141 0.006582852435661638 0.039875463672560667 -0.041215988675990113 0.030748288338680631 -0.014463348010688139 -0.049751068617673505 0.0451218164043964 0.037301190501119179 -0.051129091602777094 -0.055619622831233687 -0.01014736088310824 0.044736558359368656
leaf_weight=1.0490322541445491 2.1442869799211612 1.1710987342521537 1.2368684709072111 3.8278550924733281 1.1815805053338362 1.0291654430329797 1.6405079783871723 3.1243761819787315 0.46373882237821851 8.8008955549448782 2.643644446041435 3.4209045181050879 1.1937367282807816 12.174438664224001
leaf_count=9 32 14 8 27 17 9 18 69 4 57 45 80 11 74
internal_value=0.0100548 0.0128269 -0.00784814 0.0103843 0.0214487 0.00837071 0.022013 -0.0298049 -0.0167757 0.0291682 -0.0367648 -0.0391018 0.0356395 0.0398356
internal_weight=45.1021 42.9578 12.642 7.98427 30.3158 15.7765 11.623 4.15354 4.15642 10.4414 3.10738 4.65777 14.5393 13.3682
internal_count=474 442 173 85 269 170 92 78 58 75 49 88 99 85
is_linear=0
shrinkage=0.05


Tree=77
num_leaves=15
num_cat=0
split_feature=114 56 183 189 145 162 62 41 15 153 125 50 130 125
split_gain=4.19959 3.55843 2.7343 2.42103 2.03834 2.43684 2.26553 2.15661 1.91037 1.75718 1.69987 1.49251 1.46939 1.2684
threshold=0.099790720845457384 3.5000000000000004 -0.07072827293675843 -0.057815316048164367 -0.020110374854175113 0.070659582798772019 375.50000000000006 0.11748347442334232 196734.00000000003 0.31928631699763493 -0.010584161309323428 0.01537031783257913 -0.090967747479584818 0.046809333433789409
decision_type=2 2 2 2 2 2 2 8 2 2 2 2 2 2
left_child=1 4 -3 -4 7 13 -7 10 -5 -10 11 -1 -2 -6
right_child=12 2 3 8 5 6 -8 -9 9 -11 -12 -13 -14 -15
leaf_value=-0.035878328422465917 0.026800377625634982 0.042890943817319761 0.021460772730329144 -0.057918479943710799 0.044035638180713238 -0.049520975095634336 0.052444891197650292 0.033384652020640324 0.04072476558067175 -0.054830315162512883 -0.056955773553478098 0.043591099442189175 -0.049377244129956671 0.00028335198897720107
leaf_weight=1.1026349822059276 0.76141007617115963 1.9645294072106469 2.2803445160388938 4.2010288694873443 15.210834247060129 1.5820516459643834 0.83084009215235699 3.1101476922631264 1.1738808024674652 0.81524324603378762 1.8774633798748244 1.2728438824415205 3.7543587964028111 1.858961535617708
leaf_count=17 8 14 20 66 95 23 5 19 9 13 30 8 121 21
internal_value=0.00900577 0.0145218 -0.0102551 -0.0225811 0.0241527 0.0326225 -0.0144107 0.00174149 -0.0388054 0.00156148 -0.0213989 0.00670348 -0.0365328 0.0392709
internal_weight=41.7966 37.2808 10.435 8.4705 26.8458 19.4827 2.41289 7.36309 6.19015 1.98912 4.25294 2.37548 4.51577 17.0698
internal_count=469 340 122 108 218 144 28 74 88 22 55 25 129 116
is_linear=0
shrinkage=0.05


Tree=78
num_leaves=15
num_cat=0
split_feature=125 97 50 132 132 50 186 90 190 111 181 173 80 90
split_gain=2.78805 2.43564 2.19699 1.98091 2.16563 1.97128 1.90467 1.80704 1.57692 1.46108 1.75425 1.24671 1.2126 1.05772
threshold=0.047241814273166392 0.099603722809555359 0.010404390942939891 -0.0043520450103453024 -0.031361178669414597 0.020596155924660284 -0.076423728989979192 -0.083059483169471746 0.026114746096154575 0.013405506898165368 0.053864809393092357 -0.12632346617962861 0.073658810488214099 0.03484893513898988
decision_type=2 2 2 2 2 2 2 2 2 2 2 2 2 2
left_child=1 2 3 4 -1 -2 8 -8 -4 12 11 -11 -9 -14
right_child=5 -3 6 -5 -6 -7 7 9 -10 10 -12 -13 13 -15
leaf_value=-0.054837112396591482 -0.050127508218047984 -0.044155496205617789 -0.056111450852235192 -0.054613087519146321 0.040805971427746224 0.015717351295402467 -0.033043878720115653 0.041421738070679365 0.028147134397057433 -0.058465907200602574 -0.03182049304544006 0.028374845034974679 -0.037772328728888339 0.039147203936265418
leaf_weight=0.8481102688238028 3.0714837508276096 1.6892265146598209 1.3539488958194845 1.8612326085567463 1.9588445671834049 1.8045071931555865 1.2457726057618881 15.798561439383784 0.94137322762981046 0.43949598446488369 1.8032348137348888 6.9325051764026266 0.95924680866300949 0.83680541906505823
leaf_count=22 58 22 23 50 14 25 14 115 10 5 18 66 12 8
internal_value=0.00976083 0.0144842 0.017316 -0.0146145 0.0119078 -0.0257596 0.0222336 0.0258212 -0.0215547 0.0285606 0.0123848 0.0231977 0.036996 -0.00193446
internal_weight=41.5443 36.6684 34.9791 4.66819 2.80695 4.87599 30.3109 28.0156 2.29532 26.7698 9.17524 7.372 17.5946 1.79605
internal_count=462 379 357 86 36 83 271 238 33 224 89 71 135 20
is_linear=0
shrinkage=0.05


Tree=79
num_leaves=15
num_cat=0
split_feature=108 97 47 50 47 81 37 106 142 177 156 179 38 187
split_gain=2.92061 2.36499 2.14464 2.09456 2.28495 1.96221 2.69883 1.84119 1.38922 1.95953 1.48318 1.15332 1.05891 0.781274
threshold=0.063066647305569074 0.093204016945575188 11.661807288956799 0.0095118929101518767 5.6828187643068935 0.051792595530520735 0.74815885028819096 -0.07281366856369266 0.045126199398887894 -0.0061829203600839841 -0.18649410596222049 -0.11988516952004309 0.041313950578702879 0.076213488248341163
decision_type=2 2 10 2 8 2 2 2 2 2 2 2 2 2
left_child=1 3 -2 4 -1 7 -7 -5 10 -10 -9 -12 -3 -13
right_child=2 12 -4 5 -6 6 -8 8 9 -11 11 13 -14 -15
leaf_value=-0.044747589830834669 -0.050613850205530588 0.024738096699722992 0.025802002777665069 -0.032485084195239336 0.025365037336571136 -0.055652325761355217 0.047158153671890496 -0.056619411841984726 0.034322886290874571 -0.039279123743424259 -0.027862003074449096 0.040553949494493695 -0.058241447454422529 -0.00062085095961298645
leaf_weight=2.4983259243890634 2.9986654212698332 0.51899972371756975 1.3233966082334516 1.2203134382143641 2.1725912187248468 1.691545715555548 1.0251926351338623 0.43642503395677579 2.0353243071585898 1.6273179659619916 0.67760501708836329 21.414470626972612 1.4831864004954693 1.2175782155245531
leaf_count=66 60 5 14 21 18 36 8 7 18 27 8 150 27 19
internal_value=0.011732 0.0161596 -0.0272156 0.0190999 -0.012136 0.0237544 -0.0168556 0.0276081 0.0302836 0.00162139 0.0347045 0.0364144 -0.0367318 0.0383388
internal_weight=42.3409 38.0189 4.32206 36.0167 4.67092 31.3458 2.71674 28.629 27.4087 3.66264 23.7461 23.3097 2.00219 22.632
internal_count=484 410 74 378 84 294 44 250 229 45 184 177 32 169
is_linear=0
shrinkage=0.05


Tree=80
num_leaves=15
num_cat=0
split_feature=32 160 126 52 14 74 157 113 145 150 61 29 112 100
split_gain=2.51508 2.33226 2.05762 2.78265 2.72345 2.26857 2.45925 1.59098 1.44361 1.52453 1.35635 1.18705 1.35315 0.979746
threshold=2.5000000000000004 0.083754462816538019 0.0095787635670269693 -0.016260772130113278 161796.50000000003 0.12179761578234787 -0.10049438890880796 0.30280937220299203 -0.028068061291037279 -0.023574929621712818 381.50000000000006 3.5000000000000004 0.029496252319100535 -0.11857407828897885
decision_type=8 2 2 2 2 2 2 2 2 2 2 2 2 2
left_child=8 2 3 7 -4 6 -5 -2 9 -1 -6 -3 -13 -8
right_child=1 11 4 5 10 -7 13 -9 -10 -11 -12 12 -14 -15
leaf_value=0.039934061892348625 0.039654539093737333 0.041452555747040404 -0.052101447216606617 0.032513429136627817 -0.04161776516255819 0.022945637568035974 0.047096863463005172 -0.025269830939053085 0.035953239365046678 -0.055283799831623952 0.027111243080286236 -0.061610210912344171 0.034357651153122469 -0.055970765852005722
leaf_weight=0.74436673521995544 5.5357989827170977 4.5003690859302869 4.5716081829741579 1.1299666427075861 1.0196365537121894 2.6647269302047789 0.24419277906417836 1.1374965663999317 9.7804999561049026 0.96581040322780498 2.4253368144854903 0.68579348735511281 0.79093615990132093 4.1341213500127232
leaf_count=7 43 28 92 10 18 32 2 23 71 20 25 14 6 72
internal_value=0.00876127 0.000879857 -0.00639025 0.00463206 -0.026803 -0.014928 -0.03325 0.0285879 0.0285425 -0.0138395 0.00676896 0.0286886 -0.0102098 -0.0502223
internal_weight=40.3307 28.84 22.8629 14.8463 8.01658 8.17301 5.50828 6.6733 11.4907 1.71018 3.44497 5.9771 1.47673 4.37831
internal_count=463 365 317 182 135 116 84 66 98 27 43 48 20 74
is_linear=0
shrinkage=0.05


Tree=81
num_leaves=15
num_cat=0
split_feature=67 114 153 179 162 187 105 152 144 33 130 29 114 114
split_gain=2.33684 2.47992 2.84646 2.0083 1.98211 1.75534 2.6275 1.57172 1.54222 1.52314 1.92495 1.40329 1.35773 1.03072
threshold=1.0000000180025095e-35 -0.13102648370860473 0.19461520261040385 -0.11367238887769354 -0.086080880732702328 0.026556800069272402 0.00095939116296250664 0.048572570980129584 -0.058505499373540076 4.5000000000000009 -0.008048867468055337 3.5000000000000004 -0.14878637622738264 -0.07086378350305611
decision_type=2 2 2 2 2 2 2 2 2 2 2 2 2 2
left_child=1 2 -1 -2 -3 9 8 -6 -7 13 -11 -8 -13 -5
right_child=3 4 -4 5 7 6 11 -9 -10 10 -12 12 -14 -15
leaf_value=-0.044606914761608905 -0.05503120616507047 0.03633284688915478 0.030413738695005705 0.050395272763670722 -0.04965773136932182 0.040583596342259748 0.046187175657557318 0.0072649728685757536 -0.057458260355688288 0.036981406811516647 -0.055833427546604697 0.054257867542095162 -0.054127223212102352 0.024989708663924411
leaf_weight=1.5704516395926456 0.83859534561634319 1.1476436108350743 6.4879925847053528 7.600836606696256 4.7287637139670551 0.49881962500512633 2.8129359045997262 1.6309159547090528 2.0476794000715008 1.1799153359606864 1.0609271684661497 0.43991430103778817 0.84195792116224766 8.409131120890379
leaf_count=12 14 14 40 41 121 4 22 28 37 9 18 2 21 89
internal_value=0.0118228 -0.00346933 0.0157935 0.0210738 -0.0241463 0.0236377 0.00162699 -0.0350601 -0.0382534 0.0316472 -0.00696179 0.026428 -0.0169315 0.0370512
internal_weight=41.2965 15.5658 8.05844 25.7307 7.50732 24.8921 6.64131 6.35968 2.5465 18.2508 2.24084 4.09481 1.28187 16.01
internal_count=472 215 52 257 163 243 86 149 41 157 27 45 23 130
is_linear=0
shrinkage=0.05


Tree=82
num_leaves=15
num_cat=0
split_feature=39 4 26 66 98 150 173 111 29 166 121 73 111 187
split_gain=2.28361 2.92722 2.75412 2.23173 1.94087 1.87971 1.80982 1.6385 1.49531 1.55156 1.39141 2.1628 1.13738 0.997318
threshold=0.076537979146676344 7.5000000000000009 3.5000000000000004 8.5000000000000018 -0.070025171190427268 0.059876476241759437 -0.08805781373879161 -0.059741883106914244 3.5000000000000004 0.043153349300012675 0.0068417382326572988 0.30604513210418716 0.02421448972003468 -0.050360846728693592
decision_type=2 10 2 2 2 2 2 2 2 2 2 2 2 2
left_child=1 2 5 -4 -3 -1 -5 -6 -9 13 -2 -12 -8 -10
right_child=10 4 3 6 7 -7 12 8 9 -11 11 -13 -14 -15
leaf_value=-0.047584374319737777 0.043086703643053607 -0.053829629777110366 -0.054456846505661766 -0.055951636289529164 -0.034511822404964004 0.02663105059731749 0.042971525960180855 0.03637311079331932 0.032931564788221609 0.042193232447966661 -0.056552943874491474 0.034466354122667492 -0.0098503097463682899 -0.05413261365462349
leaf_weight=5.8125050184316951 6.7228112183511239 0.88950814865529615 1.2122241822071371 0.6977198002859949 1.1654985398054112 0.99996313173323859 4.0329596996307373 10.188571623526508 0.43395102024078358 1.1083156550303099 1.0283210957422855 1.7865860313177107 1.363696086220443 1.3590402868576359
leaf_count=127 43 24 30 10 23 13 32 81 4 9 17 13 16 35
internal_value=0.00948205 0.00255718 -0.0138208 0.00750241 0.0178258 -0.0366907 0.0198266 0.022297 0.0273552 -0.00431333 0.0307292 0.00121586 0.0296238 -0.0330608
internal_weight=38.8017 29.264 14.1191 7.3066 15.1449 6.81247 6.09438 14.2554 13.0899 2.90131 9.53772 2.81491 5.39666 1.79299
internal_count=477 404 228 88 176 140 58 152 129 48 73 30 48 39
is_linear=0
shrinkage=0.05


Tree=83
num_leaves=15
num_cat=0
split_feature=45 32 75 92 173 114 39 178 92 43 114 32 52 112
split_gain=2.55376 2.85758 2.65279 2.48535 1.75227 1.98342 2.1894 2.47994 1.71571 1.56685 1.95136 1.32445 2.69892 1.00234
threshold=0.092166099631665069 3.5000000000000004 0.074710277077507756 0.037604507084518332 -0.12632346617962861 -0.12389786981214017 0.10057818525984112 0.020809008155029843 0.033351369342758092 1.4099503214703941 -0.06242382497212573 4.5000000000000009 -0.0055863783260840915 0.0099450307043636287
decision_type=2 10 2 2 2 2 2 2 2 2 2 8 2 2
left_child=2 3 4 9 -1 -6 7 8 11 10 13 -7 -13 -2
right_child=1 -3 -4 -5 5 6 -8 -9 -10 -11 -12 12 -14 -15
leaf_value=-0.057038305299702212 -0.0032820624073983001 -0.058586079297293328 -0.046348622563482877 0.034215869289575214 0.042730048879972247 0.047226825302686515 0.04493998805926136 -0.04204028128317714 -0.042594490702921754 -0.044860320279756137 -0.040110463129144666 -0.057319346793721082 0.042320282477384938 0.054210819448524142
leaf_weight=0.67823915369808929 1.4666131706908339 2.3938907040283075 1.5059986039996136 3.8475213535130024 8.9801664128899628 3.2488712370395643 3.7308190353214732 2.5882373168133199 1.0911288298666475 2.7960167094133794 1.7289845999330271 1.176473521627488 1.6092311115935423 1.5692510306835172
leaf_count=9 13 49 37 41 58 20 19 60 27 56 50 21 13 8
internal_value=0.00829412 -0.00892071 0.0179492 0.00150088 0.0221405 0.0245353 0.0123824 -0.000121887 0.0151039 -0.0151469 0.00228895 0.0255366 0.000239947 0.0264363
internal_weight=38.4114 13.8023 24.6092 11.4084 23.1032 22.4249 13.4448 9.71394 7.1257 7.56087 4.76485 6.03458 2.7857 3.03586
internal_count=481 217 264 168 227 218 160 141 81 127 71 54 34 21
is_linear=0
shrinkage=0.05


Tree=84
num_leaves=15
num_cat=0
split_feature=75 114 76 14 27 118 120 145 19 181 83 41 130 159
split_gain=2.20861 2.21319 2.11532 3.56628 3.10499 2.23752 2.07489 1.95871 1.57448 1.54051 1.5175 1.54718 1.71527 0.734323
threshold=0.046023009538668135 0.099790720845457384 0.10851514530428932 75624.000000000015 1.5000000000000002 -0.04506644744737303 0.064950881497610635 -0.07282078552016151 41054.000000000007 -0.11198323398095128 0.010201036756542343 0.1384253428350822 0.045849806826594057 -0.040502647365870635
decision_type=2 2 2 2 2 2 2 2 2 2 2 8 2 2
left_child=1 2 3 4 13 -6 9 -5 -3 -2 -9 12 -12 -1
right_child=6 8 -4 7 5 -7 -8 10 -10 -11 11 -13 -14 -15
leaf_value=-0.010084230298925257 0.049094214588052382 -0.053081351965048366 0.042400521554116902 -0.054510310113467825 0.025351265023733627 -0.056378321684926715 0.029233222283867127 0.04120161232653257 0.020711999184888256 -0.05421988460457916 -0.048704442916124309 0.033532238734143467 0.037447601333344141 0.046239481643342656
leaf_weight=0.8937493879348043 0.40208232589066062 2.2151077119633551 5.4146472439169875 0.77489087730646744 1.0363271264359353 4.3633126919157803 1.3023424213752148 7.8705780082382173 1.0729741994291542 3.5155554492957881 1.7722595725208523 2.6468024514615536 0.85719182528555382 1.6415918525308466
leaf_count=13 3 82 39 13 15 66 15 56 12 86 24 20 7 15
internal_value=0.00461638 0.00975061 0.0144228 0.00749182 -0.0192603 -0.0406924 -0.025441 0.0227398 -0.0290009 -0.0436164 0.027293 0.00654557 -0.0206192 0.0263844
internal_weight=35.7794 30.5594 27.2714 21.8567 7.93498 5.39964 5.21998 13.9217 3.28808 3.91764 13.1468 5.27625 2.62945 2.53534
internal_count=466 362 268 229 109 81 104 120 94 89 107 51 31 28
is_linear=0
shrinkage=0.05


Tree=85
num_leaves=15
num_cat=0
split_feature=114 50 52 29 183 43 182 72 79 185 174 17 14 45
split_gain=2.22234 2.344 2.45998 1.87136 2.09939 2.3142 1.57426 1.39481 1.19114 1.75151 1.04541 1.01164 0.803992 0.790433
threshold=-0.005922442094324072 0.029461028142482245 -0.032855268910369835 3.5000000000000004 -0.062245241492069329 0.52400530394426659 -0.12205167389149503 1.2916666666666667 0.049305879621221078 -0.014173950249174594 -1.0000000180025095e-35 14387.500000000002 118726.00000000001 0.1919892640009756
decision_type=2 2 2 2 2 2 2 10 2 2 2 10 2 2
left_child=3 2 -2 7 -5 10 -4 8 13 -10 -6 -3 -11 -1
right_child=1 11 6 4 5 -7 -8 -9 9 12 -12 -13 -14 -15
leaf_value=0.041933185100948261 0.036673403083900061 -0.025266827745089118 0.052319511089497672 0.041584944623862495 -0.018873047221494889 -0.046421103140202868 -0.04984082161368391 -0.02341595097851927 0.034245637433101848 -0.060419087694283724 0.045411798945286928 0.040657914770530719 0.0058004968621003621 0.0055678815634300832
leaf_weight=10.596547560766348 1.1960795195773224 0.77649230835959349 0.40685909986495783 1.880983544513583 1.1419326551258566 3.3491240758448839 5.1550236348994094 1.3780055725947011 2.4075384112074971 1.0128161720931519 1.4174371920526017 2.322433777153492 0.83732079714536656 1.739583428017794
leaf_count=73 16 25 3 14 10 48 181 17 17 12 10 16 8 19
internal_value=0.00832356 -0.0118672 -0.0283783 0.016049 -0.00442043 -0.0190663 -0.0423677 0.0249211 0.0289351 0.00613272 0.0167294 0.0241393 -0.0304499 0.0368051
internal_weight=35.6182 9.85689 6.75796 25.7613 7.78948 5.90849 5.56188 17.9718 16.5938 4.25768 2.55937 3.09893 1.85014 12.3361
internal_count=469 241 200 228 82 68 184 146 129 37 20 41 20 92
is_linear=0
shrinkage=0.05


Tree=86
num_leaves=15
num_cat=0
split_feature=71 67 98 64 114 0 186 104 154 122 40 157 109 101
split_gain=2.49052 2.44949 2.11201 2.03096 1.91352 1.70919 1.64955 1.54546 1.3434 1.22475 1.50384 0.934244 1.50248 0.796304
threshold=4.6192810457516353 1.0000000180025095e-35 -0.071727711770166583 12.500000000000002 -0.15622067135902559 586.00000000000011 0.057437121313174973 0.0070089646960921738 0.22739722625178863 -0.042615807775974762 0.13211624359092794 0.026453440659499592 -0.015926420307644542 -0.14355206143187835
decision_type=10 2 2 2 2 2 2 2 2 2 8 2 2 2
left_child=1 3 -3 4 7 -4 -6 -1 9 10 -7 13 -13 -11
right_child=-2 2 5 -5 6 8 -8 -9 -10 11 -12 12 -14 -15
leaf_value=0.035327831781317869 -0.054017004956581044 -0.053707475606729699 -0.039630836157675854 0.032633430501167841 -0.048940788335489899 -0.053452991787102194 0.017998203276130217 -0.020418931806793661 -0.023986322308242578 -0.057662174705990256 0.045436196154210809 -0.05581597695194182 0.034464067865235572 0.042180312863995525
leaf_weight=2.5013354942202559 1.4960380136035372 0.87176609318703313 0.95184326451272383 2.8486243262886992 4.4253256330266586 0.87595435511321429 1.1619975063949821 2.4718286953866482 1.1262318678200234 0.20253361016512705 0.68517502024769783 0.68297549430280957 1.4170511574484397 14.297438380774103
leaf_count=17 48 18 16 27 109 24 19 19 22 2 5 11 18 116
internal_value=0.00914144 0.0118786 0.0224936 -0.00483328 -0.0149397 0.0257758 -0.0350195 0.00761983 0.0290036 0.0322897 -0.0100508 0.0362716 0.00510298 0.0407857
internal_weight=36.0161 34.5201 21.111 13.4091 10.5605 20.2392 5.58732 4.97316 19.2874 18.1611 1.56113 16.6 2.10003 14.5
internal_count=471 423 232 191 164 214 128 36 198 176 29 147 29 118
is_linear=0
shrinkage=0.05


Tree=87
num_leaves=15
num_cat=0
split_feature=19 42 187 29 44 53 155 100 50 75 18 173 52 119
split_gain=2.2274 2.75699 1.83646 3.02026 1.91681 1.63462 1.59047 1.49887 1.37374 2.2307 1.95701 1.35051 1.21496 0.855936
threshold=1618.0000000000002 0.53099714691265754 0.030318539339351837 2.5000000000000004 24322.000000000004 -0.25492243622853178 0.017017822752485486 0.035019512983056798 0.017317232684395972 -0.06647439483910686 7442.0000000000009 -0.017569857878746917 -0.024465364401647084 0.023010346999529283
decision_type=2 2 2 2 2 2 2 2 2 2 8 2 2 2
left_child=1 -1 5 4 -4 8 13 -5 9 -2 -11 -12 -7 -3
right_child=2 6 3 7 -6 12 -8 -9 -10 10 11 -13 -14 -15
leaf_value=-0.054411113828456148 0.042689189096025815 0.047762311631413666 0.041271975780242748 -0.052063827363890064 -0.032554953041122436 0.051034624796985187 -0.053287814335352471 0.017218983319211328 0.038522343544004897 -0.056233977820450511 -0.030469320104764913 0.031278111213519741 -0.052861305686259075 -0.009213676460180285
leaf_weight=2.842562783509492 3.6128489449620282 1.9005649387836463 3.5764237353578192 3.1789839337579906 1.165791710373014 0.3731225300580262 0.75860515842214216 1.0347356041893361 10.854359224438666 1.5160393584519609 1.3331648297607932 2.6372545575723052 1.1445269244723046 1.0091849109157918
leaf_count=77 25 16 29 53 22 3 29 13 79 29 23 35 34 23
internal_value=0.00909269 -0.0174498 0.0147723 -0.00424737 0.0231229 0.0227057 0.011191 -0.0350505 0.0265104 0.0121816 -0.00790769 0.0105449 -0.0273179 0.0280014
internal_weight=36.9382 6.51092 30.4273 8.95593 4.74222 21.4713 3.66836 4.21372 19.9537 9.09931 5.48646 3.97042 1.51765 2.90975
internal_count=490 145 345 117 51 228 68 66 191 112 87 58 37 39
is_linear=0
shrinkage=0.05


Tree=88
num_leaves=15
num_cat=0
split_feature=137 40 176 114 121 0 84 114 37 63 36 91 7 115
split_gain=2.46017 2.03369 1.90509 1.71366 2.62763 1.71492 1.55652 1.51153 1.42634 1.77692 1.25083 1.15259 1.11116 0.964965
threshold=-0.061762983848245176 0.059554647627213846 -0.069359224932019972 -0.06348449553360698 0.0068417382326572988 982.50000000000011 -0.11042059858274771 -0.15148432531094394 0.65432645306873616 833.50000000000011 3.5000000000000004 -0.0070236514755304862 5428.0000000000009 -0.08719655369362439
decision_type=2 8 2 2 2 2 2 2 2 2 2 2 8 2
left_child=13 2 12 5 8 10 -6 -4 9 -5 -3 -11 -2 -1
right_child=1 3 7 4 6 -7 -8 -9 -10 11 -12 -13 -14 -15
leaf_value=0.033336975670116224 -0.0215453375693327 0.025804412577150323 0.0069836864293338421 -0.054820574387945242 0.042079229446100992 0.046680511234419499 -0.054655173711023047 -0.046205826183538516 0.039630372149745186 -0.029115865813262011 -0.035008517912139436 0.043840655510847967 0.050202992744851765 -0.054721268885064317
leaf_weight=0.36808386817574534 0.79790068836882744 2.5487077105790381 2.172727819532156 1.1395606761798265 0.50994375720620189 7.6401958987116814 2.2536248951219022 3.467105065472424 4.2249942123889923 0.79515454638749328 1.2653609514236448 1.6961017753928904 1.6671140301041303 2.0098719396628431
leaf_count=5 17 19 17 25 3 55 59 131 32 22 12 14 12 41
internal_value=0.00787375 0.011732 -0.00968849 0.019597 0.00512828 0.0330111 -0.0368054 -0.0257147 0.01988 -0.00310254 0.00562903 0.0205545 0.0269788 -0.0410907
internal_weight=32.5564 30.1785 8.10485 22.0736 10.6194 11.4543 2.76357 5.63983 7.85581 3.63082 3.81407 2.49126 2.46501 2.37796
internal_count=464 418 177 241 155 86 62 148 93 61 31 36 29 46
is_linear=0
shrinkage=0.05


Tree=89
num_leaves=15
num_cat=0
split_feature=97 125 75 163 0 66 64 144 40 93 66 110 114 166
split_gain=1.99691 2.03997 1.83829 1.71147 1.52489 1.40787 1.2932 1.12944 1.06024 1.75043 1.1072 1.01842 1.01708 1.27179
threshold=0.099603722809555359 0.047241814273166392 0.088011125949782151 -0.15222573724826463 803.50000000000011 13.500000000000002 12.500000000000002 -0.04894192105206914 0.049553009206861093 -0.0014306680632399248 10.500000000000002 -0.017690183215068375 -0.06242382497212573 0.087142099556573205
decision_type=2 2 2 2 2 2 2 2 10 2 2 2 2 2
left_child=1 2 4 -3 5 6 -1 -4 9 10 -6 -11 -10 -14
right_child=-2 3 7 -5 8 -7 -8 -9 12 11 -12 -13 13 -15
leaf_value=-0.043242764677247046 -0.044362270613354376 0.045388512994255198 0.038687826458817361 -0.035069611550307377 -0.0055236927491681426 0.035576605480040317 0.037041560959493701 -0.054186064810963309 0.046848277028131047 0.0075649280749366015 0.05250687955727025 -0.054753455350605142 0.028444275794136706 -0.034833547378003336
leaf_weight=2.2769325943663818 1.5960923731327046 0.82052490580826987 0.43375615961849701 3.3986397762782863 1.2698732581920924 1.3900556694716213 0.64329803176224221 1.3344796181190746 7.5741182826459488 1.4006762909702959 2.3303406983613968 1.2324435673654104 6.7515336330979965 0.89989843312650908
leaf_count=68 32 7 6 75 26 10 8 38 53 25 14 29 65 15
internal_value=0.01021 0.0129528 0.0179132 -0.0194225 0.0212972 -0.00584152 -0.0255569 -0.0314037 0.0267484 0.00937861 0.0320382 -0.0216035 0.0338595 0.0210021
internal_weight=33.3527 31.7566 27.5374 4.21916 25.7692 4.31029 2.92023 1.76824 21.4589 6.23333 3.60021 2.63312 15.2256 7.65143
internal_count=471 439 357 82 313 86 76 44 227 94 40 54 133 80
is_linear=0
shrinkage=0.05


Tree=90
num_leaves=15
num_cat=0
split_feature=67 154 98 51 130 50 147 153 177 164 124 127 114 106
split_gain=1.85026 1.70828 1.72851 1.60655 1.4879 1.42602 1.29435 1.92725 1.44271 1.24832 1.38448 1.18235 1.11491 0.917124
threshold=1.0000000180025095e-35 0.22739722625178863 -0.083435841701298905 -0.015560203626971447 -0.028121261343169165 0.039420696191916231 0.039319897923487404 0.28739632308466095 -0.11275569951225696 -0.013508935304592401 -0.044686047695427861 0.0075713050127257124 -0.20456849677994435 -0.04519439848249892
decision_type=2 2 2 2 2 2 2 2 2 2 2 2 2 2
left_child=3 2 -2 4 -1 12 8 -8 -4 10 -10 -6 -5 -3
right_child=1 13 6 5 11 -7 7 -9 9 -11 -12 -13 -14 -15
leaf_value=-0.054422565684724311 -0.053949198831205886 0.037963655351829467 -0.055519214767810715 0.053930378980305095 0.036141554875705854 0.04286685368862838 0.034915143624700933 -0.041694093719061992 -0.054709245503085459 0.044655988462064207 0.023800279115485722 -0.020222644627612876 -0.040114589292943863 -0.053315717650821118
leaf_weight=0.73310051392763842 0.72151551768183964 0.35686750803142775 0.46687469165772633 0.33681225031614292 3.6875568693503737 0.68068000674247731 1.6345153087750071 1.64935029996559 0.63692430034279812 9.4865668355487234 4.7445102692581758 1.2443967843428252 4.8986705839633924 1.2022453043609846
leaf_count=15 16 6 11 2 32 7 20 30 14 76 58 21 123 30
internal_value=0.00904105 0.0179246 0.0219833 -0.00699005 0.0120408 -0.0252132 0.0249258 -0.00356252 0.0310264 0.0337441 0.0145082 0.0219201 -0.0340644 -0.0324227
internal_weight=32.4806 20.8994 19.3403 11.5812 5.66505 5.91616 18.6187 3.28387 15.3349 14.868 5.38143 4.93195 5.23548 1.55911
internal_count=461 261 225 200 68 132 209 50 159 148 72 53 125 36
is_linear=0
shrinkage=0.05


Tree=91
num_leaves=15
num_cat=0
split_feature=114 134 38 162 32 167 139 111 139 189 141 45 138 126
split_gain=1.74474 2.02503 2.01206 2.09985 1.96546 1.70864 1.61519 1.79376 1.44826 1.30506 1.18411 2.54596 0.835972 0.638794
threshold=-0.15622067135902559 0.021555728749496225 0.036007028149308409 0.088806692031136628 4.5000000000000009 -0.011847376150651477 -0.048733986071140149 0.10151641263376564 0.037432198230473453 -0.0071884538768822222 0.013955776173936122 0.026638030729677228 -0.04368217187601426 0.044829771666391009
decision_type=2 2 2 2 10 2 2 2 2 2 2 2 2 2
left_child=1 13 -2 4 6 -3 7 -4 10 -10 -8 -12 -11 -1
right_child=2 5 3 -5 -6 -7 8 -9 9 12 11 -13 -14 -15
leaf_value=0.051012540658310727 -0.052112625481476972 0.032376145716012751 -0.054278039644142163 -0.054033617492940257 -0.053748459269666038 -0.045504949958570164 0.038844734363967508 0.05314505990209728 0.024528216815601127 0.026087976714328262 0.032255191227643774 -0.047705378321879821 -0.055993590139245167 0.01837444241003065
leaf_weight=5.5126714631915075 1.495746436528864 1.3751337975263598 1.5043552182614903 1.2863743705674995 1.0793166020885099 1.4435184225440023 8.797553786775099 0.52395275235176075 1.5820731995627286 0.39878910221159447 3.243767485022544 1.4362857346422968 1.3963672094978381 2.0591572653502226
leaf_count=37 68 12 40 39 28 12 89 3 22 6 27 37 29 19
internal_value=0.011694 0.0286691 0.0039392 0.0078848 0.0118748 -0.00750916 0.0156257 -0.0265285 0.0206985 -0.00858058 0.0280353 0.00771568 -0.0377594 0.0421366
internal_weight=33.1351 10.3905 22.7446 21.2488 19.9625 2.81865 18.8831 2.02831 16.8548 3.37723 13.4776 4.68005 1.79516 7.57183
internal_count=468 80 388 320 281 24 253 43 210 57 153 64 35 56
is_linear=0
shrinkage=0.05


Tree=92
num_leaves=15
num_cat=0
split_feature=32 45 163 86 114 13 173 114 105 120 107 34 114 15
split_gain=2.27564 1.82729 1.87942 1.95852 1.74091 1.4835 1.38484 1.316 1.18511 1.10882 1.07067 0.875614 0.69931 1.29137
threshold=3.5000000000000004 0.0036201446010971227 -0.17395575362214163 0.11787010345701056 -0.043370920912790038 38118.500000000007 -0.049394774307103824 -0.13102648370860473 -0.083095675042877862 0.08213864862352778 -0.033406014372686955 2.5000000000000004 0.10893904594025375 301365.00000000006
decision_type=8 2 2 2 2 2 2 2 2 2 2 2 2 2
left_child=5 4 -3 8 11 6 7 -1 -4 -10 -6 -2 -8 -14
right_child=1 2 3 -5 10 -7 12 -9 9 -11 -12 -13 13 -15
leaf_value=0.051893867041161307 0.0050694976886288155 0.042820403089621754 0.021146475112363727 0.034506912499489208 0.021992953182769802 -0.031528027292415828 0.042352783275031211 -0.043980440217160632 -0.049438308729593518 0.0072979162154972761 -0.052968899675735287 0.050541329813737462 -0.05384691764930051 0.055198852302845706
leaf_weight=0.52626842260360707 1.7789657497778533 1.0851109214127088 0.8348467103205629 1.1457775169983495 0.77559785544872317 1.1394123351201404 7.3644763706251997 1.1189332175999869 6.3353643359150675 0.99662225553765882 1.2345432271249617 2.6147823184728622 0.55618118843995012 0.53043435513973236
leaf_count=5 16 9 14 14 7 19 64 34 172 15 33 19 19 2
internal_value=0.00513496 -0.00651377 -0.0194543 -0.0267106 0.0144972 0.0225542 0.0286576 -0.0133121 -0.0352992 -0.0417263 -0.0240454 0.0321304 0.036828 -0.000615926
internal_weight=28.0373 16.8016 10.3977 9.31261 6.40389 11.2357 10.0963 1.6452 8.16683 7.33199 2.01014 4.39375 8.45109 1.08662
internal_count=442 299 224 215 75 143 124 39 201 187 40 35 85 21
is_linear=0
shrinkage=0.05


Tree=93
num_leaves=15
num_cat=0
split_feature=67 114 65 189 152 45 50 154 159 165 102 5 132 113
split_gain=1.57661 2.02372 1.75306 1.49608 1.34353 1.17865 2.01798 1.38393 1.11693 1.03764 0.996727 0.924451 0.956282 1.16158
threshold=1.0000000180025095e-35 -0.15622067135902559 1.0000000180025095e-35 -0.040487845159482581 0.049010148572298712 0.093190533972099462 0.014035605168918818 -0.10101818677803209 -0.095110001731129656 0.019470314649509251 -0.069425586322229227 2.5000000000000004 0.035845924329099547 0.2693117664138695
decision_type=2 2 2 2 2 2 2 2 2 2 2 8 2 2
left_child=1 3 10 -1 5 11 -7 -8 -6 -9 -3 -2 -13 -14
right_child=4 2 -4 -5 8 6 7 9 -10 -11 -12 12 13 -15
leaf_value=-0.022979003285276162 -0.011495032083335174 0.011527588201569971 0.022893567287218173 0.036826387683547672 0.027036229459794399 -0.05346343397490573 -0.054799997000232227 -0.027422012119902795 -0.054154744846335347 0.042536219599056062 -0.04592254729593806 0.040468777595910874 0.053732550967514552 -0.043013011286890154
leaf_weight=1.4835875220596788 1.1745891869068188 0.90870136860758055 1.6373936543241141 3.5430891811847687 0.68401529546827067 1.2340978332795192 0.54927450045943249 0.64245605096221003 1.1125958431512106 3.0292575946077704 4.4628695759456622 9.8428948349319381 0.50998582690954275 0.79223060794174671
leaf_count=11 22 14 26 30 8 44 11 16 28 27 133 91 3 19
internal_value=0.00920536 -0.00503485 -0.0223978 0.0191753 0.0179625 0.0221275 0.00277839 0.0192219 -0.0232433 0.0302953 -0.0362038 0.0306951 0.0351416 -0.00512464
internal_weight=31.607 12.0356 7.00896 5.02668 19.5714 17.7748 5.45509 4.22099 1.79661 3.67171 5.37157 12.3197 11.1451 1.30222
internal_count=483 214 173 41 269 233 98 54 36 43 147 135 113 22
is_linear=0
shrinkage=0.05


Tree=94
num_leaves=15
num_cat=0
split_feature=50 53 0 64 97 81 187 56 42 108 90 143 119 106
split_gain=1.82898 2.55369 1.71753 1.6833 1.54209 1.66043 1.24855 1.7634 1.47842 1.10379 1.03194 1.34578 0.881425 1.04959
threshold=0.0095118929101518767 -4.8026042144218506 592.00000000000011 11.500000000000002 0.099603722809555359 0.075862289957697823 0.026319468744268552 2.5000000000000004 0.60014205122486552 -0.018182426723129554 -0.056923757452206014 -0.04905351369863719 0.049304360863966189 0.015119084460484215
decision_type=2 2 2 2 2 2 2 2 2 2 2 2 2 2
left_child=1 -1 3 -2 5 6 10 9 -9 -8 11 -4 -12 -14
right_child=2 -3 4 -5 -6 -7 7 8 -10 -11 12 -13 13 -15
leaf_value=0.044057142809679602 -0.054568327559889433 -0.049124154465474384 0.033954623151872518 0.049427201076939993 -0.040227584685245558 -0.025865251207095871 -0.017177487637933506 -0.048598752556162791 0.028710666022583615 0.046419566418553493 0.039226587228327288 -0.055911712767842618 -0.05419499244204426 0.033035347624899868
leaf_weight=1.0091310483403506 1.6199675295501976 2.7094449272844967 0.93273551808670163 0.51211928017437447 1.1202705008909095 1.8422388918697823 0.9422653699293736 1.9676458961330356 0.90184554550796736 2.472582410555332 13.082181517500425 0.75286157522352037 0.57704601483419604 0.85697256401181221
leaf_count=10 38 87 11 6 24 37 18 49 9 25 124 13 16 8
internal_value=0.00908006 -0.023837 0.0135181 -0.029589 0.0171296 0.0197708 0.0235097 0.00459203 -0.0243014 0.0288711 0.0308474 -0.00618362 0.0351474 -0.00206596
internal_weight=31.2993 3.71858 27.5807 2.13209 25.4486 24.3284 22.4861 6.28434 2.86949 3.41485 16.2018 1.6856 14.5162 1.43402
internal_count=475 97 378 44 334 310 273 101 58 43 172 24 148 24
is_linear=0
shrinkage=0.05


Tree=95
num_leaves=15
num_cat=0
split_feature=114 57 47 67 86 75 40 14 51 119 57 14 162 92
split_gain=1.94852 2.06444 1.89612 1.45407 1.37618 1.84369 1.36497 1.74947 1.01118 0.909922 0.876789 0.767808 0.710387 1.14732
threshold=-0.12002006604387329 -1.4999999999999998 2.7803507866714532 1.0000000180025095e-35 0.046673299914114626 -0.10821031312867978 0.059554647627213846 126299.00000000001 -0.01354275892977946 -0.052825554880714741 1.5000000000000002 218913.00000000003 -0.022025781053814961 0.029093209779156685
decision_type=2 2 8 2 2 2 10 2 2 2 2 2 2 2
left_child=6 2 -2 -3 5 -5 7 -1 -6 -10 -8 -9 -4 -14
right_child=1 3 12 4 8 -7 10 11 9 -11 -12 -13 13 -15
leaf_value=-0.04021961661360976 -0.039582995516062966 -0.045734147753880398 0.048871354523348509 0.033875389768000058 0.053732566395912673 -0.042951587678944442 0.041263703308146965 0.046368305221876904 0.038937725573583812 -0.052612935199527491 -0.0015169758152769708 -0.0068695507782230341 -0.05189989801134906 0.039234563576774933
leaf_weight=1.6962304068729306 1.0705722020938981 3.2072256582323444 2.9340036027133465 1.0623208740726102 1.3596485853195193 2.9479212111327806 7.0046547688543779 1.6254318282008173 0.49913959950208664 0.59486524527892448 1.4446955211460588 1.1609952896833418 0.53807305078953482 0.96419253200292587
leaf_count=24 39 117 19 12 7 99 57 12 6 18 14 12 20 8
internal_value=0.0078555 -0.0042957 0.0201415 -0.0182105 -0.00455394 -0.0226 0.022117 -0.000184876 0.0249404 -0.010843 0.0339489 0.0241862 0.0345544 0.00659253
internal_weight=28.11 15.178 5.50684 9.67112 6.4639 4.01024 12.932 4.48266 2.45365 1.094 8.44935 2.78643 4.43627 1.50227
internal_count=464 345 86 259 142 111 119 48 31 24 71 24 47 28
is_linear=0
shrinkage=0.05


Tree=96
num_leaves=15
num_cat=0
split_feature=19 179 133 52 133 79 133 114 125 27 50 139 132 146
split_gain=2.02878 1.62684 1.59877 1.47824 1.75552 1.30008 1.25632 1.24493 1.56056 1.53431 1.13896 1.09782 0.849483 0.825241
threshold=1618.0000000000002 -0.11988516952004309 0.04208419325061271 -0.026197612255974105 0.061693465795528334 0.090479973402541103 -0.052743245450769187 -0.16932115209060791 0.060152988387693757 4.5000000000000009 0.0091614284312545851 -0.051473714322162994 0.010483666210687552 -0.059505616797354687
decision_type=2 2 2 2 2 2 2 2 2 2 2 2 2 2
left_child=2 -2 -1 -3 5 7 -7 -5 9 10 -9 -12 -4 -13
right_child=1 3 12 4 -6 6 -8 8 -10 -11 11 13 -14 -15
leaf_value=-0.046037440818028789 -0.054328852116418441 0.039408017819591371 -0.052297912936301295 0.047602200026653885 -0.039270632389052429 0.034328568137611572 -0.055286649083114661 -0.052780888879989232 -0.054486505886479977 -0.038622149436818222 -0.026345530175391492 -0.020104474222026616 0.040574510182230836 0.03676469580256931
leaf_weight=2.8032607075292644 0.85651630582288518 5.1820666063576999 0.31891398411244143 3.0189413912594416 1.6974666425958265 0.57877167500555504 1.2060440275818098 0.4735248340293613 0.82975964341312725 1.1289796498604125 0.88468262413517251 0.69415707886219635 1.0801602716092018 7.8743040501139907
leaf_count=98 17 46 13 26 27 6 27 16 20 30 18 14 17 87
internal_value=0.00783996 0.013361 -0.02425 0.0158209 0.00917318 0.0141004 -0.0262266 0.0189297 0.0116467 0.0166102 0.0228919 0.0266825 0.0194046 0.0321576
internal_weight=28.6275 24.4252 4.20233 23.5687 18.3866 16.6892 1.78482 14.9043 11.8854 11.0556 9.92667 9.45314 1.39907 8.56846
internal_count=462 334 128 317 271 244 33 211 185 165 135 119 30 101
is_linear=0
shrinkage=0.05


Tree=97
num_leaves=15
num_cat=0
split_feature=114 162 185 45 19 32 134 82 156 67 168 152 150 111
split_gain=1.80584 1.5042 1.42666 1.5486 1.36976 1.34617 1.27383 1.34113 1.15977 1.04205 1.20151 1.10982 1.30491 0.853272
threshold=-0.1530350027884548 0.088806692031136628 0.021457595251133204 0.040513430601536567 2246.5000000000005 1.5000000000000002 -0.072647587497092561 0.11540030867838282 0.11747181171779353 1.0000000180025095e-35 0.036242106580586415 0.044272912490406921 -0.011925999530864888 -0.044035888686663381
decision_type=2 2 2 2 2 8 2 2 2 2 2 2 2 2
left_child=2 4 -1 -4 5 -2 -6 8 9 10 -8 13 -13 -11
right_child=1 -3 3 -5 6 -7 7 -9 -10 11 -12 12 -14 -15
leaf_value=0.041983288925163204 0.027912000902104595 -0.053352803597579761 0.037209718567833262 -0.037543268647951752 -0.053971873060969081 -0.046053376613984912 0.013540739053259082 -0.053908608151305465 -0.028938445565666878 -0.012362800748535711 -0.052809312485298 0.037115985506940924 -0.057311851267386096 0.042656183924488167
leaf_weight=4.9774689115583923 0.8154918472282654 1.3539815447293211 1.2973274216055872 1.4868614096194503 0.79747821344063297 2.5040124063380063 2.6998294002842029 0.75580547237768847 1.3818640327081091 0.7905390169471519 0.91307375393807877 0.71758892899379134 0.7464355695992706 6.4897008929401618
leaf_count=45 14 49 14 14 17 114 42 18 34 16 28 8 13 59
internal_value=0.00548547 -0.00247042 0.0259509 -0.00271118 0.0012312 -0.0278825 0.00755092 0.0109358 0.014503 0.0193609 -0.00322763 0.0286939 -0.0110282 0.0366818
internal_weight=27.7275 19.9658 7.76166 2.78419 18.6118 3.3195 15.2923 14.4948 13.739 12.3572 3.6129 8.74426 1.46402 7.28024
internal_count=485 412 73 28 363 128 235 218 200 166 70 96 21 75
is_linear=0
shrinkage=0.05


Tree=98
num_leaves=15
num_cat=0
split_feature=32 18 79 126 113 38 137 46 25 38 93 53 121 147
split_gain=1.84195 1.5708 1.29853 1.43487 1.58309 1.05785 1.05362 0.969068 1.45784 0.907078 1.39501 0.788852 0.935146 0.662476
threshold=3.5000000000000004 77578.000000000015 0.075470471578956574 0.0095787635670269693 0.27442342952188437 0.071312774392954428 -0.041685431100341279 38.008027828024311 -1182.9999999999998 0.069067049886585005 0.037151221536077479 -0.75542045420685944 -0.052530994764670408 0.009661907384523263
decision_type=8 8 2 2 2 2 2 2 2 2 2 2 2 2
left_child=9 2 3 6 -5 -3 -2 -8 13 10 11 -1 -13 -9
right_child=1 5 -4 4 -6 -7 7 8 -10 -11 -12 12 -14 -15
leaf_value=0.040890241039282654 -0.041861648188470657 -0.024866136248769443 -0.048248277971848198 0.009414407032161393 -0.055085008031310279 0.036984124599641309 0.042443415941509681 0.040771351268040101 -0.053344563946191685 0.036173543809552004 -0.053477915693919957 0.053170794715891805 -0.052388678725047183 -0.013622800065923084
leaf_weight=1.8060184107162063 0.8438844075426476 0.87104623485356825 1.976158512989058 1.6389720821753146 2.2674849911127239 3.3506140424869955 2.3687722408212686 1.5334789797198047 0.90990108321420704 6.4591934629715979 0.79854204645380367 0.32088222354650542 0.60612582881003763 0.88156164996325959
leaf_count=17 21 20 65 18 67 34 29 17 36 75 22 2 23 13
internal_value=0.00806265 -0.0021256 -0.0110814 -0.00404897 -0.028024 0.0242227 0.010277 0.0180046 0.000593814 0.0250335 0.00465844 0.0216449 -0.0158495 0.0209159
internal_weight=26.6326 16.6419 12.4202 10.4441 3.90646 4.22166 6.5376 5.69371 3.32494 9.99076 3.53157 2.73303 0.927008 2.41504
internal_count=459 320 266 201 85 54 116 95 66 139 64 42 25 30
is_linear=0
shrinkage=0.05


Tree=99
num_leaves=15
num_cat=0
split_feature=45 32 73 104 149 120 145 106 33 141 133 112 129 76
split_gain=1.50067 1.36837 1.57384 1.3331 1.68156 1.17432 1.15038 0.969546 1.21188 0.985463 0.951901 0.943102 0.934224 0.864461
threshold=0.003162589696303808 3.5000000000000004 0.30258815811829415 -0.023464312456271248 0.047029586304911226 -0.098140099804167533 -0.028068061291037279 0.039110887963760964 4.5000000000000009 -0.020917085672207781 -0.029956073903700534 0.019494745720442363 -0.057525956225045284 0.069908608297332989
decision_type=2 8 2 2 2 2 2 2 2 2 2 2 2 2
left_child=7 6 5 -4 10 -3 13 8 -1 -9 -5 -10 -7 -2
right_child=1 2 3 4 -6 12 -8 9 11 -11 -12 -13 -14 -15
leaf_value=0.042007188105493039 -0.048913762576903809 0.038738868857318212 0.029362237522886067 0.021600939601530894 0.037752486792295759 0.019862139798477691 0.026379841135434196 0.036721931934906513 -0.04330402875605615 -0.053729853414424912 -0.056305091360646875 0.038779670989853882 -0.051300120114306624 0.035719489864754046
leaf_weight=6.3302628919482249 0.99605523888021685 0.50924581848085182 3.0934437620453537 0.49925033329054769 1.0072671715170143 0.53169496916234749 6.3472604751586941 0.52498274296522141 0.83386358898133017 0.70618326961994149 1.8267877376638353 0.6029713861644268 3.4786624517291713 0.43282954581081867
leaf_count=67 30 5 37 15 12 12 84 6 16 17 40 7 120 6
internal_value=0.00928261 0.00121757 -0.0101754 0.00572359 -0.016214 -0.0327833 0.0172553 0.0260634 0.0325978 -0.0151602 -0.0395837 -0.0088574 -0.0418654 -0.0232771
internal_weight=27.7208 18.7225 10.9464 6.42675 3.33331 4.5196 7.77615 8.99826 7.7671 1.23117 2.32604 1.43683 4.01036 1.42888
internal_count=474 361 241 104 67 137 120 113 90 23 55 23 132 36
is_linear=0
shrinkage=0.05


Tree=100
num_leaves=15
num_cat=0
split_feature=114 40 171 32 146 75 111 177 4 146 24 45 155 101
split_gain=1.95286 1.5722 1.46756 1.20594 1.29179 1.29199 1.46381 1.14188 1.13361 0.996122 0.922819 1.47599 1.43819 0.883862
threshold=-0.16932115209060791 0.044789493020101621 0.057396848534290536 1.5000000000000002 -0.059505616797354687 0.018630076536238587 0.049196697254732337 -0.068835156680375029 42.000000000000007 0.035402371884066787 -1099.9999999999998 0.0036201446010971227 -0.060140971217709893 0.045406597217045201
decision_type=2 8 2 8 2 2 2 2 10 2 2 2 2 2
left_child=10 -2 3 -3 -5 6 7 -6 -8 -9 -1 -12 -13 -11
right_child=1 2 -4 4 5 -7 8 9 -10 13 11 12 -14 -15
leaf_value=0.046169966648970689 -0.039557209327349636 0.042636549536447195 -0.033675778174586384 -0.055626740784091279 -0.039044118851576888 -0.037000033877635854 -0.056181087253870277 0.037667093351613438 0.027291700809691778 -0.041153684292725444 0.046995892526790296 0.025774041266834483 -0.056183667153745558 0.030653199200018435
leaf_weight=3.5736126303672791 2.4718407988548252 2.2514823544770559 2.3392517748288801 0.87718823738396956 0.69308603089303122 1.4408672873396415 1.176499725319444 5.9398020240478093 0.62165070045739401 0.86547452211379983 1.5991771109402209 1.0382518768310549 1.1049240678548811 0.84885120764374733
leaf_count=34 124 20 60 22 20 47 20 62 7 18 15 7 13 8
internal_value=0.00596484 -0.00229036 0.00311113 0.0089592 0.00287548 0.00730465 0.0135969 0.0224119 -0.0273231 0.0279767 0.0279976 0.0106446 -0.0164796 -0.00559839
internal_weight=26.842 19.526 17.0542 14.7149 12.4634 11.5862 10.1454 8.34721 1.79815 7.65413 7.31597 3.74235 2.14318 1.71433
internal_count=477 408 284 224 204 182 135 108 27 88 69 35 20 26
is_linear=0
shrinkage=0.05


Tree=101
num_leaves=15
num_cat=0
split_feature=32 67 187 29 68 114 98 122 37 95 145 133 73 11
split_gain=1.32373 1.43998 1.35691 1.60891 1.29451 1.50826 1.27816 1.26058 1.00592 0.928273 0.825293 0.847856 0.751235 0.619299
threshold=1.5000000000000002 1.0000000180025095e-35 0.030318539339351837 2.5000000000000004 20.500000000000004 -0.06242382497212573 -0.040154594600259781 -0.04552584189107315 0.54255940039554906 -0.029071576483081486 0.04107000175665363 -0.04601194172343908 0.29958765952626204 41668.000000000007
decision_type=8 2 2 2 2 2 2 2 2 2 2 2 2 2
left_child=-1 4 6 8 7 12 9 13 -4 -3 -8 -12 -6 -2
right_child=1 2 3 -5 5 -7 10 -9 -10 -11 11 -13 -14 -15
leaf_value=0.034638444661279376 0.049863381675864502 0.019727242300452318 -0.041710172054545205 -0.04863163945969904 -0.010412351583953081 -0.051780352118144607 0.035126952445980596 -0.044386989726782004 0.040864863940043655 -0.052717362035714699 0.040345028613406442 -0.053091509082991623 0.048128656547776691 -0.022145657912036962
leaf_weight=3.7785689812153604 0.60953379981219746 0.8689588624984026 0.50756922131404403 1.7395334644243119 0.81121803261339742 0.74826204171404231 7.6043569254688865 3.7489086603745818 1.349120656494051 0.90033656405285245 0.42259613890200853 0.57061998127028335 1.6890701688826082 0.58529424481093884
leaf_count=48 7 12 17 44 10 44 97 91 17 26 5 20 15 17
internal_value=0.00728501 0.00261992 0.0123838 -0.0140802 -0.0140218 0.0104972 0.021564 -0.0301333 0.0182911 -0.0171374 0.0295284 -0.0133359 0.029135 0.0145893
internal_weight=25.9339 22.1554 13.9631 3.59622 8.19229 3.24855 10.3669 4.94374 1.85669 1.7693 8.59757 0.993216 2.50029 1.19483
internal_count=470 422 238 78 184 69 160 115 34 38 122 25 25 24
is_linear=0
shrinkage=0.05


Tree=102
num_leaves=15
num_cat=0
split_feature=187 140 32 7 53 41 51 173 134 52 141 98 171 50
split_gain=1.3279 1.87756 1.36474 1.19027 1.26639 0.963578 1.7638 1.5589 1.2673 0.799136 0.76267 1.30561 0.788107 0.739404
threshold=0.026319468744268552 -0.037818158044430956 2.5000000000000004 163.50000000000003 -0.25492243622853178 0.11748347442334232 -0.010637212034893677 -0.044596257998398926 0.047646426153573056 -0.045880417299610142 0.0068338347820509149 -1.0000000180025095e-35 -0.054209826738567765 0.049354112335544452
decision_type=2 2 8 10 2 8 2 2 2 2 2 2 2 2
left_child=3 -2 -3 -1 5 6 7 8 -5 -4 11 12 -9 -6
right_child=1 2 9 4 13 -7 -8 10 -10 -11 -12 -13 -14 -15
leaf_value=-0.053587303228213715 0.02489939461114506 0.036300457587817747 0.049723883300755389 -0.053944308769252269 -0.052096946307674363 0.03502377417784322 -0.043484774890245416 0.020625403861232849 0.046358966446565501 -0.048975222701112445 0.046957374665369325 0.041659235638868947 -0.053739899400192005 0.041725602826552584
leaf_weight=0.60058153234422818 2.3858051458373666 0.64324535895138879 0.21859527332708273 1.1123436219059 0.94698800565674435 7.4036175855435529 1.2864735696930338 0.61897156760097272 0.43927152268588532 3.3182778379414231 3.3338885898701847 1.7766129435039983 0.83946022205054771 0.2698285561054945
leaf_count=15 39 10 3 29 45 79 57 8 4 105 31 17 19 3
internal_value=0.00884293 -0.0104919 -0.0306914 0.015658 0.0179649 0.0215302 0.0109104 0.0195278 -0.0255479 -0.0428752 0.0301749 0.0128797 -0.0221786 -0.0312918
internal_weight=25.194 6.56592 4.18012 18.628 18.0275 16.8106 9.40702 8.12055 1.55162 3.53687 6.56893 3.23504 1.45843 1.21682
internal_count=464 157 118 307 292 244 165 108 33 108 75 44 27 48
is_linear=0
shrinkage=0.05


Tree=103
num_leaves=15
num_cat=0
split_feature=187 40 146 81 53 68 47 104 119 45 132 141 12 121
split_gain=1.57615 1.45374 1.23143 1.45205 1.33768 1.20484 0.926738 0.923943 0.801712 0.961811 1.50382 1.08372 0.870005 0.675008
threshold=0.027800883151843921 0.055707459301266145 0.062278837926741208 0.054818940875779182 -0.25492243622853178 19.500000000000004 8.5916771286306055 -0.04421114462505097 0.052922953168813631 0.15281000494822028 0.028023576954034037 -0.051449166927880867 4598.5000000000009 -0.036797032598548156
decision_type=2 10 2 2 2 2 10 2 2 2 2 2 2 2
left_child=2 -2 3 4 8 7 -5 -3 9 -1 11 -11 -10 -6
right_child=1 5 -4 6 13 -7 -8 -9 12 10 -12 -13 -14 -15
leaf_value=0.039025167219956934 -0.04931688755923043 0.026476784314168361 -0.031299521059709866 -0.053426762086158257 0.03950764167143167 0.029190183510506385 0.034025317631466871 -0.043343342474927389 -0.044271839686908926 0.039565617339360711 0.048706940279400063 -0.044324891141581405 0.029973374724275182 -0.052181817928817931
leaf_weight=10.679625835036868 1.8530202344991256 0.67567374277859937 1.2512897686101485 1.0329524646513153 0.26640817546285689 2.249932155944407 0.42865394707769144 1.5861675115302205 0.76115975435823091 0.53636163286864746 1.3277525315061209 1.3639306453987949 0.81925840768963099 0.81419604085386044
leaf_count=120 80 11 25 39 6 34 8 40 19 6 12 32 13 35
internal_value=0.00954407 -0.0120301 0.0166657 0.0199944 0.0242087 0.00328381 -0.0277792 -0.0224862 0.0279614 0.0317961 0.00787974 -0.0206466 -0.00578455 -0.029577
internal_weight=25.6464 6.36479 19.2816 18.0303 16.5687 4.51177 1.46161 2.26184 15.4881 13.9077 3.22804 1.90029 1.58042 1.0806
internal_count=480 165 315 290 243 85 47 51 202 170 50 38 32 41
is_linear=0
shrinkage=0.05


Tree=104
num_leaves=15
num_cat=0
split_feature=81 114 40 32 146 57 167 162 177 98 162 182 158 17
split_gain=1.4458 1.38801 1.34574 1.26729 1.30605 1.29243 1.02074 0.996464 0.924211 0.880928 0.836091 0.780051 0.643179 0.606094
threshold=0.051792595530520735 -0.16932115209060791 0.031991792993523442 1.5000000000000002 -0.059505616797354687 1.5000000000000002 -0.10536432841771169 -0.065725185556109719 -0.059074079641579631 0.0014493386465280515 0.073358729487454755 0.0016138361192654259 0.12593977273612497 1968.0000000000002
decision_type=2 2 8 8 2 2 2 2 2 2 2 2 2 10
left_child=1 -1 -3 -4 -5 6 -6 -2 -8 11 12 -7 13 -10
right_child=7 2 3 4 5 9 8 -9 10 -11 -12 -13 -14 -15
leaf_value=0.03558706223389662 0.021755331106579675 -0.05135031007548703 0.043839607937486001 -0.054753286211018354 -0.052596719488688062 -0.04386555034945884 -0.044724659880630312 -0.043549533890500758 -0.011207616953584569 -0.054728793763562988 -0.02990568201370751 0.042674586490771257 -0.01190193861172092 0.038799334601221952
leaf_weight=5.2979759424924895 0.82306349836289916 0.96010019606910291 2.3014127872884282 0.89423505077138621 0.51036866055801411 0.44045875826850467 0.51751590752974053 2.0121922839898607 0.67192289931699445 1.2215285233687607 0.65943943709135044 0.63694251887500286 0.86372997704893339 6.1689887694083154
leaf_count=56 20 66 24 24 18 17 16 61 23 28 24 11 14 69
internal_value=0.00893598 0.0134317 0.00602451 0.00972487 0.00348639 0.00794114 0.0161661 -0.0245918 0.0201175 -0.0256608 0.0241295 0.0072956 0.0287543 0.0338876
internal_weight=23.9799 21.1446 15.8466 14.8865 12.5851 11.6909 9.39197 2.83526 8.8816 2.29893 8.36408 1.0774 7.70464 6.84091
internal_count=471 390 334 268 244 220 164 81 146 56 130 28 106 92
is_linear=0
shrinkage=0.05


Tree=105
num_leaves=15
num_cat=0
split_feature=97 19 133 13 50 150 111 72 173 79 123 188 129 133
split_gain=1.56266 1.2137 1.36803 1.00123 1.37537 0.776403 0.720878 1.43916 1.11801 1.30686 0.942082 0.87583 1.04562 0.814868
threshold=0.099603722809555359 1576.5000000000002 0.04208419325061271 29718.500000000004 0.018366401960327468 -0.10988025823401167 0.013921249159858366 0.25657894736842107 0.0045620530738827722 0.052491891212995002 -0.042244434670674159 0.01062645387294478 -0.016255071692734369 0.0060955434541429066
decision_type=2 2 2 2 2 2 2 8 2 2 2 2 2 2
left_child=1 2 5 6 -5 -1 8 13 9 10 -3 12 -12 -8
right_child=-2 3 -4 4 -6 -7 7 -9 -10 -11 11 -13 -14 -15
leaf_value=0.053663047552587217 -0.055251836316394222 0.046236830781046206 0.024442207501903464 -0.04586789256721447 0.016021382183360671 -0.049493830598889198 -0.0063918567652873938 -0.049337024481504038 0.043397787438059082 -0.055608550517244684 0.029797594260168626 0.037334360741482414 -0.054018404961980661 0.03578148410554223
leaf_weight=0.20004010200500522 0.95907624205574293 1.9948719732929108 1.2681655543856321 1.4952179857064032 2.246357791358605 2.0687473351135917 2.0524767031893125 0.98711318382993329 5.4667817091103643 0.64460815489292134 0.59570055454970261 0.99192349519580592 0.99133691377936606 2.5916571235284209
leaf_count=1 30 24 30 50 35 93 32 21 66 16 9 16 20 33
internal_value=0.00731205 0.00985512 -0.01715 0.0146171 -0.00871097 -0.0403984 0.0199665 0.00548954 0.027596 0.0110423 0.0204357 0.000478035 -0.0225578 0.017143
internal_weight=24.5541 23.595 3.53695 20.058 3.74158 2.26879 16.3165 5.63125 10.6852 5.21844 4.57383 2.57896 1.58704 4.64413
internal_count=476 446 124 322 85 94 237 86 151 85 69 45 29 65
is_linear=0
shrinkage=0.05


Tree=106
num_leaves=15
num_cat=0
split_feature=122 33 161 111 160 89 93 166 75 114 38 8 75 32
split_gain=1.45538 1.55586 1.36049 1.27392 1.09415 1.09381 1.02813 0.969291 0.864271 0.911337 1.11764 0.902703 0.808418 0.897057
threshold=-0.027398924988529614 4.5000000000000009 0.035919313103916932 -0.056828630596441936 -0.074451889303722041 0.014527391561314782 0.014503998716296082 0.013790655680189841 0.077112617135759051 -0.091481707325414413 0.049099999412703689 6288556.5000000009 -0.0032137369629988166 1.5000000000000002
decision_type=2 2 2 2 2 2 2 2 2 2 2 2 2 8
left_child=2 3 4 7 -1 6 -3 -2 9 -5 -11 -10 -12 -14
right_child=1 5 -4 8 -6 -7 -8 -9 11 10 12 -13 13 -15
leaf_value=0.016965788156806962 -0.053514615433961105 0.030718649198304471 0.024579732187264339 0.045304689455160356 -0.048940425977199241 -0.049068749229914159 -0.04401822016391041 0.026225235816825045 -0.053013720453534398 -0.052134050050864147 0.032214053385593758 0.052623467366955196 0.053001769599987397 -0.052012006986074125
leaf_weight=0.83054440678097341 0.91821731720119959 1.4899409189820287 1.4622276660520581 5.7267249170690784 2.6047315557952997 1.4045001612976191 0.66580101707950223 0.65151244355365634 0.63187384279444891 0.52406752994283579 4.9050729665905246 0.29742372035980225 0.29868845641612907 0.63718718057498336
leaf_count=15 23 24 36 58 94 26 14 15 28 33 62 2 2 29
internal_value=0.0083749 0.0149013 -0.0158131 0.0221324 -0.0330063 -0.0147337 0.00763616 -0.0204188 0.0272621 0.0308332 0.017813 -0.0192043 0.0240889 -0.0184964
internal_weight=23.0485 18.151 4.8975 14.5908 3.43528 3.56024 2.15574 1.56973 13.021 12.0917 6.36502 0.929298 5.84095 0.935876
internal_count=461 316 145 252 109 64 38 38 214 184 126 30 93 31
is_linear=0
shrinkage=0.05


Tree=107
num_leaves=15
num_cat=0
split_feature=159 18 138 110 109 88 61 123 167 5 125 43 169 183
split_gain=1.19346 1.38762 1.182 1.13985 1.32106 1.09771 1.06572 0.999832 0.964983 0.755257 0.663727 0.666628 0.659697 0.64361
threshold=-0.0025331462142716313 16091.000000000002 0.058493969283628093 0.044547658231410957 -0.070153309378967146 -0.031869310491543186 349.50000000000006 0.0058067023299631535 -0.024571930790286554 2.5000000000000004 0.049449268376350629 0.64474575520384148 0.014669233720013415 -0.068695601576733614
decision_type=2 10 2 2 2 2 2 2 2 8 2 2 2 2
left_child=1 3 5 4 -1 7 -3 -2 -5 -7 -11 -12 -9 -10
right_child=2 6 -4 8 -6 9 -8 12 13 10 11 -13 -14 -15
leaf_value=0.022110963789274837 -0.044255887609753519 -0.039400951535575324 -0.036672005076940004 0.040479889881689178 -0.040069790438762 -0.020550849678054896 0.036603871329252136 0.036002339277736294 0.047382582439162442 0.037927259370308483 0.037208072416163605 -0.052313737120627382 -0.034660211745851661 -0.052377759829332841
leaf_weight=1.0501372632570563 1.070353006711229 0.56268190825358066 0.94941138266585845 1.341261583613232 4.5775847469922173 0.70006356760859034 2.5575714854057878 1.2552849249914286 0.2157929027453066 7.8641672632656991 0.40274039050564159 0.42996293166652322 0.44824160356074561 0.64469595253467538
leaf_count=18 37 14 27 21 114 20 40 21 3 116 8 19 12 24
internal_value=0.0068898 -0.00529742 0.0170609 -0.0165339 -0.0284668 0.0212524 0.0228978 -0.00638542 0.0139667 0.0294108 0.0334325 -0.00901615 0.0174092 -0.0273599
internal_weight=24.07 10.9497 13.1202 7.82947 5.62772 12.1708 3.12025 2.77388 2.20175 9.39693 8.69687 0.832703 1.70353 0.860489
internal_count=494 234 260 180 132 233 54 70 48 163 143 27 33 27
is_linear=0
shrinkage=0.05


Tree=108
num_leaves=15
num_cat=0
split_feature=32 97 18 155 120 13 44 108 52 114 20 87 162 180
split_gain=1.05595 1.07063 1.02205 1.65454 1.47635 1.14511 1.4213 0.941979 0.920644 0.750868 0.990451 0.973218 0.920305 0.641921
threshold=4.5000000000000009 0.11851216587757946 5064.0000000000009 -0.036514466176686106 0.12934932184304496 19937.000000000004 750022.00000000012 -0.060251803611212358 -0.014445837025889271 -0.13607408062175194 22621.000000000004 0.024045149074696487 -0.076182644399176477 0.087549723948327732
decision_type=10 2 8 2 2 2 2 2 2 2 2 2 2 2
left_child=1 2 3 8 -5 9 13 -2 -1 -4 11 12 -11 -7
right_child=7 -3 5 4 -6 6 -8 -9 -10 10 -12 -13 -14 -15
leaf_value=0.034039740992539536 0.037816887313221886 -0.05577409519591299 0.049290515546459572 -0.047679646429762849 0.051687981239660619 -0.04499355151316986 0.038483724874272499 -0.047024066209461472 -0.036202575220693894 0.045663786455225258 0.035657437625660052 0.024213681656497815 -0.053436010098638957 0.031845175404166447
leaf_weight=2.4922988403122877 0.41993033047765482 0.58714625798165698 3.0494240634143397 2.3872686151880802 0.44319648342207063 1.6225830453913652 1.1236910894513128 1.4810626739636052 0.57389697642065574 0.29707160033286117 4.116376125253737 1.6397488315124062 1.1082855581771542 0.32650142116472114
leaf_count=42 7 15 36 104 4 55 15 43 23 3 44 30 39 6
internal_value=0.00731024 0.0107331 0.012769 -0.00455436 -0.0321206 0.0204589 -0.00630194 -0.0282827 0.0208926 0.0285121 0.0196645 -0.0019548 -0.0324878 -0.0321219
internal_weight=21.6685 19.7675 19.1803 5.89666 2.83047 13.2837 3.07278 1.90099 3.0662 10.2109 7.16148 3.04511 1.40536 1.94908
internal_count=466 416 401 173 108 228 76 50 65 152 116 72 42 61
is_linear=0
shrinkage=0.05


Tree=109
num_leaves=15
num_cat=0
split_feature=187 114 39 86 52 153 126 40 178 144 170 0 54 38
split_gain=1.35112 1.31553 1.79146 1.67928 1.14718 0.992939 0.859153 0.850636 1.26842 0.751685 0.693338 0.577635 0.50369 0.406338
threshold=0.069278755498608471 -0.091481707325414413 0.10057818525984112 0.11787010345701056 -0.0051003419793667929 0.19461520261040385 -0.027900034558110375 0.059554647627213846 1.0000000180025095e-35 -0.066520358044978342 0.090759876046619212 831.00000000000011 20.500000000000004 0.072285141536375205
decision_type=2 2 2 2 2 2 2 8 2 2 2 2 2 2
left_child=1 5 3 4 9 -1 -6 8 -7 -3 -2 -9 -4 -8
right_child=10 2 12 -5 6 7 13 11 -10 -11 -12 -13 -14 -15
leaf_value=-0.019592089631526356 -0.047413999881287826 0.0042352495788912457 0.049054071655562685 0.041489254346002313 -0.052193348673247091 -0.037724607823425904 -0.0059564704489472528 0.0097467768327439853 0.031425147516878943 -0.049284439459385369 0.025113552064287725 0.048205189987424367 0.0042934846154360305 0.052206444103266414
leaf_weight=1.3122808393091006 1.7836922321002924 0.79004112305119845 1.5181316062808039 1.0277588956523684 0.44063138123601664 1.0737504186108706 0.49983281223103115 1.2850613743066777 1.734307986218482 3.8688339944928889 0.40418731584213663 4.0644077956676483 1.0725452881306408 0.75216706842184067
leaf_count=16 59 15 11 13 19 20 21 15 21 187 10 48 16 6
internal_value=0.00323637 0.00742892 -0.00524759 -0.0178058 -0.0274005 0.0207749 0.00785328 0.0272687 0.00498354 -0.0402087 -0.0340153 0.0389666 0.0305231 0.0289862
internal_weight=21.6276 19.4398 9.96994 7.37927 6.35151 9.46981 1.69263 8.15753 2.80806 4.65888 2.18788 5.34947 2.59068 1.252
internal_count=477 408 288 261 248 120 46 104 41 202 69 63 27 27
is_linear=0
shrinkage=0.05


Tree=110
num_leaves=15
num_cat=0
split_feature=37 114 41 88 116 86 29 169 90 29 154 128 170 143
split_gain=1.30377 1.90082 1.15147 2.56845 1.35629 1.08252 1.10359 0.823652 0.815314 1.27834 0.567397 0.595862 1.00459 0.537076
threshold=0.81350205831069544 0.083345056092522712 0.071872622011431381 0.0071214311098243823 0.0070493406046249806 -0.047342417674996966 2.5000000000000004 -0.11126051371442751 -0.04248598929546691 3.5000000000000004 0.078546660087790446 0.0032530430654321729 0.024527898486668909 0.040780459063469721
decision_type=2 2 8 2 2 2 2 2 2 2 2 2 2 2
left_child=1 2 3 -1 13 6 -4 -3 9 -7 -10 12 -12 -5
right_child=-2 7 5 4 -6 8 -8 -9 10 -11 11 -13 -14 -15
leaf_value=-0.047891169912950428 0.049230570605477197 0.027762088017603083 0.01832600171069115 -0.052262344676201555 0.041943793104727567 0.025868213586197342 -0.056701195638567382 -0.051877826462627313 0.046539736572600632 -0.053397084902981201 -0.054160503298790824 0.037200416671778924 0.033869647368532742 0.031210829951694993
leaf_weight=2.4213175543118295 1.7052334824111302 0.38948177616111967 1.10700886091218 0.69552665064111385 2.2192405476234853 1.5593129228800582 0.87955135013908137 1.9505393321160216 4.0138048892840681 0.75490316469222296 0.61388401733711384 1.713610128033906 0.68653556518256664 0.26654914952814579
leaf_count=86 22 9 17 31 27 24 16 129 43 17 13 26 8 6
internal_value=0.00732539 0.00361738 0.0094552 -0.00908626 0.0204484 0.018625 -0.0148924 -0.0386223 0.0257524 1.16719e-05 0.0342286 0.0178338 -0.0076864 -0.0291356
internal_weight=20.9765 19.2713 16.9312 5.60263 3.18132 11.3286 1.98656 2.34002 9.34205 2.31422 7.02783 3.01403 1.30042 0.962076
internal_count=474 452 314 150 64 164 33 138 131 41 90 47 21 37
is_linear=0
shrinkage=0.05


Tree=111
num_leaves=15
num_cat=0
split_feature=79 0 104 149 145 67 113 153 50 135 166 151 142 119
split_gain=1.25806 1.042 0.992432 1.10541 0.899377 0.906647 1.01795 1.0806 0.984241 0.82033 0.768112 0.674583 0.643686 0.493827
threshold=0.049305879621221078 586.00000000000011 -0.029805320873195203 0.0081779298472968529 -0.074292477041609031 1.0000000180025095e-35 0.29795059336939417 0.21476301309993848 0.011778581124343929 -0.081882441011616763 0.10592877486323772 0.079442796764415791 -0.062421374054052438 -0.087697719802988336
decision_type=2 2 2 2 2 2 2 2 2 2 2 2 2 2
left_child=1 -1 3 -2 -3 6 7 -6 -9 -8 12 -4 -7 -14
right_child=2 4 11 -5 5 10 9 8 -10 -11 -12 -13 13 -15
leaf_value=-0.039613531215123871 -0.040404953161419344 -0.052637686560700336 -0.048138812882626225 0.035511438314749143 -0.038077882341973894 -0.030980132805718881 0.052126169293147256 -0.034800492254743402 0.038828373684934442 -0.053589394506663716 -0.018870057037306789 0.030452725413545802 -0.018393520630849206 0.037012650916380424
leaf_weight=0.99063070327975111 0.76874324167147312 0.49841436045244414 2.4016086001647632 1.274423732422292 0.83578452933579273 0.40343086514621695 0.21726314723491658 0.55052070622332427 2.585702475393191 1.1810612652916459 0.87362051755189885 0.30806196108460415 0.4264520558062922 7.059799096314241
leaf_count=33 26 18 85 18 19 11 2 15 35 56 17 6 10 109
internal_value=0.00316119 0.0100139 -0.0193639 0.00694783 0.0133739 0.0157017 -0.000475192 0.0124409 0.0259038 -0.037164 0.0256153 -0.0392038 0.0305411 0.0338565
internal_weight=20.3755 15.6227 4.75284 2.04317 14.632 14.1336 5.37033 3.97201 3.13622 1.39832 8.7633 2.70967 7.88968 7.48625
internal_count=460 325 135 44 292 274 127 69 50 58 147 91 130 119
is_linear=0
shrinkage=0.05


Tree=112
num_leaves=15
num_cat=0
split_feature=29 41 114 162 114 179 32 13 165 165 124 170 64 19
split_gain=1.19977 1.14558 1.32432 1.1112 0.913692 1.00178 1.00854 0.781037 0.755644 0.741684 0.615657 0.594792 0.590654 0.588984
threshold=3.5000000000000004 0.17203687143095009 -0.14088670063812761 0.088806692031136628 -0.047629278521086955 0.029748970009513095 1.5000000000000002 18560.000000000004 0.099291458686829315 -0.055706689669436669 -0.0099010368976501957 -0.087131756652085016 14.500000000000002 2350.0000000000005
decision_type=2 10 2 2 2 2 8 2 2 2 2 2 2 2
left_child=3 2 9 4 7 6 -6 -1 11 -2 -5 -8 -4 -7
right_child=1 -3 12 10 5 13 8 -9 -10 -11 -12 -13 -14 -15
leaf_value=0.038558754904340388 -0.023084624901237361 0.027049537401469516 -0.052203670920884827 0.026907686822669297 0.041868814310673047 -0.018586274363769511 0.035735633349014438 -0.01241639241384522 0.029393158185419429 0.039402479717298912 -0.046618786987176447 -0.052230389649272568 0.014439002788453279 0.043510462539917756
leaf_weight=6.7970804530195892 0.87528422474861134 1.655029392801225 2.4311856855638321 0.40091110789217055 0.65401482954621526 0.48178913211450014 0.2169234978500757 0.84484039805829514 0.45737830968573678 1.0380588639527557 0.98220544937066623 1.6837069808971135 0.38515450712293375 1.841108506079763
leaf_count=88 12 23 130 12 9 27 5 17 8 11 27 74 8 24
internal_value=0.00927924 -0.00875393 -0.0212824 0.0172971 0.021838 0.00595898 -0.0130683 0.0329233 -0.0283057 0.0108169 -0.0253064 -0.0421906 -0.0430898 0.0306311
internal_weight=20.7447 6.38471 4.72968 14.36 12.9768 5.33492 3.01202 7.64192 2.35801 1.91334 1.38312 1.90063 2.81634 2.3229
internal_count=475 184 161 291 252 147 96 105 87 23 39 79 138 51
is_linear=0
shrinkage=0.05


Tree=113
num_leaves=15
num_cat=0
split_feature=41 51 125 114 33 32 89 121 144 40 136 166 4 4
split_gain=1.06514 1.87248 1.46762 0.873678 0.822469 0.819429 0.720489 0.630611 0.609256 0.583151 0.712751 0.571769 0.541347 0.415916
threshold=0.1384253428350822 -0.011148579155290951 1.0000000180025095e-35 -0.1530350027884548 4.5000000000000009 3.5000000000000004 -0.10562232706406451 -0.075775372313746467 0.014708269509688758 0.052955966152586478 -0.011662415545677828 -0.066548604466659625 13.500000000000002 11.500000000000002
decision_type=8 2 2 2 2 10 2 2 2 8 2 2 8 10
left_child=1 2 5 12 9 11 -5 -3 -6 10 -2 -1 -4 -11
right_child=4 7 3 6 8 -7 -8 -9 -10 13 -12 -13 -14 -15
leaf_value=-0.014396801117483119 0.035346991059067502 0.018089015979840667 -0.017762294683840777 0.018199870370772576 -0.055446523842168499 -0.032923686758511261 -0.052992039088045041 -0.0517757198979674 0.012853286447512314 0.021893319518775468 -0.053047034336940073 0.03697582497447701 0.042838882083846029 0.0508342292229663
leaf_weight=0.62844712124206115 0.43011428602039814 0.37489326542709056 0.77400859538465749 0.44541380088776406 0.59270909335464217 0.5863553404342382 1.7583870303351428 2.3327970425598297 0.72701201587915421 3.7290922398678958 0.48543268255889704 3.9203465972095728 0.70341821759939205 1.8609375841915605
leaf_count=17 7 10 12 9 14 18 67 152 14 63 15 51 9 21
internal_value=0.00393248 -0.00573443 0.00543499 -0.0186591 0.0181686 0.0227073 -0.0386033 -0.0421026 -0.0178213 0.0254695 -0.0115205 0.0298783 0.0110906 0.0315278
internal_weight=19.3494 11.5241 8.81638 3.68123 7.8253 5.13515 2.2038 2.70769 1.31972 6.50558 0.915547 4.54879 1.47743 5.59003
internal_count=479 345 183 97 134 86 76 162 28 106 22 68 21 84
is_linear=0
shrinkage=0.05


Tree=114
num_leaves=15
num_cat=0
split_feature=88 125 50 0 127 98 29 187 93 54 82 52 127 106
split_gain=0.950229 0.92967 1.0655 0.917418 1.14469 0.958155 0.739457 1.25201 0.809252 0.566309 0.707156 0.5384 0.477407 0.716263
threshold=0.09713375428488262 0.047241814273166392 0.021066197746956259 679.50000000000011 -0.032938990977956335 -0.083435841701298905 3.5000000000000004 0.030318539339351837 0.046704717388250487 24.500000000000004 -0.013879076025033923 -0.027357735285841598 -0.010413687244999985 -0.0062843188989974725
decision_type=2 2 2 2 2 2 2 2 2 2 2 2 2 2
left_child=1 3 -3 4 -1 -5 9 8 12 -7 -11 -2 13 -8
right_child=11 2 -4 5 -6 6 7 -9 -10 10 -12 -13 -14 -15
leaf_value=0.03071662826903003 0.020272624977891993 -0.046320995292800565 0.021660972334953163 -0.052745934826677512 -0.047399241296539545 0.036113773629371737 0.045200793705143134 -0.052756434276058577 -0.04021243319415007 0.02504702870884808 -0.043023891955840776 -0.050554011564094309 0.044388513878954518 -0.052007760320179598
leaf_weight=0.7583220142405479 0.35700307879596938 1.4579260725295164 0.95321755367331196 0.45027376268990593 1.2291033421643138 6.8513232378754712 0.37967981211841106 0.79480270331259806 0.49779306794516731 1.2803491016384212 0.54348696745000769 1.0801390972919751 1.7022855307441196 0.37831282382831077
leaf_count=14 9 55 21 17 47 120 8 37 17 21 17 34 29 17
internal_value=0.00610477 0.00935428 -0.0194451 0.0140254 -0.0175934 0.0189049 0.0215008 0.00295777 0.0179276 0.0295226 0.0047625 -0.0329598 0.0296912 -0.00331583
internal_weight=18.714 17.2769 2.41114 14.8657 1.98743 12.8783 12.428 3.75287 2.95807 8.67516 1.82384 1.43714 2.46028 0.757993
internal_count=463 420 76 344 61 283 266 108 71 158 38 43 54 25
is_linear=0
shrinkage=0.05


Tree=115
num_leaves=15
num_cat=0
split_feature=44 57 173 35 149 181 4 174 4 10 33 18 83 92
split_gain=0.991478 1.12197 0.998431 1.31754 0.931024 0.901638 0.823394 0.793394 0.740833 0.781286 0.614076 0.639732 0.476088 0.412846
threshold=815.00000000000011 1.0000000180025095e-35 -0.0041335934842161087 2.5000000000000004 -0.064203905420435706 0.084654908661199638 4.5000000000000009 -0.013624562452791152 16.500000000000004 184534.50000000003 4.5000000000000009 4501.5000000000009 -0.078835668454925914 -0.045659816143358956
decision_type=2 2 2 2 2 2 8 2 10 2 2 10 2 2
left_child=5 2 3 7 -3 10 12 -2 -6 -10 -1 -12 -4 -8
right_child=1 4 6 -5 8 -7 13 -9 9 -11 11 -13 -14 -15
leaf_value=0.034870641582907674 -0.032266718676561855 0.0307043485383393 0.044387668192687413 -0.040557538700123665 -0.052314000883374207 -0.033845951449739342 -0.012630765844354647 0.040025462989023153 -0.052734506328150854 0.034205303244433459 -0.040925871362336802 0.031772378128804887 -0.051413557193257131 0.043953375617539217
leaf_weight=5.4707490059081492 0.52646422816906113 0.65521101444028351 0.18063605297356844 1.7310640870127825 2.0670880029210825 0.65232139779254783 0.36285570869222361 1.3598572735209029 0.43498115870170273 0.63660246692597866 0.6037090867757795 0.60675861686468124 0.45975315244868165 2.8883246267214413
leaf_count=97 14 14 3 63 96 16 10 21 20 9 15 11 32 42
internal_value=0.00794471 -0.00134482 0.00985262 -0.00905794 -0.0235071 0.0222622 0.0274308 0.019849 -0.034824 -0.00108562 0.0277404 -0.00448517 -0.0243907 0.0376382
internal_weight=18.6364 11.3028 7.50896 3.61739 3.79388 7.33354 3.89157 1.88632 3.13867 1.07158 6.68122 1.21047 0.640389 3.25118
internal_count=463 324 185 98 139 139 87 35 125 29 123 26 35 52
is_linear=0
shrinkage=0.05


Tree=116
num_leaves=15
num_cat=0
split_feature=114 162 76 15 118 73 45 32 144 6 157 117 50 177
split_gain=1.00769 1.51412 0.794235 0.968094 1.4861 0.932958 1.14083 0.85115 0.697165 0.611571 0.478761 0.592657 0.451478 0.401592
threshold=0.083345056092522712 -0.074597380204913868 0.11197561041702694 60792.000000000007 -0.029273257603148129 0.30289927619027274 0.033418267745802914 1.5000000000000002 -0.0064418039802474807 140.50000000000003 -1.0000000180025095e-35 0.023269055266410456 0.0096840226268135651 0.017088750940401184
decision_type=2 2 2 2 2 2 2 8 2 8 2 2 2 2
left_child=2 -2 3 4 8 6 10 -8 -1 -6 11 -5 -7 -14
right_child=1 -3 -4 5 9 12 7 -9 -10 -11 -12 -13 13 -15
leaf_value=-0.051633447274250704 0.026079923076477642 -0.051257445952052297 0.036244584331220929 -0.04247830143459809 0.0078188385824386284 -0.012211764395050584 0.034101424315834482 -0.048649300944465235 0.036498252751188703 -0.051889018020852141 0.046921246246031147 0.029896606311094216 0.047131636400125645 0.013497658748478695
leaf_weight=0.26668961322866391 1.0213508736342194 1.6639528817031521 2.6523286090232423 0.47782056313008092 0.55326443840749562 0.536395187024027 0.39555784873664346 1.4492536999750882 1.414895161055028 1.9074314937461196 1.0450202231295387 0.6932345312088728 2.8227235784288496 1.2945120790973303
leaf_count=16 17 127 40 14 16 14 6 47 25 56 14 10 38 23
internal_value=0.00643656 -0.0218423 0.0113329 0.00619363 -0.0137069 0.015653 -0.00186021 -0.0309062 0.0225211 -0.0384643 0.0223196 0.000365785 0.0309354 0.0365567
internal_weight=18.1944 2.6853 15.5091 12.8568 4.14228 8.71452 4.06089 1.84481 1.68158 2.4607 2.21608 1.17106 4.65363 4.11724
internal_count=463 144 319 279 113 166 91 53 41 72 38 24 75 61
is_linear=0
shrinkage=0.05


Tree=117
num_leaves=15
num_cat=0
split_feature=45 32 86 71 179 179 5 148 183 114 166 149 61 114
split_gain=0.918386 1.15147 1.01956 0.80141 0.79631 0.741976 0.748462 0.939987 0.672051 0.562085 0.777212 0.501138 0.47065 0.452879
threshold=0.003162589696303808 3.5000000000000004 0.21454601405878995 0.53571428571428581 0.055718305993816532 -0.099161658769520114 7.5000000000000009 -0.015445755173346324 -0.05363481190831302 -0.053952009071813363 1.0000000180025095e-35 0.0054610145099164955 332.50000000000006 -0.12389786981214017
decision_type=2 10 2 8 2 2 8 2 2 2 2 2 2 2
left_child=4 3 -3 5 13 -2 7 12 -9 -8 11 -11 -7 -1
right_child=1 2 -4 -5 -6 6 9 8 -10 10 -12 -13 -14 -15
leaf_value=0.04485016668788238 -0.052316658051183851 -0.048981998460079834 0.052513018838367891 -0.040633777492132879 -0.025702021726607013 -0.030013022973793199 0.039799854681575708 0.020455312413043145 -0.05338079989430955 0.042999521005895047 -0.032893359563347727 -0.011924309513114238 0.040553765790911959 0.016009757946859642
leaf_weight=2.3964074030518532 0.45356732164509495 1.8257136805914336 0.28622911870479573 0.85797563963569778 0.77294497611001123 0.3092892165295783 2.806453600060193 0.42176999244838942 1.1443014028482092 1.2957763224840193 0.81683833035640407 0.61121545755304385 1.0010559628717599 3.1510072685778168
leaf_count=34 19 79 2 47 20 14 35 15 43 20 40 15 20 63
internal_value=0.00645636 -0.00176441 -0.0352265 0.00550748 0.0218437 0.00997552 0.0133364 -0.00735026 -0.0334955 0.0240959 0.00791565 0.0253957 0.0238974 0.0284684
internal_weight=18.1505 11.8302 2.11194 9.71824 6.32036 8.86027 8.4067 2.87642 1.56607 5.53028 2.72383 1.90699 1.31035 5.54741
internal_count=466 349 81 268 117 221 202 92 58 110 75 35 34 97
is_linear=0
shrinkage=0.05


Tree=118
num_leaves=15
num_cat=0
split_feature=57 50 144 51 10 125 156 159 76 183 174 79 138 7
split_gain=0.79135 1.01242 0.870552 0.96508 0.989011 0.887363 0.673489 0.649962 0.781222 0.728759 0.641272 0.641058 0.726834 0.503147
threshold=-1.0000000180025095e-35 0.0099634738744987638 0.06270862257990821 -0.011603304443421556 268571.00000000006 0.046809333433789409 -0.17651507497774879 -0.0071518354135233142 0.14369877066625725 -0.068695601576733614 0.019399158274008194 0.081737606394265319 -0.054486809386029809 529.50000000000011
decision_type=2 2 2 2 2 2 2 2 2 2 2 2 2 10
left_child=1 -1 3 5 13 7 -3 8 9 -2 -6 -8 -13 -5
right_child=2 6 -4 4 10 -7 11 -9 -10 -11 -12 12 -14 -15
leaf_value=-0.041875139464164247 0.036627209442237824 -0.052470451215932717 -0.053844034121018416 0.040704519335406919 0.023201625247943648 -0.042722914721937892 0.031062795946181262 0.037170959136531977 0.048179711543867153 -0.044473814564426561 -0.042923453207332242 0.048349483664933489 -0.051987323452206947 -0.053054028027933964
leaf_weight=0.6490168034797551 0.38887547445483461 0.28372897254303087 0.76911584846675474 0.15683887759223347 1.4628125836607067 0.59205698408186425 6.6668447572737932 2.8855191402835763 0.58119982853531826 0.96277641062624775 0.48928647162392724 0.27897872496396303 0.51126081123948086 1.6324322866275904
leaf_count=39 9 10 29 3 32 20 117 46 9 32 17 4 25 78
internal_value=0.00680627 0.0181094 -0.0027525 0.00154122 -0.0179841 0.0150432 0.0231388 0.0221412 -0.000296389 -0.0211407 0.00662762 0.0260156 -0.0165654 -0.0448356
internal_weight=18.3107 8.38983 9.92091 9.1518 3.74137 5.41043 7.74081 4.81837 1.93285 1.35165 1.9521 7.45708 0.79024 1.78927
internal_count=470 195 275 246 130 116 156 96 50 41 49 146 29 81
is_linear=0
shrinkage=0.05


Tree=119
num_leaves=15
num_cat=0
split_feature=154 20 114 32 29 41 76 180 93 79 180 79 5 63
split_gain=0.931525 0.842071 0.925667 1.04492 1.08436 1.31297 1.03117 0.986468 0.984498 0.836522 0.658597 0.65182 0.464933 0.393653
threshold=0.22739722625178863 786.00000000000011 -0.1530350027884548 3.5000000000000004 3.5000000000000004 0.17203687143095009 -0.042209831834461906 -0.02386231310181931 -0.025052432023524519 -0.14083903270467804 0.14906689993032238 -0.14083903270467804 8.5000000000000018 927.50000000000011
decision_type=2 2 2 10 2 10 2 2 2 2 2 2 10 2
left_child=1 -1 7 4 6 12 10 8 -3 -5 -4 -8 -6 -13
right_child=-2 2 3 9 5 -7 11 -9 -10 -11 -12 13 -14 -15
leaf_value=-0.051611328621211032 -0.041951085032223515 0.041270671088806332 -0.041755101875947755 0.050992594863985878 -0.05215704716381863 0.03415216383707928 -0.053419932379169532 0.042768424742854132 -0.037349940028264361 -0.052190213537404398 0.049107454963997016 0.040506687042345307 0.015748558064634099 0.0055807628307250568
leaf_weight=0.57907442119904473 1.0081554471980769 0.68431246466934681 0.93973174772691048 0.23111756937578309 1.5940564030315729 0.82525227777659882 0.22793285863008428 3.4006485585123327 0.95229907892644383 1.3086750598158676 0.25315393693745136 3.8070037958677787 0.29941522143781174 1.0237376613076774
leaf_count=42 46 10 46 3 87 12 6 45 15 62 3 61 5 22
internal_value=0.00467575 0.00759066 0.00979569 0.00134945 0.00788131 -0.0184799 0.0193455 0.0274185 -0.00447649 -0.0367028 -0.0224723 0.0292065 -0.0414191 0.0331051
internal_weight=17.1346 16.1264 15.5473 10.5101 8.97028 2.71872 6.25156 5.03726 1.63661 1.53979 1.19289 5.05867 1.89347 4.83074
internal_count=465 419 377 307 242 104 138 70 25 65 49 89 92 83
is_linear=0
shrinkage=0.05


Tree=120
num_leaves=15
num_cat=0
split_feature=29 162 81 92 137 41 64 125 42 161 126 45 25 50
split_gain=0.845979 0.895617 0.890507 0.880971 0.774269 0.761425 0.776378 0.624622 0.730052 0.622209 0.44183 0.438145 0.726565 0.691563
threshold=3.5000000000000004 0.073358729487454755 0.037301435856055165 0.042696732577315301 -0.065145939158360047 0.14997043338333915 11.500000000000002 0.046809333433789409 0.60142814203504324 -0.041828361921844297 0.061229424740316653 0.1503513466902264 -717.99999999999989 0.015878498858531317
decision_type=2 2 2 2 2 10 2 2 2 2 2 2 2 2
left_child=1 4 5 -3 -1 6 10 11 -9 -8 -2 12 -6 -13
right_child=2 3 -4 -5 7 -7 9 8 -10 -11 -12 13 -14 -15
leaf_value=-0.030619458156003806 -0.051836780041066302 -0.047180198660758677 -0.052559803697606745 0.031841274642685387 0.046786550436398087 0.029251722634443506 -0.051846915897458636 -0.03284109551249189 0.043111263487102314 0.030021558500821017 0.016709529402749747 -0.051503088200515516 0.011786361251076731 0.025063185907037773
leaf_weight=0.68266599718481202 1.2322541036410251 1.0184170592110593 0.93925739743281145 0.53957371646538366 4.5006326902657721 1.5552713167853651 0.29375730641186226 0.91114559536799677 0.48467915202490985 1.1054161558859048 0.29050848423503328 0.39304621284827579 2.211300313007091 1.1812229759525505
leaf_count=17 71 38 42 11 63 25 12 33 11 25 11 34 55 22
internal_value=0.00808901 0.015533 -0.00829669 -0.019813 0.0208461 0.000989109 -0.0140544 0.0244749 -0.00646778 0.0128332 -0.0387597 0.0296872 0.0352555 0.00594696
internal_weight=17.3391 11.9227 5.41646 1.55799 10.3647 4.47721 2.92194 9.68203 1.39582 1.39917 1.52276 8.2862 6.71193 1.57427
internal_count=470 284 186 49 235 144 119 218 44 37 82 174 118 56
is_linear=0
shrinkage=0.05


Tree=121
num_leaves=15
num_cat=0
split_feature=17 158 97 187 81 137 39 86 53 164 46 177 109 146
split_gain=0.886993 0.888935 0.749724 0.919812 0.733709 0.690288 0.618893 0.553779 0.95517 0.728718 0.609769 0.657793 0.397904 0.382362
threshold=284275.00000000006 0.11409188990170875 0.093204016945575188 0.076213488248341163 0.051792595530520735 -0.065145939158360047 0.0010743798346003607 0.025302954240281356 -0.32850405405877597 -0.085453910823147225 139.46818806535694 -0.070462624999525617 -0.04849957754365445 -0.024124245739962139
decision_type=10 2 2 2 2 2 2 2 2 2 2 2 2 2
left_child=1 2 3 4 5 12 -7 8 9 13 11 -11 -1 -8
right_child=-2 -3 -4 -5 -6 6 7 -9 -10 10 -12 -13 -14 -15
leaf_value=0.020362553926769705 0.049345269522789038 -0.042287268374740082 -0.03543132069438177 -0.036729735670355319 -0.028193672100597603 -0.051671737553760283 0.018018991265211819 0.038222212313703346 -0.04122023810977498 -0.025807991549728133 -0.017275200193147999 0.041252707025084066 -0.053067209579338574 -0.052685159853082787
leaf_weight=0.28216679953038692 1.0793426614254702 1.0352916666306544 1.0251281892415125 1.0140074256341893 0.99678104731720019 0.2910721807274993 0.32152007613331079 3.5130542474798858 0.70905090414453731 0.40508780255913102 0.65197588293813158 3.7582623560447299 0.53295618831179759 0.47182068671099298
leaf_count=5 15 51 38 47 50 21 7 56 41 13 15 64 18 16
internal_value=0.00556586 0.00241738 0.00572968 0.00898857 0.0128732 0.016616 0.0201807 0.0223081 0.0134589 0.0203714 0.0276868 0.0347278 -0.0276484 -0.0240306
internal_weight=16.0875 15.0082 13.9729 12.9478 11.9337 10.937 10.1218 9.83077 6.31772 5.60867 4.81533 4.16335 0.815123 0.793341
internal_count=457 442 391 353 306 256 233 212 156 115 92 77 23 23
is_linear=0
shrinkage=0.05


Tree=122
num_leaves=15
num_cat=0
split_feature=154 113 148 17 128 93 53 44 161 19 104 138 133 92
split_gain=1.12704 0.768343 0.841837 0.973383 0.949854 0.774753 0.862352 0.81265 0.759422 0.639469 0.638103 0.612509 0.592844 0.578796
threshold=0.22739722625178863 0.26246389463434311 -0.03770861946287872 249865.00000000003 0.02383650658720211 -0.051715844508902119 -1.4224455810633994 45822.500000000007 0.19872980884669558 9644.0000000000018 -0.060932130833464902 -0.011382031869784717 0.012744794245279328 -1.0000000180025095e-35
decision_type=2 2 2 10 2 2 2 2 2 2 2 2 2 2
left_child=1 12 4 5 -3 11 7 9 10 -7 -8 -4 -1 -13
right_child=-2 2 3 -5 -6 6 8 -9 -10 -11 -12 13 -14 -15
leaf_value=-0.0058989054422620849 -0.05143922408838987 0.034854048019090152 0.050433957188444789 0.051593381955297515 -0.039156134240033863 -0.005515777779946919 0.0039223024810225247 -0.052161966516261177 0.043254381471563089 0.047303265656538591 -0.046523119423847813 0.031734680425542131 0.049413647471200577 -0.052275031783105844
leaf_weight=0.67560321348719421 0.85039253800641823 2.9581650418695058 0.8683679960668087 0.70919602736830789 0.50796837045345444 1.3224267817568014 0.78001620178110709 0.51247423049062479 0.32167778839357186 1.0112055055797098 3.1931975391926275 0.41450770478695631 1.7119980666320769 0.40568716544657746
leaf_count=16 49 59 10 9 27 42 27 22 5 16 143 11 23 17
internal_value=0.00459503 0.00769077 0.00290424 -0.00476421 0.0240077 -0.00929089 -0.016493 0.00485135 -0.0306373 0.0173717 -0.0366197 0.0211672 0.0337622 -0.00981845
internal_weight=16.2429 15.3925 13.0049 9.53876 3.46613 8.82956 7.141 2.84611 4.29489 2.33363 3.97321 1.68856 2.3876 0.820195
internal_count=476 427 388 302 86 293 255 80 175 58 170 38 39 28
is_linear=0
shrinkage=0.05


Tree=123
num_leaves=15
num_cat=0
split_feature=114 162 140 171 146 143 114 124 19 72 82 191 43 39
split_gain=1.18324 0.833969 0.751462 0.72482 0.784358 0.73033 0.634939 0.561069 0.551343 0.944366 0.576708 0.530603 0.502969 0.308633
threshold=-0.005922442094324072 -0.065725185556109719 -0.066769984739264945 0.029316485412417409 -0.066366255136829269 0.040304247438490072 -0.098186721360068521 -0.037984348708870359 1618.0000000000002 1.0000000180025095e-35 0.094297068884226606 0.14085464593216068 1.0749444944286266 0.044161454269690016
decision_type=2 2 2 2 2 2 2 2 2 8 2 2 2 2
left_child=3 7 -3 4 -1 6 12 -2 9 -6 -10 -4 13 -5
right_child=1 2 11 5 8 -7 -8 -9 10 -11 -12 -13 -14 -15
leaf_value=-0.055185311477777214 -0.038753661770602757 0.022171338013845111 -0.051164581872645866 0.0063334619040502915 0.03032826933877987 -0.052965083773259619 -0.04164452389589568 0.029476273938784405 0.036717330877498858 -0.052547011741931687 -0.0093436627115669225 0.052288153007728488 -0.020156903788507128 0.051166245767647778
leaf_weight=0.3147197887301435 0.40126395830884565 0.50797632755711797 2.1267030189046614 0.64613810414448491 0.85848730779253091 0.64591042813844968 0.55668485607020457 1.2095218922477222 5.8478975798934698 0.57328484253957879 0.7689150646328925 0.13161443173885334 0.61866603139787901 0.94576112739741802
leaf_count=6 16 15 193 12 18 18 22 29 97 18 18 1 13 15
internal_value=0.00607498 -0.0161216 -0.0327758 0.014325 0.0222494 -0.00509224 0.00608188 0.0124795 0.0252773 -0.00285518 0.0313648 -0.0451354 0.0181008 0.032969
internal_weight=16.1535 4.37708 2.76629 11.7765 8.3633 3.41316 2.76725 1.61079 8.04858 1.43177 6.61681 2.25832 2.21057 1.5919
internal_count=491 254 209 237 157 80 62 45 151 36 115 194 40 27
is_linear=0
shrinkage=0.05


Tree=124
num_leaves=15
num_cat=0
split_feature=25 46 45 132 152 130 29 116 136 162 179 90 115 115
split_gain=0.804819 0.998111 0.928703 1.04555 0.704298 0.671051 0.682023 0.766054 0.666066 0.640846 0.507751 0.458513 0.45647 0.425048
threshold=-911.99999999999989 38.008027828024311 0.16181830593333385 0.043501260265728127 0.041844688088305403 -0.070267225079366544 3.5000000000000004 0.02807884105423496 0.033898473545679 0.065943938817539488 -0.010257174175025925 0.062893593808780721 0.12708906172165449 0.0038809018782709555
decision_type=2 2 2 2 2 2 2 2 2 2 2 2 2 2
left_child=2 4 5 11 8 -1 9 10 12 -7 -8 -4 -2 -9
right_child=1 -3 3 -5 -6 6 7 13 -10 -11 -12 -13 -14 -15
leaf_value=-0.04432317246382779 -0.045861839032323347 -0.046523944479420022 -0.04903797177782887 0.034975393623478408 0.03449873019730057 0.039163529983488043 0.012260059158456566 -0.011617891294146357 0.032918919321419077 -0.017741233379005416 -0.052732915025578947 0.014263484014264142 0.026960301692952285 0.049763986417435749
leaf_weight=0.38423304166644623 1.1748194675892603 1.4863272442016748 1.3770216079428785 0.74306645547039796 1.1431760438717899 4.8454020074568689 0.50923531269654632 0.42433660198003031 0.53287194739095856 0.55102777760475863 0.73316088458523176 0.36107546824496228 0.26344758342020203 0.84098116727545857
leaf_count=9 56 105 61 14 24 83 11 19 16 20 25 13 6 13
internal_value=0.00469252 -0.0128127 0.0121706 -0.0146653 0.00327614 0.0202041 0.0233408 0.00179535 -0.0148316 0.033353 -0.0260935 -0.0358876 -0.032523 0.029179
internal_weight=15.3702 4.60064 10.7695 2.48116 3.11432 8.28838 7.90414 2.50771 1.97114 5.39643 1.2424 1.7381 1.43827 1.26532
internal_count=475 207 268 88 102 180 171 68 78 103 36 74 62 32
is_linear=0
shrinkage=0.05


Tree=125
num_leaves=15
num_cat=0
split_feature=97 39 32 172 23 116 62 101 122 122 79 113 105 122
split_gain=0.905164 0.784212 0.759942 0.847312 0.647861 0.73139 0.790798 0.615159 0.626275 0.577512 0.525918 0.522808 0.512034 0.491316
threshold=0.099603722809555359 0.076537979146676344 3.5000000000000004 -0.088802618951549381 -1639.9999999999998 0.11461627223152643 289.50000000000006 -0.068719680337450531 0.045649824137835977 -0.06793134343808481 0.045661762317929143 0.2654903026380509 0.00095939116296250664 -0.017591693409089209
decision_type=2 2 8 2 2 2 2 2 2 2 2 2 2 2
left_child=1 2 7 -4 5 6 11 -1 9 -9 -3 -5 -12 -8
right_child=-2 10 3 4 -6 -7 13 8 -10 -11 12 -13 -14 -15
leaf_value=-0.031862273050784158 -0.053090235746912885 0.039069220293995906 0.029209389438905151 0.011840649382748914 -0.051716707438291147 0.034757739349127029 -0.033893164858950386 -0.051072072549876696 -0.023149480256505772 0.038344922057082703 -0.039567307433041071 -0.04688764505955309 0.032791784961033112 0.029496301298382641
leaf_weight=0.52665357897058118 0.59422175516374487 3.0417742724530408 1.3018638144712893 0.47520409151911724 1.0148528402205572 0.83533008059021074 0.42714728985447425 0.1909965991508219 0.56766075780615199 3.3098192012403134 0.48485298873856653 1.8709830031730232 0.49315750831738114 1.0749420444481073
leaf_count=22 30 51 31 8 68 16 20 15 20 63 13 93 12 30
internal_value=0.00747862 0.00978351 0.00318615 -0.0071845 -0.015499 -0.00765129 -0.0168569 0.018985 0.0255671 0.0334665 0.0288142 -0.0349926 -0.00308055 0.0114703
internal_weight=16.2095 15.6152 11.5955 7.00032 5.69846 4.68361 3.84828 4.59513 4.06848 3.50082 4.01978 2.34619 0.97801 1.50209
internal_count=492 462 386 266 235 167 151 120 98 78 76 101 25 50
is_linear=0
shrinkage=0.05


Tree=126
num_leaves=15
num_cat=0
split_feature=45 75 94 125 114 149 164 161 41 131 33 162 41 89
split_gain=1.23558 0.635045 0.638648 0.572805 0.722302 0.69546 0.639264 0.454724 0.477727 0.432089 0.42344 0.547628 0.403124 0.347264
threshold=0.092166099631665069 0.072600704720359302 0.065025681029435886 0.010535074477891421 -0.020235266643599908 0.067592471916966504 -0.00077760325884493537 -0.086713343882882418 0.1384253428350822 -0.026156724084992398 4.5000000000000009 -0.044372763655249177 0.071087849536872444 -0.10562232706406451
decision_type=2 2 2 2 2 2 2 2 8 2 2 2 10 2
left_child=1 2 7 4 6 -5 12 8 -1 -4 13 -12 -2 -9
right_child=3 -3 9 5 -6 -7 -8 10 -10 -11 11 -13 -14 -15
leaf_value=-0.051829140771279349 -0.052408535265497658 -0.033644130423297967 0.035218908190763024 -0.049262019642537319 -0.050738500137618582 0.043071571015600628 0.033114178117384339 -0.052015979889899124 0.028162767523783123 -0.045616644401252106 0.044497670220970231 -0.023803409025501963 0.015698390578297635 0.03471708496681785
leaf_weight=0.38763747666962167 0.48007835075259242 0.59690153505653221 0.2309523792937398 1.5660878581693394 0.58298651047516736 0.23446770384907711 1.3663233201950786 0.11766893044113746 0.35998516203835607 0.5816603899002083 0.46354302112013102 0.79990028217434861 0.3968866690993309 6.0020262469770396
leaf_count=16 15 34 7 85 70 4 24 4 7 21 9 23 8 136
internal_value=0.00600612 0.0162893 0.0196219 -0.0151972 -0.0011552 -0.0372384 0.0117305 0.0238459 -0.0133125 -0.0226424 0.0276086 0.00125548 -0.0215855 0.0330494
internal_weight=14.1671 9.54028 8.94337 4.62683 2.82627 1.80056 2.24329 8.13076 0.747623 0.812613 7.38314 1.26344 0.876965 6.1197
internal_count=463 257 223 206 117 89 47 195 23 28 172 32 23 140
is_linear=0
shrinkage=0.05


Tree=127
num_leaves=15
num_cat=0
split_feature=121 39 187 25 162 32 101 114 105 114 104 43 164 17
split_gain=0.785494 0.919702 0.882491 0.789706 0.770115 0.72257 0.717523 0.615187 0.666564 0.575086 0.447543 0.404062 0.403507 0.74071
threshold=0.016540648685826127 0.07966109272959572 0.069278755498608471 -328.49999999999994 -0.084481552949098412 1.5000000000000002 -0.081352238203134336 -0.078836979115111019 -0.0373702849982731 0.083345056092522712 -0.052416021912695586 0.34402793201626786 -0.020755245456443385 16077.000000000002
decision_type=2 2 2 2 2 8 2 2 2 2 2 2 2 8
left_child=1 2 3 6 -2 -6 -1 8 -7 12 -10 -11 13 -8
right_child=4 -3 -4 -5 5 7 9 -9 10 11 -12 -13 -14 -15
leaf_value=-0.052154564717383549 0.033594424118244773 0.042392792897642251 -0.045979511892771364 -0.051601883163871154 0.024642796716356753 0.026936638208854585 -0.040523733367925141 -0.051867773880712668 0.019669328921059291 0.052105474566822331 -0.04518213514572747 -0.051862657452572847 0.035169652893481666 0.042179163328847982
leaf_weight=0.34323856676928599 0.95360441273078311 2.5181810685899109 0.70312520372681309 0.4385734663810571 0.88751973444596011 0.8050110358744863 0.54387825215235197 1.3881403330015021 0.34942831844091427 0.12195762246847142 1.1146809887140985 0.39981680596247315 3.8727391136344536 0.53908838471397758
leaf_count=12 22 45 41 40 17 14 30 95 8 1 25 37 83 11
internal_value=0.00777834 0.016498 0.00713233 0.0130985 -0.00725656 -0.0158281 0.0179735 -0.0256493 -0.00961005 0.022368 -0.0297045 -0.0275615 0.027625 0.000644821
internal_weight=14.979 9.4806 6.96242 6.25929 5.49838 4.54478 5.82072 3.65726 2.26912 5.47748 1.46411 0.521774 4.95571 1.08297
internal_count=481 300 255 214 181 159 174 142 47 162 33 38 124 41
is_linear=0
shrinkage=0.05


Tree=128
num_leaves=15
num_cat=0
split_feature=186 50 57 114 91 103 86 47 75 29 32 148 185 161
split_gain=0.803327 0.760445 0.617885 0.643493 0.669019 0.588038 0.551791 0.830057 0.495465 0.471433 0.515817 0.416764 0.375432 0.365949
threshold=-0.064053046870171118 0.010404390942939891 -1.0000000180025095e-35 0.083345056092522712 0.070464084598023682 -0.055228510362196233 -0.011750941788533083 11.272767892945936 -0.068219085375097924 3.5000000000000004 4.5000000000000009 -0.062212766182616418 -0.046913669545989863 0.066422547234080045
decision_type=2 2 2 2 2 2 2 10 2 2 8 2 2 2
left_child=5 8 9 4 6 -1 7 -4 -2 -3 -11 -10 -12 -7
right_child=1 2 3 -5 -6 13 -8 -9 11 10 12 -13 -14 -15
leaf_value=0.032269062330753731 0.01691935968434426 0.034426328727102017 -0.040700891417493244 -0.050954312177240536 -0.038859200200533829 -0.05196409046771925 0.035580079753367723 0.03024565347231389 0.030904251958682419 0.033987300856638418 0.021353418870636728 -0.051524441385631108 -0.052015087010833176 0.014780784137272684
leaf_weight=0.35037287115119387 0.60588256246410299 4.42883379734121 0.7985465519595869 0.51103329530451436 0.63219105289317656 1.1575145089882433 1.8724684580229254 0.85229748394340277 0.18142407946288575 0.65337353060021963 0.26760772988200188 0.99084648350253601 0.5004065688699485 0.24965796945616592
leaf_count=12 17 87 30 55 17 59 40 17 11 17 5 68 24 8
internal_value=0.00592824 0.0104482 0.0155613 0.00199153 0.00850267 -0.0256909 0.0170009 -0.00407262 -0.0197929 0.0263854 0.00133113 -0.0387675 -0.0264505 -0.0401223
internal_weight=14.0525 12.2949 10.5168 4.66654 4.1555 1.75755 3.52331 1.65084 1.77815 5.85022 1.42139 1.17227 0.768014 1.40717
internal_count=467 388 292 159 104 79 87 47 96 133 46 79 29 67
is_linear=0
shrinkage=0.05


Tree=129
num_leaves=15
num_cat=0
split_feature=20 139 91 13 158 53 94 147 43 187 125 113 137 160
split_gain=0.649446 0.890032 0.849113 0.790147 0.771483 0.607358 0.610626 0.599948 0.489065 0.477461 0.477208 0.464691 0.440192 0.404908
threshold=22621.000000000004 -0.048733986071140149 -0.044934600389696371 15072.000000000002 0.111840755448454 -0.35475364288721101 0.087531896870829642 0.039319897923487404 0.54944813047284069 0.030318539339351837 0.048604110522680634 0.26178232041794569 0.085796608788692719 0.03967624624561663
decision_type=2 2 2 2 2 2 2 2 2 2 2 2 2 2
left_child=2 -2 -1 4 5 6 7 10 -3 -10 -4 -9 -7 -11
right_child=1 8 3 -5 -6 12 -8 11 9 13 -12 -13 -14 -15
leaf_value=-0.03738209364802586 -0.029169314078682892 0.045432287416609207 0.03801206453468603 -0.052483684750105578 -0.052623618149475429 -0.051347702902426698 -0.032982952585323834 0.051636822278953443 0.025769739189558213 -0.051452850706390031 -0.014203482953502686 -0.051812830371926771 0.052214326604642806 0.024217440614843627
leaf_weight=1.4303029670845706 0.81069238204509009 2.1346880439668903 3.7770655327476543 0.55214189534308378 0.45883364434121165 0.52172735310159701 0.48917092382907856 0.14921043440699566 2.1436978951096539 0.43839161936193694 0.49490532651543606 0.39839799143373966 0.12772832810878754 0.29625052399933338
leaf_count=78 26 34 81 35 29 48 15 2 57 23 16 23 1 8
internal_value=0.00660596 0.0194372 -0.00229049 0.00491146 0.00984991 0.0146609 0.0202445 0.0256469 0.0272977 0.0138484 0.0319629 -0.0236252 -0.0309802 -0.0209382
internal_weight=14.2232 5.82372 8.39948 6.96918 6.41704 5.95821 5.30875 4.81958 5.01303 2.87834 4.27197 0.547608 0.649456 0.734642
internal_count=476 148 328 250 215 186 137 122 122 88 97 25 49 31
is_linear=0
shrinkage=0.05


Tree=130
num_leaves=15
num_cat=0
split_feature=40 32 114 39 134 7 163 169 77 85 141 133 151 182
split_gain=0.640016 0.649821 0.8375 0.908204 0.83635 0.816894 0.629442 0.589407 0.582305 0.581245 0.484435 0.455514 0.533479 0.52202
threshold=0.011972935074223484 3.5000000000000004 -0.06348449553360698 0.10057818525984112 0.037491066410903877 3160.0000000000005 -0.034859475307715722 0.026200092053425203 0.015957819676040937 -0.05971638757614086 0.012768949282463398 0.016308423205112069 0.0091187215783142105 0.025025987412154806
decision_type=8 10 2 2 2 10 2 2 2 2 2 2 2 2
left_child=-1 2 11 4 5 -4 8 10 -3 -8 -7 12 13 -2
right_child=1 6 3 -5 -6 7 9 -9 -10 -11 -12 -13 -14 -15
leaf_value=-0.051258537418408835 -0.036381286549141689 0.046270336670199697 -0.051149704605199832 0.043420948690384806 -0.052035479014832721 0.029778616488981502 0.014830059645837218 -0.051050312096814911 -0.028129964129797805 -0.046910437769031497 -0.026110438924790643 0.043565078770037818 0.036637225200668193 0.022173369489121388
leaf_weight=0.45212740963324904 0.72555729839950556 0.69536052469629817 0.6037011949811143 1.0275367700960485 0.89193445455748577 2.2483316196594396 0.53343000158201892 0.32558301545213897 0.422957036877051 1.3358309769537289 0.46851876191794861 2.6209565373137593 1.4568427996709941 0.80066288542002439
leaf_count=40 21 13 51 16 61 52 16 32 17 59 26 48 30 17
internal_value=0.00730249 0.0091727 0.0147128 0.000974397 -0.00863661 0.00197983 -0.0115401 0.0125222 0.0181315 -0.0292916 0.0201406 0.0283571 0.0149951 -0.00566322
internal_weight=14.6093 14.1572 11.1696 5.56561 4.53807 3.64613 2.98758 3.04243 1.11832 1.86926 2.71685 5.60402 2.98306 1.52622
internal_count=499 459 354 238 222 161 105 110 30 75 78 116 68 38
is_linear=0
shrinkage=0.05


Tree=131
num_leaves=15
num_cat=0
split_feature=71 32 138 52 119 12 135 30 157 46 52 126 157 165
split_gain=0.616227 0.681887 0.642197 0.740908 0.531619 0.539994 0.727265 0.504864 0.501543 0.796744 0.44673 0.412878 0.417059 0.37304
threshold=4.6192810457516353 3.5000000000000004 0.028101074709458242 -0.043836959683684375 0.052922953168813631 100.50000000000001 0.052477644773763217 3.5000000000000004 -0.056680517723807354 69.134555391686277 -0.01727938567327289 -0.010289260244123006 -0.071378431233041051 0.10728650547789657
decision_type=10 8 2 2 2 2 2 2 2 2 2 2 2 2
left_child=1 8 4 -4 5 -3 7 -7 9 -1 -9 12 -5 -6
right_child=-2 2 3 11 13 6 -8 10 -10 -11 -12 -13 -14 -15
leaf_value=0.030514105130011529 -0.051292269692936446 0.031300589533031775 0.048500282670345118 0.030382178642006454 -0.052064691620643005 -0.039889177918999735 0.043494463849290899 0.037012727809314569 0.03354880497560811 -0.041455274767267854 -0.026117103485576706 -0.053291486806892011 -0.038267434090229438 0.02797460074695704
leaf_weight=0.86448149033822097 0.48980733344797123 2.1464167232625186 0.30694367177784476 0.38713136874139309 0.58402135095093388 1.0912107978947467 0.67891575332032505 0.60603190306574106 2.9622169376816574 0.69270492251962423 0.52126486459746935 1.2398472230415785 0.5162886179750793 0.19391072914004326
leaf_count=25 49 56 6 8 33 57 16 13 79 28 24 49 30 4
internal_value=0.00374641 0.00585395 -0.00267907 -0.0241537 0.00635895 0.0122927 -0.0017883 -0.0156459 0.0214722 -0.00150104 0.00782133 -0.0345587 -0.00884987 -0.0321137
internal_weight=13.2812 12.7914 8.27198 2.45021 5.82177 5.04384 2.89742 2.21851 4.5194 1.55719 1.1273 2.14327 0.90342 0.777932
internal_count=477 428 296 93 203 166 110 94 132 53 37 87 38 37
is_linear=0
shrinkage=0.05


Tree=132
num_leaves=15
num_cat=0
split_feature=85 91 125 50 111 155 164 154 49 155 53 25 95 187
split_gain=0.699299 0.640596 0.562203 0.625466 0.523115 0.632578 0.543443 0.493793 0.536475 0.466547 0.482826 0.429449 0.587001 0.328641
threshold=0.097448945786875033 -0.081415803902085873 0.047241814273166392 0.029461028142482245 0.0506599670033578 -0.036514466176686106 -0.092203698046192967 0.22182451848525017 299.00000000000006 0.08041356844485946 -0.78833792392777358 -407.99999999999994 -0.060945289973553994 0.084280844416517023
decision_type=2 2 2 2 2 2 2 2 2 2 2 2 2 2
left_child=1 -1 4 -4 6 -6 9 11 -9 -3 -11 13 -13 -8
right_child=-2 2 3 -5 5 -7 7 8 -10 10 -12 12 -14 -15
leaf_value=-0.039069241675197507 -0.051561986412585352 -0.051744299716446132 -0.043390121730899497 0.027808627972073358 0.021672105192590101 -0.040007935474959594 0.035488333530841985 0.046898145276098833 -0.052332923876272253 0.047826019332683635 -0.034813068111315633 0.050862248626725365 -0.036398453548601807 -0.004741249294727138
leaf_weight=0.74736445595044543 0.55501751310657788 0.47763782727997284 0.97066656866809242 0.45214260614011437 0.74630049697589129 0.93832981947343685 5.3111439784988717 0.2024780383799224 0.41613710718229413 0.40763932839035988 0.31205602025147527 0.29410583234857768 0.55910882010358154 0.56130917277187098
leaf_count=43 36 24 57 14 21 39 124 4 22 8 17 5 49 17
internal_value=0.00334623 0.0058046 0.00868355 -0.0207645 0.0127807 -0.0126833 0.0178029 0.0228952 -0.0198537 -0.0134323 0.0119942 0.0268272 -0.00631941 0.0316431
internal_weight=12.9514 12.3964 11.6491 1.42281 10.2262 1.68463 8.54162 7.34428 0.618615 1.19733 0.719695 6.72567 0.853215 5.87245
internal_count=480 444 401 71 330 60 270 221 26 49 25 195 54 141
is_linear=0
shrinkage=0.05


Tree=133
num_leaves=15
num_cat=0
split_feature=67 81 114 132 45 177 86 52 45 137 50 4 105 103
split_gain=0.676648 0.669983 0.641674 0.634329 0.629182 0.554856 0.50047 0.492736 0.420856 0.419374 0.41749 0.386612 0.345073 0.304234
threshold=1.0000000180025095e-35 0.02362787415002494 -0.12389786981214017 0.041258278159260565 0.011926926978767847 -0.090871177135244077 -0.047715025448264357 -0.034778246248055332 0.093190533972099462 -0.037233254343047549 0.01329871461439471 8.5000000000000018 0.013367081371031406 0.021686415572504215
decision_type=2 2 2 2 2 2 2 2 2 2 2 10 2 2
left_child=1 2 8 -4 13 -6 -7 -8 -1 -9 11 -11 -10 -2
right_child=4 -3 3 -5 5 6 7 9 12 10 -12 -13 -14 -15
leaf_value=0.051007991537004298 0.041866848395479578 -0.043269915410138027 -0.043074266797542581 0.01932882753619412 -0.051604683006401211 -0.036236880686923136 -0.05294778966743087 -0.024844072039581801 0.037049427908637536 -0.051730585656884591 0.037801835299718207 0.020816024679061417 -0.024455704946010872 0.0073517082244138601
leaf_weight=0.76275391038507201 2.2819185224361722 1.0976165863685308 1.0900439405813815 0.65010737522970874 0.41780303616542358 0.54061626142356534 0.24770839326083649 0.45377394137904081 0.38929317891597748 0.27879894478246647 2.2445190590806305 0.53808204224333167 0.55058111902326345 0.88647846807725716
leaf_count=14 48 63 85 25 27 27 11 27 9 22 51 22 11 31
internal_value=0.00612409 -0.00925382 0.00159109 -0.0197609 0.0149738 0.00340694 0.00874772 0.0152107 0.0234137 0.0200137 0.0266627 -0.00394391 0.00101954 0.0322099
internal_weight=12.4301 4.5404 3.44278 1.74015 7.8897 4.7213 4.3035 3.76288 1.70263 3.51517 3.0614 0.816881 0.939874 3.1684
internal_count=473 207 144 110 266 187 160 133 34 122 95 44 20 79
is_linear=0
shrinkage=0.05


Tree=134
num_leaves=15
num_cat=0
split_feature=162 98 29 183 162 54 144 173 50 171 149 93 35 23
split_gain=0.584092 0.595373 0.548272 0.692165 0.619288 0.586254 0.518025 0.528007 0.488996 0.519703 0.486936 0.4781 0.438447 0.389282
threshold=0.10873561991273094 -0.089381621420127275 3.5000000000000004 -0.066889105883691694 0.029477593461433495 25.500000000000004 0.011671032276685481 -0.033143010318102295 0.013513180374326189 -0.050074495738240181 0.034089292642343769 -0.027814322649894342 4.5000000000000009 -2274.9999999999995
decision_type=2 2 2 2 2 2 2 2 2 2 2 2 2 2
left_child=1 -1 5 -4 6 8 -5 -8 9 -3 -11 -7 -10 -12
right_child=-2 2 3 4 -6 11 7 -9 12 10 13 -13 -14 -15
leaf_value=-0.051660732145232362 -0.039243052785983813 0.036831095972652786 0.04066284156044845 -0.05193431510900081 0.023340493215340385 0.02388583519172624 -0.051989791567838152 0.02330753688496744 0.037775801535043015 -0.0464704968389342 0.039018284299982386 -0.052394172407917529 -0.013485629547493848 -0.032936426882361397
leaf_weight=0.37134179356507857 0.61574294831371013 0.81735259003471616 0.71546886209398541 1.1087397238006813 0.80042066564783443 0.35950058861635625 0.35556555725634098 0.67442795436363645 4.5736021713819355 0.62047462072223225 0.50889223976992071 0.47927258280105878 0.4589971126988529 0.29806396970525384
leaf_count=24 41 21 20 65 36 10 17 26 109 47 12 22 20 11
internal_value=0.0082652 0.0106744 0.0126409 -0.00344029 -0.0141762 0.0198822 -0.0282168 -0.00268596 0.0244443 0.00503798 -0.0131669 -0.0197003 0.0331005 0.0124405
internal_weight=12.7579 12.1421 11.7708 3.65462 2.93915 8.11616 2.13873 1.02999 7.27738 2.24478 1.42743 0.838773 5.0326 0.806956
internal_count=481 440 416 164 144 252 108 43 220 91 70 32 129 23
is_linear=0
shrinkage=0.05


Tree=135
num_leaves=15
num_cat=0
split_feature=38 71 85 146 81 187 53 29 40 40 133 33 192 8
split_gain=0.597651 0.561907 0.537454 0.54146 0.50188 0.462184 0.721031 0.665499 0.488821 0.428976 0.410621 0.408352 0.510166 0.396961
threshold=0.021042927503601667 45.750000000000007 0.11349631327413777 0.062278837926741208 0.070240136849598914 0.027800883151843921 -0.24773035008653618 2.5000000000000004 0.16471384810546694 0.13702839684129173 -0.083591281873988024 3.5000000000000004 -0.053938271445221619 79807.000000000015
decision_type=2 8 2 2 2 2 2 2 10 10 2 2 2 2
left_child=-1 2 3 4 5 6 11 -7 -9 -5 -6 -2 -13 -14
right_child=1 -3 -4 9 10 7 -8 8 -10 -11 -12 12 13 -15
leaf_value=-0.051545564406827331 0.036913998550382535 -0.051256934051847648 -0.051763368392389542 -0.052511771202763347 0.050865176687209572 0.020009811893204624 -0.030219237571096621 -0.052340466686833759 0.029314742148758462 0.027331923608517744 -0.04255345580189708 -0.051585859108040921 -0.025544849744952136 0.035878635580548719
leaf_weight=0.47475444944575507 4.2588257896713859 0.41688062879256982 0.36498129751999009 0.57669769710628394 0.14435748942196369 1.4263405086239802 0.57001615536864481 0.77313814358785726 0.24023351958021522 0.23750740964896977 0.63530170056037683 0.29714513383805741 0.35064633982256044 1.0527957286685703
leaf_count=48 103 36 21 30 3 47 36 47 5 6 34 11 12 31
internal_value=0.00341578 0.00571578 0.00788917 0.00995033 0.0132219 0.0165667 0.0235047 -0.00200156 -0.032983 -0.029221 -0.0252566 0.0286433 0.0079309 0.0205321
internal_weight=11.8196 11.3449 10.928 10.563 9.7488 8.96914 6.52943 2.43971 1.01337 0.814205 0.779659 5.95941 1.70059 1.40344
internal_count=470 422 386 365 329 292 193 99 52 36 37 157 54 43
is_linear=0
shrinkage=0.05


Tree=136
num_leaves=15
num_cat=0
split_feature=120 137 67 39 113 23 148 155 66 38 166 96 125 62
split_gain=0.537573 0.623452 0.717903 0.550824 0.900993 0.545719 0.531069 0.506866 0.495431 0.477504 0.469519 0.419977 0.413495 0.367947
threshold=0.094362281663422878 0.023443802460956724 1.0000000180025095e-35 0.11004772180241519 0.29770640161602729 -1615.9999999999998 -0.03692624576283611 -0.15081072121581438 10.500000000000002 0.02177879541253374 0.017722017808495038 0.083043032149484733 0.048604110522680634 245.50000000000003
decision_type=2 2 2 2 2 2 2 2 2 2 2 2 2 2
left_child=1 3 -3 4 5 9 13 -7 10 -1 -4 -8 -11 -6
right_child=-2 2 8 -5 6 7 11 -9 -10 12 -12 -13 -14 -15
leaf_value=-0.052304243414484856 0.039168748541689773 -0.048903273988913441 -0.052097366475985812 0.045013591241338413 -0.051424296158096509 0.034780023532151809 -0.046694756654574426 -0.051463247643862821 0.030880845228976186 0.034535590359872505 0.016787405241524413 0.032445518978923914 -0.014166190688773934 0.036866346258307953
leaf_weight=0.19418280723038961 1.0668156915344305 1.1323896831599995 0.5599567516474051 0.94878027401864518 0.15413631050614673 0.25832992698997259 1.4030107097933067 0.50032467843266148 0.81141289183869969 3.2903008315479387 0.44312977837398648 0.19038538628956292 0.50237847643438716 0.50338963395915926
leaf_count=9 27 56 24 16 15 9 103 43 24 81 22 9 18 18
internal_value=0.00529574 0.00197808 -0.017664 0.00926333 0.00441527 0.0167728 -0.0216375 -0.0220965 0.00183182 0.0241692 -0.0216664 -0.0372388 0.0280846 0.0161694
internal_weight=11.9589 10.8921 2.94689 7.94522 6.99644 4.74552 2.25092 0.758655 1.8145 3.98686 1.00309 1.5934 3.79268 0.657526
internal_count=474 447 126 321 305 160 145 52 70 108 46 112 99 33
is_linear=0
shrinkage=0.05


Tree=137
num_leaves=15
num_cat=0
split_feature=114 162 57 103 114 101 123 162 162 99 102 43 44 145
split_gain=0.718271 0.712217 0.725777 0.551013 0.554186 0.572419 0.624196 0.489743 0.495513 0.405336 0.455918 0.397941 0.35554 0.350922
threshold=-0.16932115209060791 0.065943938817539488 -1.4999999999999998 0.060995302949054912 0.083345056092522712 0.055941581461002345 0.064048984412839141 -0.025590481316014404 -0.066748256916240575 0.014987838881748594 0.016051936619680844 0.1641737697078928 8682.5000000000018 -0.00048686121884984943
decision_type=2 2 2 2 2 2 2 2 2 2 2 2 2 2
left_child=-1 2 9 4 5 6 7 8 12 10 13 -6 -4 -2
right_child=1 -3 3 -5 11 -7 -8 -9 -10 -11 -12 -13 -14 -15
leaf_value=0.025506663466977698 -0.026332199002644219 -0.041354699813935351 0.047452376564796568 -0.051544967582768102 0.051320303757370039 -0.051572480040181869 -0.038983929963179571 0.034590373381681278 -0.05242160132470406 0.04359356394817486 -0.039987299963773294 -0.051168758880713962 -0.022319114567894816 0.042365311377187055
leaf_weight=2.9704083576798448 0.25573899049777538 1.0579733164631751 0.42359643802046776 0.64243574906140555 0.10808954201638687 0.39798750134650607 0.52431172609794874 2.0328896711580482 0.38614416401833096 1.3078800008515825 0.40323512488976121 0.7652433134499006 0.3209169894689694 0.68067468423396194
leaf_count=66 13 73 9 45 2 23 20 59 20 30 23 86 13 16
internal_value=0.00409955 -0.00273263 0.00222075 -0.00797528 -0.00233105 0.0053965 0.0115445 0.0199188 -0.00646015 0.0237934 0.00446277 -0.038484 0.0173779 0.0236037
internal_weight=12.2775 9.30712 8.24914 5.60162 4.95918 4.08585 3.68786 3.16355 1.13066 2.64753 1.33965 0.873333 0.744513 0.936414
internal_count=498 432 359 277 232 144 121 101 42 82 52 88 22 29
is_linear=0
shrinkage=0.05


end of trees

feature_importances:
今後のDX展望_svd1=122
アンケート７=56
売上高経常利益率=50
従業員数=40
減価償却費率=40
組織図_svd9=40
有利子負債比率=35
アンケート４=33
組織図_svd34=32
ROA=31
売上高営業利益率=25
企業概要_svd2=25
有形固定資産変動率=24
当期純利益=21
企業概要_svd25=21
今後のDX展望_svd12=21
企業概要_svd8=19
今後のDX展望_svd32=19
戦略実感ギャップ=18
ROE=17
ソフトウェア投資対有形固定資産比=17
負債比率=16
企業概要_svd6=16
企業概要_svd24=16
今後のDX展望_svd0=16
今後のDX展望_svd13=16
組織図_svd26=16
無形固定資産変動(ソフトウェア関連)=15
無形固定資産変動率=15
組織図_svd13=15
組織図_svd20=15
営業CF=14
DX部署有無_組織図=14
企業概要_svd13=14
企業概要_svd38=14
今後のDX展望_svd19=14
組織図_svd1=14
企業概要_svd3=13
今後のDX展望_svd20=13
今後のDX展望_svd26=13
今後のDX展望_svd33=13
組織図_svd21=13
自己資本比率=12
企業概要_svd0=12
企業概要_svd17=12
企業概要_svd33=12
今後のDX展望_svd6=12
今後のDX展望_svd8=12
今後のDX展望_svd25=12
今後のDX展望_svd31=12
組織図_svd4=12
組織図_svd16=12
一人当たり売上=11
一人当たり営業利益=11
今後のDX展望_svd17=11
今後のDX展望_svd24=11
今後のDX展望_svd36=11
組織図_svd0=11
事業所数=10
資本金=10
長期借入金=10
純資産=10
有利子負債=10
企業名_len=10
企業概要_svd20=10
企業概要_svd32=10
今後のDX展望_svd7=10
今後のDX展望_svd9=10
組織図_svd27=10
営業利益=9
アンケート８=9
今後のDX展望_len=9
DXキーワード数_DX展望=9
企業概要_svd18=9
企業概要_svd28=9
企業概要_svd30=9
今後のDX展望_svd21=9
今後のDX展望_svd28=9
組織図_svd2=9
組織図_svd25=9
組織図_svd30=9
組織図_svd33=9
自己資本=8
経常利益=8
アンケート２=8
流動資産比率=8
企業概要_svd7=8
企業概要_svd9=8
企業概要_svd19=8
今後のDX展望_svd10=8
今後のDX展望_svd16=8
今後のDX展望_svd37=8
組織図_svd3=8
組織図_svd6=8
組織図_svd11=8
組織図_svd18=8
組織図_svd24=8
組織図_svd29=8
工場数=7
短期借入金=7
投資CF=7
アンケート１０=7
DX前向きスコア合計=7
企業概要_svd11=7
企業概要_svd16=7
企業概要_svd27=7
企業概要_svd31=7
企業概要_svd39=7
今後のDX展望_svd2=7
今後のDX展望_svd3=7
今後のDX展望_svd4=7
今後のDX展望_svd5=7
今後のDX展望_svd18=7
今後のDX展望_svd35=7
組織図_svd5=7
組織図_svd7=7
組織図_svd8=7
組織図_svd36=7
DX抵抗感=6
企業概要_svd4=6
企業概要_svd5=6
企業概要_svd21=6
今後のDX展望_svd22=6
組織図_svd10=6
組織図_svd23=6
組織図_svd28=6
組織図_svd32=6
総資産=5
店舗数_事業所数比=5
工場数_事業所数比=5
企業概要_svd12=5
企業概要_svd35=5
企業概要_svd37=5
今後のDX展望_svd14=5
今後のDX展望_svd27=5
今後のDX展望_svd30=5
今後のDX展望_svd38=5
今後のDX展望_svd39=5
組織図_svd12=5
組織図_svd14=5
組織図_svd38=5
フリーCF=4
組織図_len=4
企業概要_svd15=4
企業概要_svd23=4
企業概要_svd29=4
企業概要_svd36=4
今後のDX展望_svd23=4
今後のDX展望_svd29=4
今後のDX展望_svd34=4
組織図_svd17=4
固定資産=3
負債=3
アンケート９=3
企業概要_len=3
組織図行数=3
企業概要_svd1=3
企業概要_svd10=3
企業概要_svd26=3
今後のDX展望_svd11=3
今後のDX展望_svd15=3
組織図_svd15=3
組織図_svd19=3
組織図_svd22=3
組織図_svd35=3
組織図_svd37=3
組織図_svd39=3
業界=2
減価償却費=2
有形固定資産変動=2
DX前向きスコア平均=2
企業概要_svd22=2
企業概要_svd34=2
組織図_svd31=2
上場種別=1
店舗数=1
流動資産=1
売上=1
運転資本変動=1
アンケート１=1
アンケート３=1
アンケート５=1
アンケート１１=1
事業所あたり従業員数=1
セキュリティ整備度=1
DXキーワード数_企業概要=1
工場数欠損フラグ=1
企業概要_svd14=1

parameters:
[boosting: gbdt]
[objective: binary]
[metric: binary_logloss]
[tree_learner: serial]
[device_type: cpu]
[data_sample_strategy: bagging]
[data: ]
[valid: ]
[num_iterations: 1000]
[learning_rate: 0.05]
[num_leaves: 15]
[num_threads: 0]
[seed: 42]
[deterministic: 0]
[force_col_wise: 0]
[force_row_wise: 0]
[histogram_pool_size: -1]
[max_depth: -1]
[min_data_in_leaf: 10]
[min_sum_hessian_in_leaf: 0.001]
[bagging_fraction: 0.8]
[pos_bagging_fraction: 1]
[neg_bagging_fraction: 1]
[bagging_freq: 1]
[bagging_seed: 400]
[bagging_by_query: 0]
[feature_fraction: 0.8]
[feature_fraction_bynode: 1]
[feature_fraction_seed: 30056]
[extra_trees: 0]
[extra_seed: 12879]
[early_stopping_round: 0]
[early_stopping_min_delta: 0]
[first_metric_only: 0]
[max_delta_step: 0]
[lambda_l1: 0]
[lambda_l2: 0]
[linear_lambda: 0]
[min_gain_to_split: 0]
[drop_rate: 0.1]
[max_drop: 50]
[skip_drop: 0.5]
[xgboost_dart_mode: 0]
[uniform_drop: 0]
[drop_seed: 17869]
[top_rate: 0.2]
[other_rate: 0.1]
[min_data_per_group: 100]
[max_cat_threshold: 32]
[cat_l2: 10]
[cat_smooth: 10]
[max_cat_to_onehot: 4]
[top_k: 20]
[monotone_constraints: ]
[monotone_constraints_method: basic]
[monotone_penalty: 0]
[feature_contri: ]
[forcedsplits_filename: ]
[refit_decay_rate: 0.9]
[cegb_tradeoff: 1]
[cegb_penalty_split: 0]
[cegb_penalty_feature_lazy: ]
[cegb_penalty_feature_coupled: ]
[path_smooth: 0]
[interaction_constraints: ]
[verbosity: -1]
[saved_feature_importance_type: 0]
[use_quantized_grad: 0]
[num_grad_quant_bins: 4]
[quant_train_renew_leaf: 0]
[stochastic_rounding: 1]
[linear_tree: 0]
[max_bin: 255]
[max_bin_by_feature: ]
[min_data_in_bin: 3]
[bin_construct_sample_cnt: 200000]
[data_random_seed: 175]
[is_enable_sparse: 1]
[enable_bundle: 1]
[use_missing: 1]
[zero_as_missing: 0]
[feature_pre_filter: 1]
[pre_partition: 0]
[two_round: 0]
[header: 0]
[label_column: ]
[weight_column: ]
[group_column: ]
[ignore_column: ]
[categorical_feature: 1,2,3]
[forcedbins_filename: ]
[precise_float_parser: 0]
[parser_config_file: ]
[objective_seed: 16083]
[num_class: 1]
[is_unbalance: 0]
[scale_pos_weight: 3.14525]
[sigmoid: 1]
[boost_from_average: 1]
[reg_sqrt: 0]
[alpha: 0.9]
[fair_c: 1]
[poisson_max_delta_step: 0.7]
[tweedie_variance_power: 1.5]
[lambdarank_truncation_level: 30]
[lambdarank_norm: 1]
[label_gain: ]
[lambdarank_position_bias_regularization: 0]
[eval_at: ]
[multi_error_top_k: 1]
[auc_mu_weights: ]
[num_machines: 1]
[local_listen_port: 12400]
[time_out: 120]
[machine_list_filename: ]
[machines: ]
[gpu_platform_id: -1]
[gpu_device_id: -1]
[gpu_device_id_list: ]
[gpu_use_dp: 0]
[num_gpu: 1]

end of parameters

pandas_categorical:[["\u5316\u5b66", "\u904b\u8f38\u30fb\u7269\u6d41", "\u5efa\u8a2d\u30fb\u5de5\u4e8b", "\u6a5f\u68b0", "\u533b\u7642\u30fb\u798f\u7949", "\u98df\u54c1", "\u88fd\u9020", "\u81ea\u52d5\u8eca\u30fb\u4e57\u308a\u7269", "\u6a5f\u68b0\u95a2\u9023\u30b5\u30fc\u30d3\u30b9", "\u5916\u98df", "\u5c0f\u58f2", "\u30a8\u30f3\u30bf\u30e1", "\u305d\u306e\u4ed6\u30b5\u30fc\u30d3\u30b9", "\u30b3\u30f3\u30b5\u30eb\u30c6\u30a3\u30f3\u30b0", "\u751f\u6d3b\u7528\u54c1", "\u30a8\u30cd\u30eb\u30ae\u30fc", "\u30a2\u30d1\u30ec\u30eb\u30fb\u7f8e\u5bb9", "\u96fb\u6c17\u88fd\u54c1", "IT", "\u91d1\u878d", "\u4e0d\u52d5\u7523", "\u5546\u793e", "\u901a\u4fe1", "\u4eba\u6750", "\u5e83\u544a", "\u30b2\u30fc\u30e0", "\u30de\u30b9\u30b3\u30df", "\u305d\u306e\u4ed6", "\u6559\u80b2", "\u901a\u4fe1\u6a5f\u5668", "\u5c02\u9580\u30b5\u30fc\u30d3\u30b9"], ["GR", "PR", "ST"], ["BtoB", "BtoB, BtoC", "BtoC", "BtoB, BtoC, CtoC", "CtoC", "missing"]]
