tree
version=v4
num_class=1
num_tree_per_iteration=1
label_index=0
max_feature_idx=192
objective=binary sigmoid:1
feature_names=従業員数 業界 上場種別 特徴 事業所数 工場数 店舗数 資本金 総資産 流動資産 固定資産 負債 短期借入金 長期借入金 純資産 自己資本 売上 営業利益 経常利益 当期純利益 営業CF 減価償却費 運転資本変動 投資CF 有形固定資産変動 無形固定資産変動(ソフトウェア関連) アンケート１ アンケート２ アンケート３ アンケート４ アンケート５ アンケート６ アンケート７ アンケート８ アンケート９ アンケート１０ アンケート１１ 自己資本比率 ROE ROA 売上高営業利益率 売上高経常利益率 流動資産比率 負債比率 有利子負債 有利子負債比率 一人当たり売上 一人当たり営業利益 事業所あたり従業員数 フリーCF 減価償却費率 無形固定資産変動率 有形固定資産変動率 ソフトウェア投資対有形固定資産比 DX前向きスコア合計 DX前向きスコア平均 DX抵抗感 戦略実感ギャップ 導入済みフラグ 既存ツール満足度欠損フラグ セキュリティ整備度 企業概要_len 組織図_len 今後のDX展望_len 企業名_len DXキーワード数_企業概要 DXキーワード数_DX展望 DX部署有無_組織図 組織図行数 工場数欠損フラグ 店舗数欠損フラグ 店舗数_事業所数比 工場数_事業所数比 企業概要_svd0 企業概要_svd1 企業概要_svd2 企業概要_svd3 企業概要_svd4 企業概要_svd5 企業概要_svd6 企業概要_svd7 企業概要_svd8 企業概要_svd9 企業概要_svd10 企業概要_svd11 企業概要_svd12 企業概要_svd13 企業概要_svd14 企業概要_svd15 企業概要_svd16 企業概要_svd17 企業概要_svd18 企業概要_svd19 企業概要_svd20 企業概要_svd21 企業概要_svd22 企業概要_svd23 企業概要_svd24 企業概要_svd25 企業概要_svd26 企業概要_svd27 企業概要_svd28 企業概要_svd29 企業概要_svd30 企業概要_svd31 企業概要_svd32 企業概要_svd33 企業概要_svd34 企業概要_svd35 企業概要_svd36 企業概要_svd37 企業概要_svd38 企業概要_svd39 今後のDX展望_svd0 今後のDX展望_svd1 今後のDX展望_svd2 今後のDX展望_svd3 今後のDX展望_svd4 今後のDX展望_svd5 今後のDX展望_svd6 今後のDX展望_svd7 今後のDX展望_svd8 今後のDX展望_svd9 今後のDX展望_svd10 今後のDX展望_svd11 今後のDX展望_svd12 今後のDX展望_svd13 今後のDX展望_svd14 今後のDX展望_svd15 今後のDX展望_svd16 今後のDX展望_svd17 今後のDX展望_svd18 今後のDX展望_svd19 今後のDX展望_svd20 今後のDX展望_svd21 今後のDX展望_svd22 今後のDX展望_svd23 今後のDX展望_svd24 今後のDX展望_svd25 今後のDX展望_svd26 今後のDX展望_svd27 今後のDX展望_svd28 今後のDX展望_svd29 今後のDX展望_svd30 今後のDX展望_svd31 今後のDX展望_svd32 今後のDX展望_svd33 今後のDX展望_svd34 今後のDX展望_svd35 今後のDX展望_svd36 今後のDX展望_svd37 今後のDX展望_svd38 今後のDX展望_svd39 組織図_svd0 組織図_svd1 組織図_svd2 組織図_svd3 組織図_svd4 組織図_svd5 組織図_svd6 組織図_svd7 組織図_svd8 組織図_svd9 組織図_svd10 組織図_svd11 組織図_svd12 組織図_svd13 組織図_svd14 組織図_svd15 組織図_svd16 組織図_svd17 組織図_svd18 組織図_svd19 組織図_svd20 組織図_svd21 組織図_svd22 組織図_svd23 組織図_svd24 組織図_svd25 組織図_svd26 組織図_svd27 組織図_svd28 組織図_svd29 組織図_svd30 組織図_svd31 組織図_svd32 組織図_svd33 組織図_svd34 組織図_svd35 組織図_svd36 組織図_svd37 組織図_svd38 組織図_svd39
feature_infos=[188:163584] -1:3:2:18:7:19:10:21:6:0:1:4:5:13:16:23:9:14:15:17:11:20:12:8:28:22 -1:1:2:0 -1:0:1:2 [1:1996] [1:223] [1:2023] [10:2191252] [2045:413082177] [1016:182792999] [1030:230289178] [1202:391919566] [0:2571806] [0:7189534] [-4877:36000857] [-4867:34955086] [4714:46209078] [-360538:5416709] [-34054:2163659] [-320490:5091601] [-295490:9433233] [20:1500000] [-200000:200000] [-870274:538] [-500000:3000] [-370274:-12] [1:5] [1:5] [1:5] [1:5] [1:5] [1:2] [1:5] [1:5] [1:5] [1:5] [1:5] [-0.33937598047760154:0.930713714913595] [-3.3765419192975119:0.64810980299355148] [-0.34666943578194515:0.32413160542043906] [-1.1239101091371586:0.63147520788420075] [-0.14074517988882229:0.73281710589995164] [0.14264881820895201:0.85948755424975021] [-7.8564691408652862:70.252957381299623] [0:9761340] [0:0.70664110162105631] [2.3394021739130433:4544.4089700996674] [-116.34010971281059:677.12091333679291] [0.36172344689378755:163584] [-350142:8802568] [0.0011817853783210139:0.086119107030979192] [-0.082882882882882883:-1.6020841619668636e-05] [-0.097840178069124081:0.01433938455361496] [-15.666666666666666:-0.0066644451849383543] [8:30] [1.1428571428571428:4.2857142857142856] [1:5] [-4:4] [0:1] [0:1] [1:5] [17:731] [42:1756] [215:1224] [6:19] [0:7] [2:18] [0:1] [3:65] [0:1] [0:1] [0:1305] [0:28] [0.038422999881420512:0.4388395608680366] [-0.29780073314725819:0.28016271238034796] [-0.46347596460182316:0.48642240189827229] [-0.10161599174532995:0.74448779463465686] [-0.25808279363018122:0.41107860458052325] [-0.20606692181296357:0.50804755359413956] [-0.17346486540580161:0.37661719511854025] [-0.2357983129593495:0.33781965810535625] [-0.18555183202125106:0.4288247068826746] [-0.2231866208117898:0.27019377285945589] [-0.20300066386186916:0.32237805072146064] [-0.29137753684969248:0.29631249051619318] [-0.23092127690643699:0.27946854665691523] [-0.2243177559986074:0.2351846988392336] [-0.19272190398987443:0.24407540742320072] [-0.19887276251474317:0.43381022516173762] [-0.26657992546427717:0.24954175113734747] [-0.31784445833791469:0.28300973119333583] [-0.26395992565150822:0.36943769205359489] [-0.20936995625605473:0.23484110714704512] [-0.18118333089345981:0.2129775831147073] [-0.19487023467472217:0.24557613648263985] [-0.18828952951085831:0.21315582329369856] [-0.16548920462819303:0.25019525429924716] [-0.15770324439458069:0.28181298327661802] [-0.2389108128268034:0.30680101207596122] [-0.19117372946467701:0.1973409823864026] [-0.17615089516524446:0.22889918921793381] [-0.19492621649773567:0.19170470982540944] [-0.17188264704752024:0.22203870847965881] [-0.15874550486435673:0.15200046373132542] [-0.28155963438496578:0.19586483376931663] [-0.16800334866727906:0.2204506253421579] [-0.22113646303860948:0.23999642929910431] [-0.22151920456563856:0.23038768280350358] [-0.18026803754338477:0.19796059508473199] [-0.22028268892671393:0.19540047665148763] [-0.19768145142786239:0.26479497881545028] [-0.1855335122221099:0.23057589392859903] [-0.20427844442209428:0.25673860825198591] [0.14435483770882901:0.35446170638627483] [-0.22945500396517074:0.23681039927576769] [-0.19625306568653306:0.17388197761823243] [-0.17828367384182817:0.17292037509956742] [-0.15595315695465273:0.20681901298432775] [-0.15995195147731431:0.18842350810713718] [-0.17956696200841038:0.18595889248969613] [-0.18129993074450909:0.18747384621350788] [-0.15523274248600047:0.17666747225502344] [-0.17679914471237507:0.18069905820021895] [-0.1940937356974978:0.16218376595975117] [-0.15129143472110693:0.14844637151173459] [-0.18872782162139093:0.17941983320385063] [-0.16415173170809888:0.17429150048131273] [-0.16217350128199626:0.1538021245621701] [-0.14404510185922073:0.20318998955941495] [-0.1755756675979247:0.16176596335042143] [-0.153546511718369:0.1607492170249426] [-0.13523043291663869:0.15789781963527355] [-0.15187392397583227:0.13735142759240976] [-0.15143304539916741:0.18562113171838174] [-0.14944361939402653:0.13670318487855279] [-0.15463211828663825:0.1740725580255098] [-0.17424469584834593:0.13245978943058209] [-0.14497072591803722:0.13551875531674928] [-0.16661052347491734:0.16022280526957383] [-0.13535035494613629:0.13940192455104625] [-0.15635658571761052:0.15156266515018613] [-0.12697628050537732:0.20220599108816881] [-0.18721650064149248:0.17576201443948683] [-0.16361404406417848:0.14666061854312218] [-0.14854137305968731:0.16357439951163588] [-0.15721977447267224:0.15104871978572282] [-0.12559915841603556:0.1336192746739551] [-0.12864179793082087:0.1416419909171627] [-0.15974036491779264:0.14250861530995937] [-0.13043968215934701:0.15440773911859568] [-0.12931128794605828:0.13864337846536801] [-0.17299586796890298:0.1295967366985496] [-0.12948495633337206:0.14039497682385946] [0.063981043765210174:0.58741518498224454] [-0.40293716256719936:0.33133523520481051] [-0.34001746627423346:0.33357091140036804] [-0.33793937236944177:0.44053239929622767] [-0.37804668306473649:0.25423487318922094] [-0.35732700821535596:0.22143031221018303] [-0.393625628378107:0.30611409996759842] [-0.29888527373434748:0.48127902572209941] [-0.17776920754439671:0.54742521528252475] [-0.41254491577426083:0.3764916442678034] [-0.27545157579313417:0.26595083708298695] [-0.23819486291329764:0.3941977863286818] [-0.22419881826520044:0.29253074018748493] [-0.25685747438755907:0.37660521127257457] [-0.30512679787192803:0.31022926973679843] [-0.24498381901573496:0.28122082957359268] [-0.18121691231858927:0.32255434088542906] [-0.26391616236382343:0.30526643661462827] [-0.21441846404571288:0.24522106966588322] [-0.26762151336436774:0.23108829384264365] [-0.2668394856923228:0.22877512734638211] [-0.20326294394507191:0.28568976568245841] [-0.23690673413593899:0.22642624520534949] [-0.20400050254500887:0.30392468312262322] [-0.17926016904763867:0.36391427967197792] [-0.18419742194912464:0.20117916882420972] [-0.18982399738003786:0.21768757726629692] [-0.17925447938959119:0.34688112410721839] [-0.21239765265229604:0.19955785476882704] [-0.18089658390919405:0.24685191070432991] [-0.2234401670249816:0.27562949863415276] [-0.24292612233050598:0.19656729732840153] [-0.17132523704666874:0.18631169672803066] [-0.22456207106779494:0.26325928688570915] [-0.19745258594896778:0.20134079489242679] [-0.23716348948699933:0.20385627673476064] [-0.18991913556701831:0.185406915911287] [-0.16916020430512468:0.23257306060013377] [-0.21687169846534385:0.20385782934270674] [-0.17760830669552713:0.28809935946122717]
tree_sizes=1684 1713 1700 1729 1711 1710 1706 1710 1703 1724 1724 1719 1710 1719 1716 1717 1726 1718 1730 1720 1720 1739 1731 1720 1734 1734 1720 1728 1736 1713 1726 1735 1715 1719 1726 1726 1719 1728 1718 1727 1720 1735 1733 1745 1722 1716 1730 1719 1730 1732 1723 1719 1713 1719 1720 1736 1725 1718 1749 1724 1725 1730 1729 1733 1734 1732 1726 1721 1734 1741 1715 1728 1743 1728 1726 1719 1736 1724 1736 1731 1730 1722 1753 1730 1742 1721 1738 1729 1747 1722 1731 1739 1745 1728 1739 1750 1739 1751 1741 1738 1756 1748 1751 1747 1741 1752 1732 1752 1733 1746 1737 1750 1743 1750 1744 1748 1751 1758 1750 1757 1760 1762

Tree=0
num_leaves=15
num_cat=0
split_feature=114 41 115 33 4 114 39 179 38 111 80 13 116 184
split_gain=228.352 132.2 49.8272 39.3929 36.9527 41.9163 33.6008 32.6753 24.7071 16.4804 14.6722 30.3569 9.74618 8.88295
threshold=-0.11315652366706357 0.19390602639421226 0.028478277558176692 4.5000000000000009 4.5000000000000009 -0.045510386909212323 0.10118512732824193 0.093883118099977333 0.038247070007984989 0.0091363503742308543 0.033268025205918005 4177.0000000000009 -0.087826025240622871 -0.090189530318315683
decision_type=2 8 2 2 10 2 2 2 2 2 2 2 2 2
left_child=3 4 8 10 -2 9 7 -7 -3 -6 12 -12 -1 -10
right_child=1 2 -4 -5 5 6 -8 -9 13 -11 11 -13 -14 -15
leaf_value=-1.0920186932766442 -1.2122918413481085 -1.2122918413481081 -1.2122918413481085 -1.1351843942627697 -1.1067847380750098 -1.2049558044447159 -1.0049746509564692 -1.0452675679651362 -1.0920186932766445 -0.97182612363312759 -0.98007711565695366 -1.2122918413481085 -0.95281021986308456 -0.95603415331603325
leaf_weight=1.3075451254844654 23.423357009887695 1.0979698598384917 2.7449246495962134 4.0790500640869132 4.4716203063726407 21.436992555856712 3.0342407822608939 3.7662206888198844 1.3075451254844743 4.5779414623975754 6.0950618535280219 1.829949766397476 32.727476611733437 14.728540137410157
leaf_count=5 128 6 15 18 18 115 8 12 5 10 14 10 63 29
internal_value=-1.07568 -1.12643 -1.01452 -0.986846 -1.16307 -1.13216 -1.16217 -1.18109 -0.982833 -1.03851 -0.972425 -1.0337 -0.958158 -0.967122
internal_weight=126.628 80.5894 19.879 46.0391 60.7104 37.287 28.2375 25.2032 17.1341 9.04956 41.96 7.92501 34.035 16.0361
internal_count=456 346 55 110 291 163 135 127 40 28 92 24 68 34
is_linear=0
shrinkage=1


Tree=1
num_leaves=15
num_cat=0
split_feature=41 51 32 39 77 80 113 147 189 77 161 104 79 134
split_gain=101.844 83.884 53.0648 51.2471 33.7759 29.3681 35.1448 28.8379 31.0583 19.5136 19.3946 15.6266 14.4212 13.0129
threshold=0.1384253428350822 -0.006416792276264645 2.5000000000000004 0.072026129337304609 -0.027212263965090983 0.021461415923740006 0.2996306501176485 0.044965892004142423 0.049363266291289377 -0.044512849079133852 -0.020573414920531698 0.040620017317833011 -0.086881646585222974 -0.085839033671539763
decision_type=8 2 8 2 2 2 2 2 2 2 2 2 2 2
left_child=1 2 9 5 10 6 7 8 11 -1 -2 -4 -11 -6
right_child=4 -3 3 -5 13 -7 -8 -9 -10 12 -12 -13 -14 -15
leaf_value=0.020789924496064344 0.09430098318071517 -0.065198961022979451 -0.066277041774556386 0.13604469433432323 -0.065400200726532645 -0.054155493838901475 -0.0656738356376948 0.16946539902656577 0.12157096929260865 -0.066432735377385352 -0.065845634247100632 0.095810938528274589 0.15925899169485291 0.14934264488629828
leaf_weight=3.5957509130239513 4.8674054890871048 17.134769588708878 6.4452481567859703 9.2489796131849271 0.71897692978382011 13.612117618322371 6.337303712964057 5.2939328104257575 5.808124139904975 0.74073198437691168 3.0911737382411948 1.9329065829515455 15.919004365801808 37.55022719502449
leaf_count=15 15 96 35 22 4 73 35 10 15 4 17 6 33 80
internal_value=0.0659584 0.0338077 0.0584175 0.0301193 0.125818 0.00527252 0.0366055 0.0698791 0.0327162 0.126425 0.0320988 -0.0288821 0.149224 0.145308
internal_weight=132.297 86.0689 68.9341 48.6786 46.2278 39.4296 25.8175 19.4802 14.1863 20.2555 7.95858 8.37815 16.6597 38.2692
internal_count=460 344 248 196 116 174 101 66 56 52 32 41 37 84
is_linear=0
shrinkage=0.05


Tree=2
num_leaves=15
num_cat=0
split_feature=114 41 121 40 186 99 32 148 171 49 77 45 0 155
split_gain=157.464 72.1017 45.189 36.8396 29.8256 32.6216 25.4656 19.1579 19.4779 18.1524 13.5639 11.7161 10.6056 11.384
threshold=-0.045510386909212323 0.11990847213285076 -0.016874032206057699 0.061856649985384864 0.02670788908641494 0.044591468274572478 1.5000000000000002 0.0022759987426939094 0.033694018230620355 604.50000000000011 -0.076902910001615851 0.17980081570703507 1030.0000000000002 -0.023210290857080356
decision_type=2 8 2 8 2 2 8 2 2 2 2 2 2 2
left_child=3 6 -3 4 5 -1 -2 8 -4 -5 -11 -6 13 -12
right_child=1 2 7 9 11 -7 -8 -9 -10 10 12 -13 -14 -15
leaf_value=-0.049269226827974633 0.063218489820565091 -0.067040910775162152 -0.067021884200135148 -0.06668766023259122 0.14034913373260086 0.12164857220955881 -0.059844773833005231 0.13048576264688197 0.10537500191879022 0.010742971620356905 0.15017046236253181 0.04132871891227833 0.15701026245524741 0.055374236520212672
leaf_weight=8.8347472995519656 4.8216415494680396 5.2271295934915569 2.9944870620965984 1.1212656497955311 9.7451920658349973 4.0814087241888037 32.803854569792747 14.072753146290777 3.6179454773664474 2.0437514632940283 6.4130619615316391 4.3077326118946067 33.728623792529106 6.2569846510887128
leaf_count=45 17 28 16 6 21 9 186 30 10 9 12 16 56 20
internal_value=0.05831 0.000127245 0.0643095 0.106614 0.059586 0.00473952 -0.0440744 0.0975016 0.0273038 0.132203 0.136806 0.109996 0.142359 0.103356
internal_weight=140.071 63.5378 25.9123 76.5328 26.9691 12.9162 37.6255 20.6852 6.61243 49.5637 48.4424 14.0529 46.3987 12.67
internal_count=481 287 84 194 91 54 203 56 26 103 97 37 88 32
is_linear=0
shrinkage=0.05


Tree=3
num_leaves=15
num_cat=0
split_feature=114 41 41 114 182 80 77 78 78 160 49 106 134 149
split_gain=115.822 64.4549 46.1246 36.5299 28.6698 20.3255 18.7823 16.1385 16.0557 19.2077 12.863 10.9997 9.30114 8.5384
threshold=0.0028238944361752118 0.1639462684128111 0.069088667461605538 -0.13745383212789372 0.057033680947394007 0.0016981456824224403 -0.076902910001615851 -0.11317404496317361 -0.036242847862526205 -0.0098728733310641924 85.000000000000014 0.055726428115053496 0.023941197726923612 -0.07663742934584547
decision_type=2 8 8 2 2 2 2 2 2 2 2 2 2 2
left_child=2 7 3 8 -5 -3 -4 -2 -1 -10 -8 -11 -7 -12
right_child=1 5 6 4 -6 12 10 -9 9 11 13 -13 -14 -15
leaf_value=0.16045062679077718 0.039760877919379767 0.12146717849195421 0.011393653516538704 -0.052106075828680168 0.092764933890049583 -0.067237607377394704 -0.065001473440766469 -0.064134854718251602 0.12314186586257601 -0.068898598789359569 -0.067171857924094192 0.078992903176261953 0.072580015861611738 0.12915576243053703
leaf_weight=6.1041408181190517 4.3881655931472805 9.7168976664543134 3.9333791285753241 11.511083856225016 4.8556578010320655 2.6403210610151282 0.8836890459060659 25.216104507446289 5.6441114842891702 3.1458960324525806 0.55928203463554282 2.0942835062742233 2.1646387577056885 56.510964289307594
leaf_count=10 17 20 16 62 14 14 5 148 12 16 3 6 6 104
internal_value=0.0605545 -0.00641092 0.0915798 0.0441839 -0.00912598 0.0798703 0.117125 -0.0487347 0.095543 0.0591414 0.124301 -0.00979247 -0.00424964 0.127232
internal_weight=139.369 44.1261 95.2425 33.3552 16.3667 14.5219 61.8873 29.6043 16.9884 10.8843 57.9539 5.24018 4.80496 57.0702
internal_count=453 205 248 120 76 40 128 165 44 34 112 22 20 107
is_linear=0
shrinkage=0.05


Tree=4
num_leaves=15
num_cat=0
split_feature=25 156 33 113 161 43 86 162 54 80 169 48 94 76
split_gain=49.7714 44.9365 35.6854 33.2457 39.0705 20.4417 17.5698 15.1391 14.4818 14.1907 13.2643 25.4428 13.4682 12.0783
threshold=-210.49999999999997 0.15109197541915056 4.5000000000000009 0.2996306501176485 -0.025261769856450126 1.3219515945128333 0.043326141717709703 0.091538631239210119 15.500000000000002 0.079687514916243998 0.076025138350126753 73.625000000000014 -0.10722649417249976 -0.045506526062884779
decision_type=2 2 2 2 2 2 2 2 2 2 2 10 2 2
left_child=1 2 3 10 5 13 9 -2 -6 -4 12 -12 -1 -5
right_child=7 -3 6 4 8 -7 -8 -9 -10 -11 11 -13 -14 -15
leaf_value=-0.067477282959728796 -0.063718208803718729 -0.064801794379871575 -0.066667305437006649 0.14275417911238683 0.083046669474943921 -0.027035970823876699 0.065095975348191656 0.087494707401118713 -0.063943324952981634 0.078801844325289194 0.10418296999334327 -0.066018120818156834 0.10918861631838868 0.058710007257605605
leaf_weight=1.0970966219902027 10.847494184970854 6.5718478709459296 8.4275873452425021 8.6756825298070943 2.0460543036460868 3.7875245362520209 6.8655451834201804 1.9533037245273579 9.2566052228212339 2.0928237587213507 6.1264331936836225 3.4223001003265381 64.709632635116577 8.4277441650629044
leaf_count=6 65 38 46 14 6 18 20 5 55 6 13 19 134 27
internal_value=0.0534733 0.0626347 0.0693381 0.0800822 0.037551 0.0780665 0.00287549 -0.0406443 -0.0373346 -0.0377291 0.0982525 0.0431823 0.106243 0.101341
internal_weight=144.308 131.507 124.935 107.549 32.1936 20.891 17.386 12.8008 11.3027 10.5204 75.3555 9.54873 65.8067 17.1034
internal_count=472 402 364 292 120 59 72 70 61 52 172 32 140 41
is_linear=0
shrinkage=0.05


Tree=5
num_leaves=15
num_cat=0
split_feature=114 40 0 37 40 162 179 159 45 171 159 0 117 143
split_gain=87.5042 46.2358 32.2333 26.3061 22.6587 23.2927 22.4496 21.5428 21.4767 14.1653 12.8487 12.6167 19.9847 10.9275
threshold=-0.051476309085755706 0.12345774828738328 23752.500000000004 0.65312150234639355 0.056950088833175871 -0.025885140777879137 0.080749884988553275 0.028171959823882622 0.19439771546168003 -0.12099783319925043 0.091966767189025148 1030.0000000000002 -0.015697333213204871 0.0077698362489152552
decision_type=2 10 2 2 8 2 2 2 2 2 2 2 2 2
left_child=4 2 6 -3 5 10 -2 -8 -7 -6 -1 12 -11 -14
right_child=1 3 -4 -5 9 8 7 -9 -10 11 -12 -13 13 -15
leaf_value=-0.066394816942917559 -0.051010206300640862 -0.031379269592261581 0.11168749878697354 0.11308820675280995 -0.06974523153458094 0.10253073790916434 -0.032546623204962259 0.1262959523832447 -0.02833465458807289 0.11059213739980596 0.081073184957470748 0.12141990494388953 -0.071659236764808398 0.075520609052664708
leaf_weight=5.6660163104534176 34.792728036642075 4.2203533947467831 4.2165803313255301 12.436746165156363 1.1719699054956425 15.063040956854822 4.7309548556804639 3.8894192725419998 3.959192842245101 9.243485748767851 1.9979220181703565 37.286177828907967 3.0981353968381873 2.1269384771585464
leaf_count=31 199 20 9 24 6 33 25 7 19 18 5 56 15 6
internal_value=0.0481715 0.00478192 -0.0202941 0.076485 0.0832082 0.0456426 -0.0331131 0.0391214 0.0752931 0.102149 -0.0279512 0.106042 0.0664112 -0.0117476
internal_weight=143.9 64.2868 47.6297 16.6571 79.6129 26.6862 43.4131 8.62037 19.0222 52.9267 7.66394 51.7547 14.4686 5.22507
internal_count=473 284 240 44 189 88 231 32 52 101 36 95 39 21
is_linear=0
shrinkage=0.05


Tree=6
num_leaves=15
num_cat=0
split_feature=114 41 33 148 80 64 123 114 49 82 49 114 163 81
split_gain=80.2927 43.6639 35.5202 25.871 23.4042 23.4623 18.3268 13.1356 29.8899 16.4468 25.3817 12.1817 19.6976 10.9646
threshold=0.0028238944361752118 0.12685519182423113 4.5000000000000009 -0.023900994691418813 0.070357423354136042 12.500000000000002 0.064290350150852812 -0.12601557567987881 1014.0000000000001 -0.0087288189450395147 28573.000000000004 0.1390022078980146 0.070272118074973869 -0.0837101367780866
decision_type=2 8 2 2 2 2 2 2 2 2 2 2 2 2
left_child=2 -2 4 -3 7 -6 -4 13 -9 10 -10 -5 -13 -1
right_child=1 3 6 11 5 -7 -8 8 9 -11 -12 12 -14 -15
leaf_value=-0.071709722483266694 -0.046215483592015785 -0.066307426075487383 -0.049703056888370789 0.10278643983888743 -0.043777599296649615 0.12220309674597994 0.080739466615753208 -0.065373987625774344 -0.067869543647640154 0.1142176538408094 0.10429355121171434 -0.067684544157102358 0.12292193656746747 0.113401869357205
leaf_weight=0.81398551166057487 27.703391343355179 3.9941785335540798 8.1487682163715345 12.082230910658838 6.4437893927097303 3.1797009259462357 4.0216063857078543 3.6886722147464779 3.7502784729003924 17.731932803988457 4.9884253293275833 3.1907789558172217 2.3564436286687851 46.400818303227425
leaf_count=4 166 22 41 23 33 6 10 21 20 30 8 17 4 72
internal_value=0.0474765 -0.0046544 0.0734069 0.0485921 0.0845993 0.0110641 -0.00659933 0.0937453 0.0679686 0.0865499 0.0304085 0.0746241 0.0132845 0.110211
internal_weight=148.495 49.327 99.168 21.6236 86.9976 9.62349 12.1704 77.3741 30.1593 26.4706 8.7387 17.6295 5.54722 47.2148
internal_count=477 232 245 66 194 39 51 155 79 58 28 44 21 76
is_linear=0
shrinkage=0.05


Tree=7
num_leaves=15
num_cat=0
split_feature=114 41 40 114 99 0 86 189 57 107 77 39 135 47
split_gain=72.1226 49.7568 35.9281 33.255 20.43 16.246 18.7952 15.5585 15.2004 14.7949 12.0879 10.1852 10.1198 8.86938
threshold=0.0028238944361752118 0.1639462684128111 0.056950088833175871 -0.16469982514216083 0.12292766617306729 1030.0000000000002 0.025226385947372806 0.069201778849251647 -1.0000000180025095e-35 0.033106098085079243 -0.10540282564942584 0.11529318556874421 0.0091153432200592379 5.2753510381845077
decision_type=2 8 8 2 2 2 2 2 2 2 2 2 2 10
left_child=2 11 3 13 7 6 12 -5 -3 -10 -7 -2 -4 -1
right_child=1 8 5 4 -6 10 -8 -9 9 -11 -12 -13 -14 -15
leaf_value=0.043106256444237552 -0.056732370284968928 0.10247187324327217 0.010965258618708562 -0.056158191329561485 0.12534854055201128 -0.065729863344527337 -0.070225855483788777 0.061634966290982862 -0.068101832031827056 0.088253083932038887 0.10392558146241902 0.047504108145924956 0.095442186719927755 0.12492643440885198
leaf_weight=6.4790145158767682 27.312945708632473 9.4033089876174909 5.2950453460216584 14.914703384041792 2.2582572698593131 1.0722692608833302 2.9289653897285453 3.4521374255418769 3.4097982048988333 2.7197477370500565 50.368091568350792 2.5634854137897483 10.727424472570418 6.7763329148292542
leaf_count=19 173 17 18 82 3 6 15 10 18 5 80 8 22 9
internal_value=0.0425436 -0.01005 0.0654475 0.0231428 -0.0165692 0.0858094 0.0462351 -0.0340184 0.0625376 0.00127458 0.100389 -0.0477886 0.0675246 0.084934
internal_weight=149.682 45.4093 104.272 33.8804 20.6251 70.3918 18.9514 18.3668 15.5329 6.12955 51.4404 29.8764 16.0225 13.2553
internal_count=485 221 264 123 95 141 55 92 40 23 86 181 40 28
is_linear=0
shrinkage=0.05


Tree=8
num_leaves=15
num_cat=0
split_feature=114 41 82 33 39 26 188 87 80 37 189 57 0 159
split_gain=59.362 47.7654 28.018 20.8568 19.1405 17.6981 17.3363 16.717 11.6332 16.9213 9.63531 8.96213 10.8891 10.2317
threshold=-0.11315652366706357 0.1384253428350822 0.095262160385321953 4.5000000000000009 0.040644322701555914 1.5000000000000002 -0.060626068753101524 -0.097060949121464471 0.021461415923740006 0.64042259635991894 0.020505995080949094 1.5000000000000002 801.50000000000011 -0.068391329005433751
decision_type=2 8 2 2 2 2 2 2 2 2 2 2 2 2
left_child=7 2 4 11 -2 -6 -7 -1 -9 -10 -4 12 -3 -14
right_child=1 3 10 -5 5 6 -8 8 9 -11 -12 -13 13 -15
leaf_value=-0.068955819022162343 -0.062425520764499615 -0.066312883588762042 0.011477485888273868 -0.035376414705802141 0.076115919207064481 0.0615956419087276 -0.052486176159081792 0.10016848034541022 -0.037008646295845014 0.087263931156952038 0.11970598195691391 0.018331560538042298 -0.067143392412397876 0.10427400347040716
leaf_weight=1.7294613867998112 20.20270724594593 1.0509710162878096 3.6163788437843305 4.5403616130352011 6.2410073876380947 4.5306992530822798 12.567534327507015 46.593017682433128 4.1285041272640219 8.1398331224918348 4.7675741761922836 5.025989204645156 0.90352204442024842 23.833435997366902
leaf_count=9 131 6 15 21 18 14 76 74 18 15 9 18 5 38
internal_value=0.0462384 0.019843 -0.0106779 0.06467 -0.0267943 0.00404853 -0.0222567 0.0842606 0.0887624 0.0454441 0.0730221 0.0794116 0.091316 0.098013
internal_weight=147.871 87.2802 51.9259 35.3543 43.5419 23.3392 17.0982 60.5908 58.8614 12.2683 8.38395 30.8139 25.7879 24.737
internal_count=467 351 263 88 239 108 90 116 107 33 24 67 49 43
is_linear=0
shrinkage=0.05


Tree=9
num_leaves=15
num_cat=0
split_feature=114 41 39 162 111 161 81 148 57 118 45 192 146 63
split_gain=59.8513 63.0335 20.8727 14.4981 14.2871 15.745 13.8005 13.5227 11.3427 18.0872 9.65014 13.7924 9.10195 5.90519
threshold=-0.11315652366706357 0.13724885124494365 0.10118512732824193 -0.13395444414991067 0.088645160451634578 -0.085361257645518898 -0.094785780872412642 -0.02786028707899638 -1.0000000180025095e-35 0.016793074666288387 0.21152188547174142 0.042033769300843522 0.058654007619019045 672.50000000000011
decision_type=2 8 2 2 2 2 2 2 2 2 2 2 2 2
left_child=3 2 4 -1 5 -2 -5 12 -9 -10 13 -12 -3 -8
right_child=1 7 -4 6 -6 -7 10 8 9 -11 11 -13 -14 -15
leaf_value=-0.070002508661210203 0.050499783537860693 -0.067085498842360577 0.089808440233921705 -0.067418944595532368 0.042635220429551361 -0.057507534562322361 -0.081631640215463097 0.098118950030593066 -0.038007116832809613 0.083792827446863255 -0.032504681269941826 0.098094029566473145 0.068090877815640383 0.095705836057253302
leaf_weight=1.5845239460468281 3.7710317969322196 3.0805582404136649 3.6530028134584418 1.4878736585378636 5.1877836138010016 32.068434849381447 0.47352176904678245 20.034718692302704 4.874115362763404 8.135593965649603 3.8701473176479322 4.2325958609580994 2.0902811139822006 54.357762709259987
leaf_count=8 13 17 8 8 18 208 2 32 23 15 17 7 5 85
internal_value=0.0438898 0.015603 -0.0247198 0.0794144 -0.0349172 -0.046143 0.0830895 0.0627474 0.074513 0.0381602 0.0866478 0.0357156 -0.0124413 0.0941744
internal_weight=148.902 82.8955 44.6803 66.0064 41.0273 35.8395 64.4219 38.2153 33.0444 13.0097 62.934 8.10274 5.17084 54.8313
internal_count=466 339 247 127 239 221 119 92 70 38 111 24 22 87
is_linear=0
shrinkage=0.05


Tree=10
num_leaves=15
num_cat=0
split_feature=114 41 78 142 39 178 107 43 75 32 91 192 49 174
split_gain=54.9664 40.6274 29.4273 19.7854 16.252 12.4957 11.7279 10.6936 24.8846 10.2982 10.0144 9.70152 16.5564 5.99047
threshold=-0.051476309085755706 0.1639462684128111 -0.11317404496317361 -0.061769716161092524 0.027716594914567075 -0.10328767764614531 -0.030236809536492271 1.2419114696768787 0.012441713102849373 3.5000000000000004 0.022421947260012665 0.034260079934364016 2838.0000000000005 -0.084943554298993265
decision_type=2 8 2 2 2 2 2 2 2 10 2 2 2 2
left_child=5 2 -2 6 -3 -1 -4 9 11 13 -11 12 -9 -7
right_child=1 4 3 -5 -6 7 -8 8 -10 10 -12 -13 -14 -15
leaf_value=-0.026681703823623712 0.074486396551256009 -0.033283001935075447 0.092960048509170681 -0.061285340881306362 0.077388280415416455 -0.068433527392167307 -0.061009456460295097 -0.036565283241930965 -0.070010726603611614 -0.032168049344716607 0.075692881233264633 0.10407561130852382 0.096830214844835019 0.093418728927865693
leaf_weight=3.4269208014011374 6.1834290176630011 4.0271146893501308 3.7244754433631897 28.063085228204727 18.818546310067177 0.57865269482135673 1.8516360074281681 4.5986303985118919 4.0893509089946738 3.5484445095062238 5.4682307094335556 8.8290751129388791 4.7069048285484314 47.536169990897179
leaf_count=15 17 19 10 193 37 3 13 23 21 15 10 13 6 75
internal_value=0.0400548 0.00472785 -0.0257646 -0.0441924 0.0578797 0.0667981 0.041832 0.070835 0.0414064 0.0822826 0.033245 0.0665309 0.0309085 0.0914722
internal_weight=145.451 62.6683 39.8226 33.6392 22.8457 82.7824 5.57611 79.3555 22.224 57.1315 9.01668 18.1346 9.30554 48.1148
internal_count=470 289 233 216 56 181 23 166 63 103 25 42 29 78
is_linear=0
shrinkage=0.05


Tree=11
num_leaves=15
num_cat=0
split_feature=20 45 32 77 189 170 155 50 110 101 174 51 14 39
split_gain=31.5467 22.836 21.437 15.4242 16.7847 15.6021 14.3581 18.4505 12.0119 11.8798 7.81851 6.90885 9.90168 14.665
threshold=2792.5000000000005 0.022182162792505063 2.5000000000000004 -0.020575678736527565 -0.03929306789255553 0.1119827723119332 -0.04414009966927087 0.013883673641709138 -0.051331361863598983 -0.03198168764977919 0.015578180393550209 -0.0085987464047560542 176744.50000000003 0.11529318556874421
decision_type=2 2 8 2 2 2 2 2 2 2 2 2 2 2
left_child=6 11 -3 5 -5 -4 7 -1 -6 -10 -9 -2 13 -13
right_child=1 2 3 4 8 -7 -8 10 9 -11 -12 12 -14 -15
leaf_value=-0.062094276777559146 0.088635224807795079 0.075985089626267099 -0.053891095251732461 -0.04388474644789192 -0.06902132876241196 0.044334094223281301 -0.052333254379941241 0.0015751131983059387 -0.024693876551838936 0.079250626630923082 0.090986109193743614 -0.064476282043325048 0.074056020982369283 0.091512707927926096
leaf_weight=4.5051148235797909 34.814077101647854 19.450083121657372 12.483915485441686 5.3475266769528416 1.8313629105687201 5.9789651036262503 11.050134517252443 3.826957166194914 3.2139831930399003 18.99300163984298 6.7709118649363518 3.6758231222629574 15.568014934659002 2.5533497929573059
leaf_count=30 60 40 74 27 10 18 66 16 18 38 12 23 31 4
internal_value=0.0408785 0.0514107 0.0317239 0.0137321 0.0362339 -0.0220821 -0.00902166 0.0226674 0.0540569 0.0642069 0.0586992 0.0748141 0.0527392 -0.000536099
internal_weight=150.063 123.91 67.2988 47.8488 29.3859 18.4629 26.1531 15.103 24.0383 22.207 10.5979 56.6113 21.7972 6.22917
internal_count=467 343 225 185 93 92 124 58 66 56 28 118 58 27
is_linear=0
shrinkage=0.05


Tree=12
num_leaves=15
num_cat=0
split_feature=114 41 0 0 159 114 88 96 135 5 38 153 148 185
split_gain=46.3539 38.8514 17.5502 15.7502 12.853 12.5017 14.2432 10.6349 10.3881 12.9919 9.01331 7.35597 6.90434 14.4645
threshold=-0.11315652366706357 0.081165750221754193 906.50000000000011 28077.500000000004 0.13963914636871247 0.1390022078980146 0.035465995672330976 -0.066121516681891992 -0.050887629874329966 3.5000000000000004 0.012244591545906389 0.1486978251982955 -0.02786028707899638 0.079127238841791625
decision_type=2 8 2 2 2 2 2 2 2 10 2 2 2 2
left_child=10 3 4 8 -3 7 -7 -4 9 -2 -1 -12 13 -9
right_child=1 2 5 -5 -6 6 -8 12 -10 -11 11 -13 -14 -15
leaf_value=-0.065380266741399226 -0.060836514060654406 -0.065135624257997946 -0.066299706510227555 0.11554271809090591 0.084621724846319191 -0.064723294421349151 0.076850367346231338 -0.065927531145339155 -0.060586906602267704 0.095588080705128961 -0.073198958842556991 0.074607207807130746 0.076371736497483314 0.1012059084783876
leaf_weight=1.2110344916582096 2.648280702531344 6.231930159032343 1.5601145550608624 1.6203221976757038 1.860471114516258 4.5584097206592551 2.9111553579568863 2.7109358236193613 21.338469825685024 2.6613440588116646 0.85431282222270866 57.348005458712578 29.85389951616526 2.4777192175388336
leaf_count=7 19 38 9 3 4 28 7 16 153 6 4 103 59 4
internal_value=0.0361348 0.0113941 0.0369752 -0.0358115 -0.0307059 0.0494026 -0.009547 0.0614325 -0.0450145 0.0175682 0.0696285 0.0724377 0.0671192 0.0138831
internal_weight=139.846 80.4331 52.1646 28.2684 8.0924 44.0722 7.46957 36.6027 26.6481 5.30962 59.4134 58.2023 35.0426 5.18866
internal_count=460 346 165 181 42 123 35 88 178 25 114 107 79 20
is_linear=0
shrinkage=0.05


Tree=13
num_leaves=15
num_cat=0
split_feature=114 40 40 116 104 102 15 179 140 89 0 186 153 163
split_gain=50.7295 21.882 14.6386 22.1473 16.9844 15.4752 12.107 11.8865 15.1303 10.5059 10.1666 12.9455 8.83229 5.94127
threshold=1.0000000180025095e-35 0.1176464280550758 0.070041759821863378 -0.0045500494306609969 0.041764317397046842 -0.040184538169554439 3363740.5000000005 0.060888007731815963 -0.020928353024561478 -0.020661752578005989 982.00000000000011 0.034539300632067511 0.39335946922141546 0.070272118074973869
decision_type=2 10 8 2 2 2 2 2 2 2 2 2 2 2
left_child=2 6 3 4 -1 -5 7 -2 -9 -3 11 12 -4 -11
right_child=1 9 10 5 -6 -7 -8 8 -10 13 -12 -13 -14 -15
leaf_value=-0.05290419765195329 -0.06080521523243259 -0.067580454347779526 -0.070405578987456127 -0.036918866027788981 0.05849462527148272 0.072822278106901048 0.10138251052283941 0.083441864214362893 -0.061689080000564028 0.025783128286684828 0.081557496115281514 0.07647962856374857 0.043323727619564434 0.09919747323650599
leaf_weight=10.345049090683458 20.897604569792755 1.8132140338420857 3.6031606942415229 3.697764620184901 5.1125832647085181 24.477321065962315 1.5600647926330555 3.7376386895775795 3.4567091912031165 5.5411030426621419 46.224939122796059 8.2501177340745908 3.2442094534635544 5.4826497435569763
leaf_count=59 153 10 18 17 12 52 2 10 24 19 72 16 8 7
internal_value=0.0355109 -0.0105837 0.0541714 0.0320342 -0.0160592 0.0584196 -0.0341928 -0.0417219 0.01371 0.0439507 0.0699226 0.0342994 -0.0165219 0.0622957
internal_weight=147.444 42.489 104.955 43.6327 15.4576 28.1751 29.652 28.092 7.19435 12.837 61.3224 15.0975 6.84737 11.0238
internal_count=479 225 254 140 71 69 189 187 34 36 114 42 26 26
is_linear=0
shrinkage=0.05


Tree=14
num_leaves=15
num_cat=0
split_feature=41 66 113 77 188 161 190 79 33 63 48 40 146 103
split_gain=23.194 18.1645 22.9661 20.1999 14.7539 10.9212 16.6123 10.8203 8.72991 8.18086 7.784 7.69774 9.58462 7.69173
threshold=0.1384253428350822 12.500000000000002 0.28148492151741622 0.21416115675638334 -0.075202267351257721 -0.0022072212064809236 -0.0096494917545405876 -0.056066718755232677 4.5000000000000009 697.50000000000011 31.861042183622832 0.068087694289128933 -0.041081053663194041 0.038631793925664987
decision_type=8 2 2 2 2 2 2 2 2 2 10 8 2 2
left_child=1 2 7 4 13 10 -7 -1 11 -9 -3 12 -2 -4
right_child=8 5 3 -5 -6 6 -8 9 -10 -11 -12 -13 -14 -15
leaf_value=-0.062708856779637667 0.082663531561950804 -0.072717012521195487 -0.020236570556910131 0.079258797649269158 -0.047968298668236709 0.064017131423471416 -0.068097287092309222 -0.066241850527848131 -0.0072131169900550686 0.061274926108871801 0.085611707395588821 0.073275610776991143 -0.032870110275930689 0.086689896793035834
leaf_weight=2.2133115679025677 3.1953803449869156 0.81647111475468293 3.2963118255138388 4.5866778641939154 28.56953364610672 5.99010828882456 3.9474142864346469 1.3409570977091814 4.5213679000735274 20.27716039866209 15.773520320653914 43.430051162838936 4.0965436100959787 3.4340072646737099
leaf_count=15 5 4 19 10 191 14 22 8 18 46 26 75 20 7
internal_value=0.0338437 0.0182241 0.00375012 -0.0194529 -0.032279 0.0529898 0.0115382 0.0425849 0.0593599 0.0533651 0.0778196 0.0652942 0.0177577 0.0343205
internal_weight=145.489 90.2455 63.718 39.8865 35.2999 26.5275 9.93752 23.8314 55.2433 21.6181 16.59 50.722 7.29192 6.73032
internal_count=480 362 296 227 217 66 36 69 118 54 30 100 25 26
is_linear=0
shrinkage=0.05


Tree=15
num_leaves=15
num_cat=0
split_feature=114 41 82 179 33 72 39 17 177 45 80 76 104 99
split_gain=44.9615 36.9905 20.723 15.2208 10.3149 18.4155 9.17918 15.3048 11.8053 7.43903 13.8681 14.2307 5.91916 10.2662
threshold=-0.051476309085755706 0.1384253428350822 0.095262160385321953 -0.1003845651519501 4.5000000000000009 0.097800095648015326 0.11529318556874421 259184.50000000003 0.040754338936860944 0.029082345156265 0.021461415923740006 -0.036435513176884052 0.0091502677262591224 0.013014190783606033
decision_type=2 8 2 2 2 10 2 10 2 2 2 2 2 2
left_child=3 2 -2 -1 9 -6 7 8 -3 -5 12 -12 13 -11
right_child=1 6 -4 4 5 -7 -8 -9 -10 10 11 -13 -14 -15
leaf_value=-0.043130810143595988 -0.055424852499919665 -0.049658189835699799 0.060483414490382116 0.081926403798165875 -0.067094512588397048 0.063616761574027805 0.082435200232840219 0.089639856541099419 0.054733332570332763 -0.032771814204710953 0.063204757478704132 -0.06819436632141998 0.084125169958471691 0.072499754137936509
leaf_weight=3.8583868891000739 27.373893022537235 7.531724460422998 4.4885504990816107 35.153503954410553 4.3169094622135145 7.1703567802906036 8.8990134894847852 5.3875765800476065 4.2288279235363007 3.5269161462783831 3.847035676240921 4.4371614307165128 17.586422704160213 6.745043158531189
leaf_count=17 207 39 15 50 24 16 13 7 10 16 9 25 27 12
internal_value=0.0311434 -0.00296551 -0.0390965 0.0539411 0.0584655 0.0144955 0.0412321 0.0198498 -0.0121214 0.0655499 0.0496216 -0.00717492 0.0665111 0.0363544
internal_weight=144.551 57.9096 31.8624 86.6417 82.7833 11.4873 26.0471 17.1481 11.7606 71.2961 36.1426 8.2842 27.8584 10.272
internal_count=487 291 222 196 179 40 69 56 49 139 89 34 55 28
is_linear=0
shrinkage=0.05


Tree=16
num_leaves=15
num_cat=0
split_feature=114 156 41 187 162 105 116 188 32 33 141 32 49 186
split_gain=38.833 17.6683 16.5278 13.0656 11.1104 10.7872 8.83123 12.5275 8.6947 7.17717 13.8304 7.03365 4.63958 4.69842
threshold=0.0028238944361752118 0.14358648199535404 0.12685519182423113 0.02049035928030268 -0.1724993399664207 -0.016523876103901203 -0.087826025240622871 -0.072211047985232785 1.5000000000000002 4.5000000000000009 -0.0055518674070356789 3.5000000000000004 -6820.4999999999991 -0.12619280886785178
decision_type=2 2 8 2 2 2 2 2 8 2 2 8 2 2
left_child=1 4 8 5 -1 -4 7 -6 -2 12 -11 -9 -8 -14
right_child=2 -3 3 -5 6 -7 9 11 -10 10 -12 -13 13 -15
leaf_value=-0.064538484342661781 0.035236170542502561 -0.041360728692456696 -0.032122729983399628 -0.068081026862717456 0.075219994353435141 0.064222046524926441 -0.060619742895972807 0.042975699961415259 -0.05837664860863661 0.069983040948881262 -0.041693948698779175 -0.066224192421668923 -0.075279321936404825 0.069543900265578426
leaf_weight=1.9866817370057095 2.9195853397250202 5.3051603138446799 3.8541505932807949 3.3660137355327597 4.853661373257637 11.801132351160048 0.70472636818885703 2.1968388333916646 16.489571832120419 6.7727238535881042 4.6936663538217527 4.4853744804859161 0.56474059820175071 67.217816218733788
leaf_count=12 13 30 19 19 8 24 5 6 139 15 22 27 3 124
internal_value=0.0308111 0.0474022 -0.0118345 0.021288 0.0524398 0.0405031 0.05498 0.0140833 -0.0442951 0.0608807 0.024269 -0.0303237 0.0670103 0.0683373
internal_weight=137.212 98.7814 38.4305 19.0213 93.4762 15.6553 91.4895 11.5359 19.4092 79.9537 11.4664 6.68221 68.4873 67.7826
internal_count=466 252 214 62 222 43 210 41 152 169 37 33 132 127
is_linear=0
shrinkage=0.05


Tree=17
num_leaves=15
num_cat=0
split_feature=114 39 16 156 19 45 41 37 80 108 48 111 103 173
split_gain=33.5529 19.8117 19.6675 19.0145 15.3469 9.60993 14.9131 8.51168 6.27872 18.7377 5.08553 8.65601 5.38544 4.32551
threshold=0.025162108979562319 0.11529318556874421 4498143.0000000009 0.15354134287175594 286.50000000000006 0.21152188547174142 0.10961966397304203 0.80896320009446543 0.032842060356369336 0.019025411085836979 48.261713520749673 0.053052421665820214 -0.10364780802786876 -0.15672048666154967
decision_type=2 2 2 2 2 2 8 2 2 2 8 2 2 2
left_child=3 2 7 4 -1 8 -7 -2 10 -10 11 -6 -12 -14
right_child=1 -3 -4 -5 5 6 -8 -9 9 -11 12 -13 13 -15
leaf_value=-0.061953594830470839 -0.05605802088171679 0.060191695836845673 0.0882076496042562 -0.063069688421581158 -0.034425072770185396 -0.067421980861107039 0.056914866329634731 0.038037484565553864 0.06084277981380512 -0.067342733558035148 -0.06894280851201777 0.073855926134221914 -0.067653579372716197 0.071486364062383886
leaf_weight=3.0570928230881682 22.597019709646709 7.4231626093387595 3.057619333267211 3.992043398320674 3.3729123473167411 4.1168925389647466 5.8221677541732788 2.6893892437219611 11.164616689085959 3.8284754529595366 0.7036355510353961 4.0761384889483452 0.56382782757281447 59.836953625082984
leaf_count=21 173 15 4 28 17 24 13 10 24 22 4 7 3 105
internal_value=0.0290676 -0.0125234 -0.0315672 0.0438644 0.0482861 0.0518911 0.00541287 -0.0460503 0.0574203 0.0281107 0.0638305 0.0248265 0.0685854 0.0701875
internal_weight=136.302 35.7672 28.344 100.535 96.5427 93.4856 9.93906 25.2864 83.5466 14.9931 68.5535 7.44905 61.1044 60.4008
internal_count=470 202 187 268 240 219 37 183 182 46 136 24 112 108
is_linear=0
shrinkage=0.05


Tree=18
num_leaves=15
num_cat=0
split_feature=114 40 115 4 10 111 138 32 115 185 140 174 88 151
split_gain=35.8485 23.3285 21.1736 15.311 12.1817 9.9471 12.7494 9.3636 7.28649 6.65308 9.35428 4.93562 4.73216 4.13301
threshold=-0.11846429485412056 0.18712058200250883 -0.034660105710998652 4.5000000000000009 7103330.5000000009 -0.034631580282702169 -0.039967192912216357 2.5000000000000004 -0.046988499165643377 0.064871696244020713 -0.0063615995639407039 -0.073917693546063395 -0.092114212513555546 -0.04679301680304964
decision_type=2 10 2 8 2 2 2 10 2 2 2 2 2 2
left_child=9 2 3 8 12 -5 -7 -8 -2 11 -11 -1 -4 -13
right_child=1 -3 4 5 -6 6 7 -9 -10 10 -12 13 -14 -15
leaf_value=-0.015935354448079836 -0.060864722568734542 0.070682662964181672 0.0080941392944506568 -0.030807529451765649 0.069746672120921213 -0.063880817585218796 0.083027791458831657 -0.0055220728539469525 0.050325368001354891 0.052251452893498279 -0.06883985091130089 0.031617489939455241 -0.056211400890384712 0.071721106166045642
leaf_weight=1.9103717952966679 6.9118548780679703 11.511558920145033 3.2663895636796978 4.2164007648825672 2.3865515589714041 2.0952078476548222 15.52989347279072 3.695929802954196 1.8726084679365138 4.7592905461788177 2.3986791074275962 7.5150736868381491 23.045874670147899 44.27105675637722
leaf_count=8 52 20 15 26 5 14 28 17 4 10 13 18 172 73
internal_value=0.0284801 0.00523175 -0.00672372 0.0197779 -0.0384179 0.0393643 0.0532413 0.0660052 -0.037162 0.0569537 0.011673 0.0629898 -0.0482285 0.0659014
internal_weight=135.387 74.5323 63.0207 34.3219 28.6988 25.5374 21.321 19.2258 8.78446 60.8545 7.15797 53.6965 26.3123 51.7861
internal_count=475 353 333 141 192 85 59 45 56 122 23 99 187 91
is_linear=0
shrinkage=0.05


Tree=19
num_leaves=15
num_cat=0
split_feature=114 41 77 32 45 146 43 192 170 45 107 171 133 162
split_gain=33.6893 21.2722 16.7695 16.9196 7.83787 11.9327 7.15373 13.5126 6.34991 6.16786 10.8948 8.00865 5.9155 4.19827
threshold=-0.059261173239269847 0.15392474500052358 0.21750292533190543 1.5000000000000002 0.085384194896264129 0.039054951198900324 1.4223931467295345 0.045108910529608019 -0.12686968105136179 0.010879916620049442 0.048763392941218599 0.072528015979830024 0.12382863503573184 -0.13395444414991067
decision_type=2 8 2 8 2 2 2 2 2 2 2 2 2 2
left_child=4 2 3 -2 8 6 -6 -8 -1 -3 11 -11 -5 -10
right_child=1 9 -4 12 5 -7 7 -9 13 10 -12 -13 -14 -15
leaf_value=-0.072243783065767939 0.048735294615136149 0.064228776055303916 0.061363674127930569 -0.059013420104975317 0.057017147675795479 -0.066431200610380409 -0.065384018597680268 0.068991808494802742 -0.062642604991888992 -0.06666662448231199 0.07672362289715734 0.056656367287202747 0.060067604343600291 0.067962657249898778
leaf_weight=0.8413366824388494 4.7964023277163532 11.89640171825886 5.0399053394794455 23.850890740752224 20.45134665071965 2.8073868900537482 3.8508409783244124 3.6385460048913956 0.62325373291969199 4.3860514834523183 3.9079678058624268 1.8810738846659658 1.0905957296490658 48.233716391026974
leaf_count=4 17 22 14 203 42 16 24 7 4 25 6 5 4 82
internal_value=0.0308546 0.00139147 -0.0229742 -0.0372676 0.0516753 0.0318337 0.041707 -0.000100621 0.0639512 0.0397842 0.0112043 -0.0296513 -0.0538065 0.0662966
internal_weight=137.296 56.8493 34.7778 29.7379 80.4464 30.7481 27.9407 7.48939 49.6983 22.0715 10.1751 6.26713 24.9415 48.857
internal_count=475 296 238 224 179 89 73 31 90 58 36 30 207 86
is_linear=0
shrinkage=0.05


Tree=20
num_leaves=15
num_cat=0
split_feature=114 20 43 8 82 18 35 116 50 81 63 103 122 62
split_gain=24.6087 24.0941 17.7689 13.9677 11.1105 7.57533 12.2908 7.92731 7.63189 7.41499 5.11494 4.92298 4.88213 4.35447
threshold=-0.11315652366706357 3560.0000000000005 0.69232649298905302 2749250.0000000005 0.099523224976141203 3002.5000000000005 3.5000000000000004 -0.070151604173382745 0.039224774288832309 -0.094785780872412642 672.50000000000011 -0.040474129143072642 -0.052537433679897862 129.00000000000003
decision_type=2 2 2 2 2 10 2 2 2 2 2 2 2 2
left_child=9 -2 5 4 -4 -3 7 -7 -8 -1 -11 -5 -12 -14
right_child=1 2 3 11 -6 6 8 -9 -10 10 12 -13 13 -15
leaf_value=-0.068751430770866026 -0.051138169397048544 0.075404866900862941 -0.061493322987437288 0.066837000968419269 0.043597123671247268 -0.061564928945891988 -0.063601692389529021 0.056763783439379691 0.059397982313882249 -0.081297450337234164 0.0023977736720043768 -0.0080662323283645556 -0.075229681618378341 0.061037870862068702
leaf_weight=1.2666323035955418 14.238253496587275 11.952067136764525 12.587368465960028 5.5343924835324287 3.1430479288101187 1.5376223251223589 4.8732980191707602 17.809663265943531 1.7014559358358381 0.69412185251712699 4.0446743369102469 3.634074889123438 0.59313087165355582 50.60664027929306
leaf_count=7 116 22 97 12 10 11 34 46 4 3 13 17 3 94
internal_value=0.0260369 0.00758456 0.0209041 -0.011905 -0.0404955 0.0424733 0.0272893 0.0473596 -0.0317711 0.050878 0.0535868 0.0371479 0.0552816 0.0594593
internal_weight=134.216 77.0112 62.773 24.8989 15.7304 37.8741 25.922 19.3473 6.57475 57.2052 55.9386 9.16847 55.2444 51.1998
internal_count=489 369 253 136 107 117 95 57 38 120 113 29 110 97
is_linear=0
shrinkage=0.05


Tree=21
num_leaves=15
num_cat=0
split_feature=114 156 40 75 101 19 179 87 67 183 124 116 164 105
split_gain=27.0045 17.5973 17.3534 11.7287 9.56006 8.49947 7.17499 7.11018 6.05844 11.9453 13.9721 4.46534 6.61998 4.8453
threshold=0.068104353976137691 0.15354134287175594 0.1176464280550758 0.10777549568727506 -0.0064983068831952146 1.0000000180025095e-35 -0.1003845651519501 0.031528677169050993 1.0000000180025095e-35 0.023962332680026857 0.028974644087587754 -0.096432789276763756 -0.036966453773190001 -0.085382500107261144
decision_type=2 2 10 2 2 2 2 2 2 2 2 2 2 2
left_child=1 3 -2 5 -4 -1 7 -7 9 10 -8 12 -10 -13
right_child=2 -3 4 -5 -6 6 8 -9 11 -11 -12 13 -14 -15
leaf_value=-0.059225285686189039 -0.05863488768419986 -0.062622415820249008 0.071553191699960467 -0.038139716285169947 -0.034224444926933315 -0.066756728489640066 -0.070350111558585365 0.050538040918010355 0.062833602835180677 0.059002357262960242 0.039744574086485282 -0.074509221035999842 -0.036770451332353515 0.065092067807939843
leaf_weight=1.9443499892950047 13.962467014789583 4.318163461983203 5.4948937147855759 4.5272981226444236 3.4944844692945463 2.707583747804164 5.0751479417085665 2.4712111800909042 3.9268022775650024 15.519335776567457 6.6682815179228783 0.62893611192703147 2.9002659618854514 52.986372955143452
leaf_count=16 128 34 10 27 18 17 30 5 7 37 19 3 14 104
internal_value=0.0253241 0.0361885 -0.02375 0.0404829 0.0304337 0.0442366 0.0464023 -0.0107862 0.0497792 0.0302122 -0.00783495 0.0586049 0.0205199 0.0634545
internal_weight=126.626 103.674 22.9518 99.3556 8.98938 94.8283 92.8839 5.17879 87.7051 27.2628 11.7434 60.4424 6.82707 53.6153
internal_count=469 313 156 279 28 252 236 22 214 86 49 128 21 107
is_linear=0
shrinkage=0.05


Tree=22
num_leaves=15
num_cat=0
split_feature=114 41 29 115 156 81 98 57 115 174 38 182 187 145
split_gain=29.2153 17.5018 11.4125 10.3 8.39685 9.15925 7.78695 6.83795 9.11816 6.43315 6.45611 4.96337 4.74035 4.52805
threshold=-0.051476309085755706 0.14657382346148454 1.5000000000000002 -0.021983967948353049 0.14170302541049104 -0.094029659249290201 -0.024754323582351113 -1.4999999999999998 0.014425472193667389 -0.073917693546063395 0.021042927503601667 0.030959687839764147 -0.15508369934692431 -0.078000175069782088
decision_type=2 8 2 2 2 2 2 2 2 2 2 2 2 2
left_child=4 2 3 -2 5 -1 -6 -3 11 -7 -11 -9 -12 -14
right_child=1 7 -4 -5 6 9 -8 8 -10 10 12 -13 13 -15
leaf_value=-0.066705589338747887 0.060691926603984037 0.060475247462803784 -0.05218094426890163 -0.056397032515822433 0.049667488186622859 -0.012423261524250341 -0.065991433916904735 -0.013064419388147716 -0.064901452583142824 -0.020251311218069099 -0.076849031422859232 0.064335614225477941 -0.019129285299403029 0.061775192099665734
leaf_weight=1.6631086096167553 5.2227413579821587 9.7597495615482348 18.902344822883606 2.9329628646373767 2.6949405893683434 3.6890912652015677 3.16372276097536 3.575261674821375 3.4204916879534712 2.7179186642169944 0.64228735864162345 4.9237262904644012 1.7764589935541142 65.346005819737911
leaf_count=10 17 19 170 31 7 15 20 15 21 13 3 9 8 122
internal_value=0.0266057 -0.00403149 -0.0308512 0.0185843 0.0448834 0.0493389 -0.0127892 0.0294425 0.00403267 0.0519409 0.0553098 0.0317758 0.0583404 0.059634
internal_weight=130.431 48.7373 27.058 8.1557 81.6935 75.8349 5.85866 21.6792 11.9195 74.1718 70.4827 8.49899 67.7648 67.1225
internal_count=480 282 218 48 198 171 27 64 45 161 146 24 133 130
is_linear=0
shrinkage=0.05


Tree=23
num_leaves=15
num_cat=0
split_feature=114 40 41 51 6 138 99 48 179 87 38 114 163 101
split_gain=20.4073 18.5447 11.303 12.9488 11.3317 8.78117 10.4901 6.92896 7.66295 9.3099 6.75534 6.61759 6.58819 7.74047
threshold=0.068104353976137691 0.10834372699345642 0.1181926818007485 -0.0081501047677488402 136.00000000000003 0.032859528076552791 0.0692269135477145 31.861042183622832 0.034330480030459791 0.068765061115864584 0.07334636021029893 -0.14722396116467545 0.044364219821980778 -0.0064983068831952146
decision_type=2 10 8 2 8 2 2 8 2 2 2 2 2 2
left_child=2 -2 3 4 -1 7 -7 -6 9 10 -9 -12 13 -3
right_child=1 12 -4 -5 5 6 -8 8 -10 -11 11 -13 -14 -15
leaf_value=-0.062899880397606703 -0.057720540440594728 0.053637137440591093 0.055488414021382208 -0.062558396990759033 -0.033652696892878191 -0.045736634081569111 0.083963042439568938 0.057855157538398719 0.070811926590234095 -0.047368637206556978 0.049063420393119513 -0.062404342156149574 0.063045284471254889 -0.063901131474884451
leaf_weight=3.1750487312674522 12.118393778800966 2.5732539147138596 46.275933764874935 4.140560954809188 2.7979461401700965 6.210910536348818 2.081429660320282 15.67356107383967 19.567743979394436 3.4440746232867232 2.6322505474090576 2.6944764405488959 6.6700916588306427 3.0739967077970487
leaf_count=24 120 6 95 32 15 37 3 38 36 18 6 20 14 20
internal_value=0.0274807 -0.0138065 0.0367625 0.0228794 0.0289497 0.0342421 -0.0131812 0.0426431 0.0474934 0.0288269 0.0413231 -0.00732153 0.0293982 -0.0103431
internal_weight=133.13 24.4357 108.694 62.418 58.2774 55.1024 8.29234 46.8101 44.0121 24.4444 21.0003 5.32673 12.3173 5.64725
internal_count=484 160 324 229 197 173 40 133 118 82 64 26 40 26
is_linear=0
shrinkage=0.05


Tree=24
num_leaves=15
num_cat=0
split_feature=114 40 156 64 75 45 177 115 180 151 29 114 87 172
split_gain=19.3061 20.0915 14.4233 10.1285 8.23696 9.09237 16.9535 6.84399 7.64421 5.78503 5.72472 7.91756 6.99301 5.90354
threshold=0.0028238944361752118 0.081478597397603936 0.15354134287175594 8.5000000000000018 0.095600166254487653 0.21152188547174142 -0.038921977612228549 -0.036172238017957221 -0.015121331227672823 0.017701028774073809 3.5000000000000004 -0.11698417420751889 -0.013542436188158863 -0.026978997644810689
decision_type=2 10 2 2 2 2 2 2 2 2 2 2 2 2
left_child=2 -2 4 -3 5 10 -7 -5 -9 -6 -1 13 -13 -12
right_child=1 3 -4 7 9 6 -8 8 -10 -11 11 12 -14 -15
leaf_value=0.06159080326274663 -0.051964110833742111 -0.060689009074221867 -0.062886489543165391 0.079673415510481224 -0.065395717677932702 0.054350624444786111 -0.066194874211444307 0.041896731351110057 -0.059972339566840928 0.045180152481715703 0.0060744040360150202 0.026679412298939345 -0.064106385558099041 0.074412992500328082
leaf_weight=48.814349122345448 14.109999828040598 2.8161093592643764 3.4384745284914962 6.9184641167521521 2.9703763127326956 7.095286101102829 4.9527223706245405 6.7043869346380269 2.5389785766601491 1.9655336886644361 4.4676793515682229 6.3463872671127319 3.1859771907329542 10.798982322216034
leaf_count=94 140 24 26 12 18 17 31 20 21 6 13 19 20 16
internal_value=0.0260702 -0.00677828 0.0376285 0.0268171 0.0414434 0.0450623 0.00479651 0.0420646 0.0139152 -0.0213632 0.0516525 0.0320899 -0.00366369 0.0544142
internal_weight=127.124 33.0879 94.0358 18.9779 90.5973 85.6614 12.048 16.1618 9.24337 4.93591 73.6134 24.799 9.53236 15.2667
internal_count=477 217 260 77 234 210 48 53 41 24 162 68 39 29
is_linear=0
shrinkage=0.05


Tree=25
num_leaves=15
num_cat=0
split_feature=20 114 153 114 148 40 50 88 104 115 166 137 116 57
split_gain=16.8644 11.0576 11.9518 10.1401 9.2496 8.7904 8.20727 9.0767 7.97426 7.89439 9.06951 5.80979 4.86324 6.77155
threshold=2860.5000000000005 0.0028238944361752118 0.25721019096970538 -0.13745383212789372 -0.027441531571258847 0.052955966152586478 0.010430616410747122 -0.013136659314560557 0.0091502677262591224 1.0000000180025095e-35 -0.045965491194109691 0.036077347443131402 -0.082976664616051507 -1.4999999999999998
decision_type=2 2 2 2 2 10 2 2 2 2 2 2 2 2
left_child=3 6 -3 8 -4 -6 7 11 -1 -7 -11 -2 13 -8
right_child=1 2 4 -5 5 9 12 -9 -10 10 -12 -13 -14 -15
leaf_value=-0.035670583242920842 -0.010165863792602281 -0.059752155827089648 -0.058164781223640716 -0.057968172173513022 -0.05880334060859338 0.06710112115251568 0.050104172842593046 -0.067828900999501104 0.062740106490635314 0.059213957271237141 -0.057887355102977656 0.070649685490552991 0.053984113398576908 -0.04245901242794814
leaf_weight=3.7379341423511523 4.466101832687853 5.5989184454083469 3.2033702954649987 9.0408995226025564 2.3322982713580123 12.660491369664671 4.9083767905831337 3.2257981821894637 4.5815123170614243 3.2537866532802671 3.3619211912155054 4.4295498207211494 57.173220485448837 3.3070890083909017
leaf_count=17 19 50 31 91 22 28 12 20 9 6 32 8 119 18
internal_value=0.0244274 0.0317851 0.00623372 -0.0213114 0.0211238 0.0328779 0.04181 0.00402115 0.0185241 0.0439708 -0.000293716 0.0300759 0.0488152 0.0128434
internal_weight=125.281 107.921 30.4108 17.3603 24.8119 21.6085 77.5101 12.1214 8.31945 19.2762 6.61571 8.89565 65.3887 8.21547
internal_count=482 365 169 117 119 88 196 47 26 66 38 27 149 30
is_linear=0
shrinkage=0.05


Tree=26
num_leaves=15
num_cat=0
split_feature=156 45 162 18 83 50 53 43 191 137 82 158 183 110
split_gain=15.8697 13.5908 10.1939 10.8271 9.78575 8.8575 8.42944 10.2597 9.41224 7.047 4.87845 4.60603 4.14836 2.78678
threshold=0.15354134287175594 0.19997450292588381 -0.025885140777879137 4108.0000000000009 0.030667130805874038 0.018757586173487873 -0.49193834005319398 0.42323615958231825 0.061272394035945359 0.007029639266080562 -0.11138935856424045 -0.24578916820992627 0.0046087503251203117 -0.067243488939317142
decision_type=2 2 2 8 2 2 2 2 2 2 2 2 2 2
left_child=1 2 3 -1 12 -3 10 -8 -9 -7 -4 -12 -5 -13
right_child=-2 5 6 4 -6 9 7 8 -10 -11 11 13 -14 -15
leaf_value=-0.049826067389085911 -0.059689430604887531 -0.061426016180746362 -0.029474457668465494 0.0037794682030652376 -0.046102973363045599 -0.040488357810899878 0.05457856750957274 -0.062231987360302957 0.05329314113249 0.055701438215481042 -0.064391058996491307 0.020079396647676388 0.064248636035229248 0.06141939212506653
leaf_weight=6.1891246996819973 5.3070382401347151 6.2388947159051877 1.7077062129974354 4.0119632333517137 3.6010784432291976 3.1278590187430382 7.5337106101214877 5.65405575186014 2.5620369389653206 4.8666733875870705 0.7790069356560626 4.4378601461648861 9.6786046996712667 50.084571391344085
leaf_count=48 51 52 7 19 22 19 19 49 8 14 5 18 21 106
internal_value=0.0247682 0.0288255 0.0355699 0.00692482 0.0272374 -0.0167768 0.0448142 0.0124354 -0.0262076 0.0180672 0.0537594 0.0563297 0.0465284 0.0580545
internal_weight=115.78 110.473 96.2397 23.4808 17.2916 14.2334 72.7589 15.7498 8.21609 7.99453 57.0091 55.3014 13.6906 54.5224
internal_count=458 407 322 110 62 85 212 76 57 33 136 129 40 124
is_linear=0
shrinkage=0.05


Tree=27
num_leaves=15
num_cat=0
split_feature=114 41 32 132 170 102 33 104 110 20 141 86 184 7
split_gain=22.8155 14.4518 13.0027 8.13362 8.12239 6.80693 13.0026 6.61902 11.8914 6.02865 4.37259 3.96941 6.83917 3.02017
threshold=-0.051476309085755706 0.1639462684128111 2.5000000000000004 0.033942384456936828 -0.0017611590283602495 0.0025329611134082184 4.5000000000000009 0.0076106219556930426 -0.0092241849631878852 559.50000000000011 0.14327805148149733 -0.023753812446953796 0.035981474564990103 529.00000000000011
decision_type=2 8 8 2 2 2 2 2 2 2 2 2 2 10
left_child=5 2 4 11 -2 6 7 8 -1 -7 -4 -3 -13 -11
right_child=1 3 10 -5 -6 9 -8 -9 -10 13 -12 12 -14 -15
leaf_value=0.042096880822264558 0.055514421954322352 0.070638124703884628 -0.056906511744936911 -0.043329235582488058 -0.058877050374438314 -0.062315230507698618 -0.066163038918278738 0.052050821737230649 -0.072045457429662771 -0.068432596760777092 0.054919762034701572 -0.037435472040845061 0.054796618623288475 0.061412956488739623
leaf_weight=6.5080805942416191 5.7969748303294182 7.1386056095361718 17.945605091750625 3.2927641198039046 2.1190568953752544 1.0446053594350804 3.5492515638470641 19.554831139743328 3.5137833282351512 0.45397433638572593 0.9189220517873754 3.2185898125171661 5.3522692024707794 33.107967302203178
leaf_count=19 20 13 194 17 19 7 21 42 19 3 3 16 12 64
internal_value=0.0220376 -0.00522732 -0.0288905 0.028122 0.0248928 0.040467 0.024266 0.0351176 0.00207723 0.0559749 -0.0514593 0.0430985 0.020161 0.0596566
internal_weight=113.515 45.7828 26.7806 19.0022 7.91603 67.7325 33.1259 29.5767 10.0219 34.6065 18.8645 15.7095 8.57086 33.5619
internal_count=469 294 236 58 39 175 101 80 38 74 197 41 28 67
is_linear=0
shrinkage=0.05


Tree=28
num_leaves=15
num_cat=0
split_feature=114 156 115 40 45 116 134 81 81 192 192 189 81 48
split_gain=19.0566 13.7321 12.8813 18.8789 8.9042 7.95788 5.75549 6.50589 5.4177 5.12954 4.26755 3.91047 5.81403 3.84853
threshold=-0.14722396116467545 0.10016568025782867 -0.031765507000748809 0.070041759821863378 0.21560187163343197 0.018873485923734393 -0.038311528116810822 -0.029413802418791463 -0.094785780872412642 -0.023243740861485021 -0.075683839788409465 -0.0061794502949593802 -0.039116487569940121 12.435807656395893
decision_type=2 2 2 8 2 2 2 2 2 2 2 2 2 8
left_child=8 2 4 -4 6 9 7 -2 -1 -5 -10 12 -8 -12
right_child=1 -3 3 5 -6 -7 11 -9 10 -11 13 -13 -14 -15
leaf_value=-0.066302922831474209 0.047815426080356598 -0.04778855604632469 -0.060615257518005464 -0.016485425890548449 -0.036816803572076638 -0.039505071728050185 -0.031800945470804483 -0.066370807950056718 -0.068039342653804624 0.054615526085786251 -0.069044214082041186 0.065339287530721227 0.046580744086608165 0.058923410722679474
leaf_weight=0.94146483391523261 2.5897345244884491 8.8378380462527257 10.594355165958406 3.2297605127096203 3.8462442532181731 4.0621481612324706 2.9439252242445901 2.4067239165306082 0.69319510459899802 11.821211859583853 0.59619835019111533 19.015241779386997 12.048503763973715 40.437645956873894
leaf_count=6 8 83 102 16 29 31 18 15 4 31 3 38 32 78
internal_value=0.0252441 0.011056 0.0182235 -0.00707826 0.0357649 0.0225972 0.0429222 -0.00718648 0.0523096 0.0393581 0.0549858 0.0502843 0.0311897 0.0570641
internal_weight=124.064 81.3957 72.5578 29.7075 42.8504 19.1131 39.0041 4.99646 42.6685 15.051 41.727 34.0077 14.9924 41.0338
internal_count=494 403 320 180 140 78 111 23 91 47 85 88 50 81
is_linear=0
shrinkage=0.05


Tree=29
num_leaves=15
num_cat=0
split_feature=114 50 20 32 57 39 44 54 181 41 49 49 179 148
split_gain=12.8859 14.6991 12.4109 8.65174 10.7935 8.76718 7.87075 7.75148 10.4164 6.91669 8.73541 5.43521 3.13852 3.13863
threshold=-0.11846429485412056 0.010430616410747122 2792.5000000000005 2.5000000000000004 -1.0000000180025095e-35 0.11529318556874421 664757.00000000012 23.500000000000004 0.017313442001442577 0.13724885124494365 2923.0000000000005 -642.99999999999989 -0.1003845651519501 -0.040687003950799626
decision_type=2 2 2 8 2 2 2 2 2 8 2 2 2 2
left_child=7 -2 -3 -4 9 6 -6 11 -9 10 -5 -1 -13 -14
right_child=1 2 3 4 5 -7 -8 8 -10 -11 -12 12 13 -15
leaf_value=-0.025236427113835971 -0.05045721363269913 -0.057166008258947798 0.060315843130621799 0.05547568965948653 -0.053996203408658627 0.063748754287802287 0.048673034654408601 -0.067954874240106211 0.044315365762806043 0.05553289162634259 -0.058172346668273783 -0.0013070073141748146 0.022475619853926945 0.064410877766350599
leaf_weight=2.24149465560913 9.3382392674684507 5.0611611418426028 12.865551516413687 3.1435197368264163 10.638488229364158 2.6575889587402335 2.2639524266123763 3.5119211599230749 5.0179158225655556 14.389451742172243 3.6588304340839386 2.3392919301986685 5.2035163491964296 31.307864189147953
leaf_count=10 93 55 30 8 87 5 8 20 12 30 36 8 13 56
internal_value=0.0223419 0.00751828 0.0174196 0.0250276 0.0126744 -0.0189477 -0.0359811 0.0414657 -0.00190876 0.0358928 -0.00565302 0.0504693 0.0548372 0.0584344
internal_weight=113.639 64.0168 54.6785 49.6174 36.7518 15.56 12.9024 49.622 8.52984 21.1918 6.80235 41.0922 38.8507 36.5114
internal_count=471 352 259 204 174 100 95 119 32 74 44 87 77 69
is_linear=0
shrinkage=0.05


Tree=30
num_leaves=15
num_cat=0
split_feature=45 53 0 132 50 53 138 152 93 57 112 137 91 167
split_gain=13.0274 9.50586 8.96103 7.8357 7.55653 8.64463 7.46616 7.40987 6.59975 4.94754 6.17093 5.1544 4.65964 3.87644
threshold=0.13640170035321619 -0.25420649561182845 1774.5000000000002 -0.021264856446973245 0.0095677164411458702 -4.8549676801133907 -0.067256376102799956 0.073611222006316798 -0.051821527129664924 -1.0000000180025095e-35 -0.024170447415947868 -0.028692869559676894 -0.020200929898597082 0.049386803923131301
decision_type=2 2 2 2 2 2 2 2 2 2 2 2 2 2
left_child=1 4 6 -4 5 -1 -2 -3 -5 -6 11 -11 -7 -12
right_child=2 7 3 8 9 12 -8 -9 -10 10 13 -13 -14 -15
leaf_value=0.06212808460915531 0.049013711532453444 -0.059148155550253427 0.049927376774022675 0.03900715743886779 0.0550732863046993 0.01861502904180588 -0.061546878374722336 0.057193804879660498 -0.061129348257855202 0.03683929160261859 0.048404797320750211 -0.064658866953714353 -0.062212469973209929 -0.0084049952295452701
leaf_weight=3.7078671902418137 1.8416170738637436 4.656649161130189 8.2376759797334653 2.6907969117164603 40.019689280539751 2.8972272202372551 8.9380516260862368 1.9382664300501344 4.2354593649506569 2.1585890538990498 18.108383171260364 2.9744465090334407 4.636811997741459 3.5997164621949187
leaf_count=7 8 48 24 8 97 13 84 6 37 6 52 22 40 18
internal_value=0.0231942 0.0326897 -0.00780577 0.0169702 0.0375572 -0.000371189 -0.0426585 -0.0249549 -0.0222271 0.0439344 0.0273265 -0.021976 -0.0311301 0.0389844
internal_weight=110.641 84.6976 25.9436 15.1639 78.1027 11.2419 10.7797 6.59492 6.92626 66.8608 26.8411 5.13304 7.53404 21.7081
internal_count=470 309 161 69 255 60 92 54 45 195 98 28 53 70
is_linear=0
shrinkage=0.05


Tree=31
num_leaves=15
num_cat=0
split_feature=114 13 40 102 132 99 126 153 151 148 183 72 136 121
split_gain=14.0661 9.24617 8.89358 8.6765 7.64237 6.77265 6.1237 5.71598 5.18755 4.5201 3.869 4.80135 4.27581 3.7975
threshold=0.0028238944361752118 1478.0000000000002 0.056950088833175871 0.020175331182880212 -0.0083692573218822636 0.0692269135477145 -0.016809551936594318 0.25721019096970538 -0.045220255969449084 0.026413428351626106 -0.071014554128715282 0.20526315789473687 -0.093171443689148842 -0.0057743217432273345
decision_type=2 2 8 2 2 2 2 2 2 2 2 10 2 2
left_child=2 4 3 5 -2 8 -5 -6 -1 -8 11 -4 -12 -9
right_child=1 -3 10 6 7 -7 9 13 -10 -11 12 -13 -14 -15
leaf_value=0.017532925136663925 -0.0432025371171895 -0.043612859490229215 -0.040732409029063416 0.070308273455203962 -0.059141377772633709 0.055694902639171151 -0.040608922892723776 -0.0053436864555328964 -0.061729563966623047 0.055525695710855971 -0.082126576073056359 0.051631871798932638 0.049731232655800824 0.058457756963469477
leaf_weight=2.8775391876697531 4.4729375466704395 11.257353730499743 2.8851812183856955 6.5231318287551403 1.5411208570003534 2.2985128611326209 3.1040779501199705 3.0869601108133802 7.3038828559219864 2.017393670976162 0.62269973754882713 2.7462643980979919 48.571243703365326 9.5396246314048732
leaf_count=9 45 124 14 13 15 6 19 21 58 5 3 6 110 25
internal_value=0.0213753 -0.00783271 0.0324362 0.00713778 0.0137754 -0.0218269 0.0381803 0.0317642 -0.0393279 -0.00274063 0.0435682 0.00431051 0.0480622 0.0428595
internal_weight=108.848 29.898 78.9499 24.1245 18.6406 12.4799 11.6446 14.1677 10.1814 5.12147 54.8254 5.63145 49.1939 12.6266
internal_count=473 230 243 110 106 73 37 61 67 24 133 20 113 46
is_linear=0
shrinkage=0.05


Tree=32
num_leaves=15
num_cat=0
split_feature=114 39 43 78 113 50 189 16 0 32 155 15 161 15
split_gain=13.5808 11.8037 6.95522 9.54891 6.81687 5.53621 7.72042 5.50249 5.07336 6.45435 4.54104 7.77295 4.3458 3.99858
threshold=0.025162108979562319 0.11529318556874421 1.2419114696768787 0.052901488971268409 0.25092654076271798 0.011650409378339298 -0.0024444689057119364 4498143.0000000009 891.00000000000011 3.5000000000000004 -0.012599704692149927 74541.000000000015 -0.095162972504982277 173694.50000000003
decision_type=2 2 2 2 2 2 2 2 2 10 2 2 2 2
left_child=2 7 5 4 -4 6 -1 12 9 10 -7 -12 -2 -5
right_child=1 -3 3 13 -6 8 -8 -9 -10 -11 11 -13 -14 -15
leaf_value=-0.045823951787788114 0.024784875190168261 0.046807970964935469 0.072148193382709544 -0.0077364428938140094 -0.052651790913144314 0.061239035933495722 0.036508359940439467 0.068440678338157965 0.053409520504249831 -0.046785996310014288 -0.064728657103224965 0.0607180396827438 -0.050335404529367495 0.058343762804222536
leaf_weight=4.4891154915094376 2.208889998495585 6.1128507405519477 1.2740494608879105 3.4867182821035367 7.7512070946395397 7.0270444303750983 7.7855414450168592 1.2381814718246449 37.876103490591049 2.9833815172314635 2.4429878294467917 2.4969209730625153 14.995291616767647 6.6661433279514313
leaf_count=31 9 15 2 15 60 15 21 2 88 13 18 5 173 14
internal_value=0.0193163 -0.0134055 0.02885 0.00238598 -0.0350344 0.0366461 0.0063976 -0.0333637 0.0436745 0.0190113 0.0354147 -0.00132051 -0.0406905 0.0356504
internal_weight=108.834 24.5552 84.2792 19.1781 9.02526 65.1011 12.2747 18.4424 52.8264 14.9503 11.967 4.93991 17.2042 10.1529
internal_count=481 199 282 91 62 191 52 184 139 51 38 23 182 29
is_linear=0
shrinkage=0.05


Tree=33
num_leaves=15
num_cat=0
split_feature=114 38 161 0 117 114 40 174 188 116 74 8 37 24
split_gain=13.2387 13.6129 8.43726 6.02619 8.21661 8.12868 5.9268 9.01066 5.68375 5.08803 5.44146 4.80821 4.52533 6.29209
threshold=-0.010204576413356368 0.12726452491863108 -0.10173829857636645 982.00000000000011 -0.015697333213204871 -0.1909050155076801 0.065477628801382401 -0.021241956102043224 -0.082394953962571002 -0.0045500494306609969 -0.080472683003116607 83125.000000000015 0.63843584558261002 -109999.99999999999
decision_type=2 2 2 2 2 2 8 2 2 2 2 2 2 2
left_child=3 2 -2 4 11 -6 7 -5 -7 10 -9 -1 13 -3
right_child=1 12 -4 6 5 8 -8 9 -10 -11 -12 -13 -14 -15
leaf_value=0.056042029769361894 0.048140367781288357 0.065797228240570924 -0.050315130199295247 -0.04541949392187488 0.051479533306890958 0.042392775693084792 0.055608840121020277 0.046191954608773719 -0.06697884226027194 0.052155270583167782 -0.06372970734732826 -0.0097794148926596512 0.054771369344796185 -0.057769853517191105
leaf_weight=9.7121398374438304 2.5502139106392887 1.7088491916656483 14.829747363924982 4.0811299718916443 2.8392332494258881 1.4526026546955106 30.74679184705019 2.2345609664916992 6.5176139436662179 13.544963769614691 2.269193693995482 3.8841293081641188 8.0855247899889928 2.5941790416836739
leaf_count=24 8 3 172 27 6 4 67 5 46 32 17 15 17 29
internal_value=0.0210088 -0.007322 -0.0358685 0.0319216 0.0113704 -0.0211667 0.0414072 0.0216758 -0.0470454 0.0368472 -0.00919151 0.0372384 0.032726 -0.00869801
internal_weight=107.051 29.7685 17.38 77.2824 24.4057 10.8094 52.8766 22.1298 7.97022 18.0487 4.50375 13.5963 12.3886 4.30303
internal_count=472 229 180 243 95 56 148 81 50 54 22 39 49 32
is_linear=0
shrinkage=0.05


Tree=34
num_leaves=15
num_cat=0
split_feature=114 41 180 80 35 90 78 168 157 115 157 100 16 174
split_gain=13.5565 10.1108 7.9458 7.6109 13.496 6.44569 6.76886 5.14004 4.87779 4.12115 3.59208 3.52946 3.35871 2.95053
threshold=0.0028238944361752118 0.13724885124494365 -0.018444808450740337 0.021973811967128203 3.5000000000000004 0.047990551026058731 -0.019343398935030374 0.016256273129187756 0.21083625896594776 -0.13687413312221555 -0.1926683778675001 0.087402848455556389 52728.500000000007 -0.073917693546063395
decision_type=2 8 2 2 2 2 2 2 2 2 2 2 2 2
left_child=3 8 -3 5 7 9 -7 12 -2 -1 -11 -4 -5 -12
right_child=1 2 11 4 -6 6 -8 -9 -10 10 13 -13 -14 -15
leaf_value=-0.067009470106910149 -0.054348023434298842 0.043174961487166527 -0.061225197185576091 -0.0092853871856801631 -0.065168130551265843 0.030454471996135227 -0.069331013033255076 -0.027344713830171931 0.078979613330986853 -0.068905198597537146 -0.019438656105888075 0.03197003571830509 0.053173243345310497 0.051001217927942669
leaf_weight=0.80327051877975364 11.233595702797171 9.3720237687230092 3.5893143191933659 2.7017178200185361 5.3168854750692836 4.850967176258564 2.6159886792302123 3.5376020744442931 0.73061388731002885 0.65752357989549537 1.535584084689616 1.4169874489307401 10.586683832108973 46.63110713288188
leaf_count=5 168 26 28 15 38 15 17 20 1 4 8 5 24 114
internal_value=0.0188256 -0.0122478 0.0160089 0.029156 0.00427296 0.0388063 -0.00450458 0.0262158 -0.0462062 0.0453229 0.047171 -0.0348471 0.0404745 0.0487556
internal_weight=105.58 26.3425 14.3783 79.2373 22.1429 57.0944 7.46696 16.826 11.9642 49.6275 48.8242 5.0063 13.2884 48.1667
internal_count=488 228 59 260 97 163 32 59 169 131 126 33 39 122
is_linear=0
shrinkage=0.05


Tree=35
num_leaves=15
num_cat=0
split_feature=32 156 48 114 39 183 79 187 50 33 82 35 167 121
split_gain=11.062 8.9552 8.71775 8.51796 9.47954 6.89939 7.54585 5.77621 5.76372 4.94559 5.16399 4.89259 4.35003 3.82879
threshold=3.5000000000000004 0.15109197541915056 177.74528301886795 -0.059261173239269847 0.026106664243418454 -0.069528595643438343 -0.064978977362275883 -0.014736488473313681 0.010064544992763717 4.5000000000000009 -0.12183198687827404 1.5000000000000002 -0.068855510568607031 -0.049340675512464141
decision_type=10 2 10 2 2 2 2 2 2 2 2 2 2 2
left_child=1 3 -2 9 -5 -6 -7 -4 -8 10 -1 -11 -10 -14
right_child=2 -3 7 4 5 6 8 -9 12 11 -12 -13 13 -15
leaf_value=-0.037823197915643425 -0.068828713587435128 -0.058230927618918071 -0.061942137281478661 -0.045625126345735914 -0.061258174487031337 -0.05805986983902716 -0.057744594968291679 0.02874389077625061 -0.056542150047755479 0.045852269888227139 0.052268473362958881 -0.042710084511695307 -0.054670872656835068 0.051353610005472186
leaf_weight=1.6552844047546376 5.7206431664526454 3.0534486658871165 2.2630019932985297 6.209573406726121 2.2885279133915892 2.2830947563052204 1.5166624076664508 7.8360980451107016 1.0549625270068705 3.0835828185081473 40.692681789398193 3.1551698669791222 0.88549749180675519 22.184760980308045
leaf_count=7 43 37 19 70 22 24 16 34 13 8 98 18 12 65
internal_value=0.0189834 0.0258988 -0.0195123 0.0289206 0.0106407 0.0222047 0.0290447 0.008423 0.0368003 0.0426242 0.048747 0.00106298 0.0427439 0.0472841
internal_weight=103.883 88.0632 15.8197 85.0098 36.4231 30.2135 27.925 10.0991 25.6419 48.5867 42.348 6.23875 24.1252 23.0703
internal_count=486 390 96 353 222 152 130 53 106 131 105 26 90 77
is_linear=0
shrinkage=0.05


Tree=36
num_leaves=15
num_cat=0
split_feature=114 156 38 163 32 114 0 41 84 121 90 82 102 189
split_gain=11.9808 10.2287 8.91018 6.48583 5.86106 8.03867 9.46771 5.41817 6.44686 4.55915 3.5669 3.18676 2.70709 6.24703
threshold=0.091515411531581867 0.15354134287175594 0.0146083609419144 0.17447586906704024 2.5000000000000004 -0.11698417420751889 906.50000000000011 0.082467846917653312 0.15119294893637542 0.079962998338326416 -0.0483078018283256 -0.061753893982219497 0.0025329611134082184 -0.0098404167598364987
decision_type=2 2 2 2 8 2 2 8 2 2 2 2 2 2
left_child=1 2 -1 9 -4 10 -7 8 -8 -2 -6 -9 13 -12
right_child=3 -3 4 -5 5 6 7 11 -10 -11 12 -13 -14 -15
leaf_value=-0.059730196155575246 -0.056707347180615736 -0.059275433918138998 0.055419663441748881 0.055503230078748717 -0.010121034720477942 -0.05247245058091398 -0.057302947803528896 -0.0063546935282568148 0.062229757298149252 0.036092156613799262 -0.024687061830791904 0.046665875364947956 0.059820493231965213 0.048063114553285602
leaf_weight=2.7143239565193644 8.7189650610089284 3.3772480823099604 20.67148781567812 2.0140123739838591 3.190996825695037 5.7886748686432865 3.9413399063050756 3.6882329061627397 1.5802960023283956 1.5603908896446217 3.8561313301324871 12.23610597103834 16.13176491856575 12.569227755069731
leaf_count=27 116 37 53 5 12 46 44 16 4 7 17 32 33 29
internal_value=0.0197465 0.0260875 0.0294254 -0.026545 0.0323182 0.0247361 0.00427089 0.019587 -0.0230926 -0.0426205 0.0403275 0.0343858 0.0452721 0.0309838
internal_weight=102.039 89.7458 86.3686 12.2934 83.6543 62.9828 27.2346 21.446 5.52164 10.2794 35.7481 15.9243 32.5571 16.4254
internal_count=478 350 313 128 286 233 142 96 48 123 91 48 79 46
is_linear=0
shrinkage=0.05


Tree=37
num_leaves=15
num_cat=0
split_feature=114 156 29 135 40 99 189 178 33 150 53 80 87 191
split_gain=9.26525 10.4572 8.49946 10.3678 7.59632 7.00848 6.66585 6.74183 6.57089 6.63675 4.62156 3.84486 3.44333 3.43606
threshold=-0.1430355544022513 0.10016568025782867 3.5000000000000004 -0.06227391424833905 0.050511868264339531 0.095267929361549028 0.0085108267738211191 -0.010684476054962351 4.5000000000000009 0.039907948098413228 -0.24519327162765919 0.033268025205918005 -0.067256208813502721 -0.062054251892824049
decision_type=2 2 2 2 8 2 2 2 2 2 2 2 2 2
left_child=8 2 4 -4 5 -2 -5 -8 11 -10 12 -1 -6 -12
right_child=1 -3 3 6 10 -7 7 -9 9 -11 13 -13 -14 -15
leaf_value=0.056735383237728136 -0.057309303662562275 -0.057511366438610503 0.052550083431743971 -0.06114864862936549 -0.022587151370818473 0.055504432239182167 -0.066977787956757462 0.036791562702033563 -0.069481108584352844 0.048770704848213678 0.04871756946455312 0.0094526978876011275 0.049764879817143191 -0.058843644940998932
leaf_weight=24.819207668304447 4.3300905860960492 5.5933045893907538 4.8167626261711147 8.5499074421823007 1.75589512288571 2.0184402912855148 2.2872208133339882 4.9586014039814463 2.5577630251646033 2.2132466360926628 1.1869467161595824 5.2003457844257346 25.906498946249485 1.9828523509204377
leaf_count=54 50 70 14 81 11 6 21 20 14 6 4 19 75 21
internal_value=0.0191488 0.00776927 0.0140872 -0.0116654 0.0283641 -0.0214415 -0.0312473 0.00403566 0.0398818 -0.0146247 0.0386194 0.0485445 0.0451723 -0.0185668
internal_weight=98.1771 63.3865 57.7932 20.6125 37.1807 6.34853 15.7957 7.24582 34.7906 4.77101 30.8322 30.0196 27.6624 3.1698
internal_count=466 373 303 136 167 56 122 41 93 20 111 73 86 25
is_linear=0
shrinkage=0.05


Tree=38
num_leaves=15
num_cat=0
split_feature=156 114 32 44 146 44 20 76 131 107 18 136 33 84
split_gain=8.37243 7.9963 8.96676 8.56636 7.50355 7.19318 7.17813 5.47863 4.35066 4.066 3.89057 4.89944 3.63673 3.35204
threshold=0.15354134287175594 -0.14722396116467545 4.5000000000000009 3811.0000000000005 -0.048125596644816325 970150.50000000012 2792.5000000000005 -0.059864426351187473 -0.084670977536144484 0.09214056030226507 2370.5000000000005 0.030468783940640228 4.5000000000000009 0.013210020610964905
decision_type=2 2 10 2 2 2 2 2 2 2 8 2 2 2
left_child=1 10 3 6 -5 7 9 -6 -8 -3 11 -1 -10 -14
right_child=-2 2 -4 4 5 -7 8 -9 12 -11 -12 -13 13 -15
leaf_value=-0.028807913610381659 -0.057832388674707538 -0.057225456927799193 -0.062875356363468582 0.034702474419918417 0.012378571921332654 0.050614894744992894 -0.064629302837532973 -0.058832001549251889 0.050791595884175859 0.064839984217766697 0.052227589370851202 0.061026061096755208 -0.038232562069672529 0.046776424194542643
leaf_weight=3.7158144041895866 3.4624580815434447 3.164074081927537 3.8290794491767874 7.4446987733244923 3.669531129300597 2.5971090234816065 0.96272347867489116 10.233288425952194 25.396175090223554 0.86974399909377087 23.28027177602053 2.5657947808504105 2.4098581150174132 2.2352324426174164
leaf_count=17 45 42 37 29 18 8 6 111 75 3 55 5 14 7
internal_value=0.0185007 0.0213619 0.0112697 0.0160831 -0.00696688 -0.0257679 0.0318354 -0.0400366 0.0399985 -0.0309065 0.0428054 0.0078858 0.0433515 0.00267403
internal_weight=95.8359 92.3734 62.8115 58.9824 23.9446 16.4999 35.0378 13.9028 31.004 4.03382 29.5619 6.28161 30.0413 4.64509
internal_count=472 427 350 313 166 137 147 129 102 45 77 22 96 21
is_linear=0
shrinkage=0.05


Tree=39
num_leaves=15
num_cat=0
split_feature=114 67 82 41 175 17 111 80 113 102 115 39 119 177
split_gain=7.90884 11.4085 8.4566 6.63665 6.75697 5.28857 5.93581 4.95692 8.04692 4.4789 3.58547 5.71412 3.50957 3.06345
threshold=-0.11315652366706357 1.0000000180025095e-35 -0.061753893982219497 0.068272949665402274 0.11091954873400454 124124.00000000001 0.099350853188283447 0.021461415923740006 0.29311108097225352 -0.052639749872017687 0.02968907828273316 0.091223152687446254 0.1145688073702323 0.043045718901195344
decision_type=2 2 2 8 2 10 2 2 2 2 2 2 2 2
left_child=7 5 -3 4 12 6 -2 9 13 -1 -5 -12 -4 -9
right_child=1 2 3 10 -6 -7 -8 8 -10 -11 11 -13 -14 -15
leaf_value=-0.016332164498403308 -0.054880104314560363 -0.060169067460148412 -0.055828305793444583 0.045365960717967689 0.063276009548648787 0.055094079020831903 0.045962903087534729 -0.073015658595531871 0.057446518445138456 0.046561404758555712 -0.059540520492284303 0.064124439980892886 0.060668351031886773 0.0083136652166531291
leaf_weight=3.140998154878619 12.578604359179733 3.2192982845008364 5.2730673700571078 21.321375831961632 2.0659068636596203 1.5146769061684597 1.6507506519556034 3.155711427330969 3.3039661645889282 28.657223559916019 2.2069035619497295 1.6196477413177488 0.73683564364910115 1.8289069235324857
leaf_count=12 142 32 76 64 5 4 8 18 7 74 25 3 3 7
internal_value=0.0146702 0.00184083 0.0172066 0.0247041 -0.0147306 -0.0337266 -0.0431813 0.0313722 -0.00306567 0.0403488 0.0373678 -0.00719739 -0.0415454 -0.0431751
internal_weight=92.2739 52.1871 36.443 33.2237 8.07581 15.744 14.2294 40.0868 8.28858 31.7982 25.1479 3.82655 6.0099 4.98462
internal_count=480 362 208 176 84 154 150 118 32 86 92 28 79 25
is_linear=0
shrinkage=0.05


Tree=40
num_leaves=15
num_cat=0
split_feature=156 75 40 87 105 150 158 130 5 17 175 53 157 41
split_gain=9.16214 7.79146 7.18996 5.5415 5.09089 5.23354 4.60445 4.44863 4.3356 4.27234 4.04817 3.37266 5.91559 4.69515
threshold=0.15354134287175594 0.10777549568727506 0.010142437008534719 -0.11601664616580352 -0.05249107664853267 0.0048083235539925833 0.1280604680714362 -0.081157231928722665 8.5000000000000018 155391.50000000003 -0.010198232784162377 -0.5103321179641146 -0.050020393090285852 0.17203687143095009
decision_type=2 2 8 2 2 2 2 2 8 8 2 2 2 8
left_child=1 2 -1 -4 5 8 7 -6 -5 -8 -10 -9 -13 -14
right_child=-2 -3 3 4 6 -7 9 11 10 -11 -12 12 13 -15
leaf_value=-0.058032055142333373 -0.057493950458039844 -0.041963640430122934 -0.063160142277587858 0.060258222925240461 -0.034733732739404936 -0.04837734900718272 -0.065795002821717297 0.046858840639810523 0.036945929141256738 0.062136463712854056 -0.060509203851748516 -0.05726761063895458 0.0040568297060438662 0.063524128613422395
leaf_weight=2.4832401759922522 3.7345529887825242 4.4636839590966693 1.623286373913287 3.9549347013235066 2.0319697745144358 3.8045566566288462 2.0530359968543044 48.754124082624905 2.103320959955453 0.95672199130058322 2.1597803384065646 2.1325724124908456 6.9557095635682389 6.3487671017646781
leaf_count=29 50 41 14 10 14 27 21 147 10 2 18 28 48 13
internal_value=0.0192429 0.0224332 0.0258006 0.0283124 0.0301398 0.000106926 0.0353552 0.0381041 0.0225528 -0.025129 -0.012427 0.0404098 0.0200421 0.032434
internal_weight=93.5603 89.8257 85.362 82.8788 81.2555 12.0226 69.2329 66.2231 8.21804 3.00976 4.2631 64.1912 15.437 13.3045
internal_count=472 422 381 352 338 65 273 250 38 23 28 236 89 61
is_linear=0
shrinkage=0.05


Tree=41
num_leaves=15
num_cat=0
split_feature=114 84 32 57 44 52 37 130 90 102 114 147 159 164
split_gain=8.41074 9.61133 6.50549 7.11099 6.45121 5.04369 4.56272 6.52989 5.74432 4.41243 4.19154 3.93265 3.41937 3.16225
threshold=-0.0092272518693413807 0.057140667882040093 2.5000000000000004 2.5000000000000004 192.50000000000003 -0.014517262430585091 0.58352400874383215 0.026503026986509571 0.017487465871663225 0.0025329611134082184 -0.086402453393343029 -0.016483250585140424 0.037516096640605817 0.0074528247896949729
decision_type=2 2 8 2 2 2 2 2 2 2 2 2 2 2
left_child=2 4 -1 6 5 -2 7 8 13 -10 -8 -12 -3 -4
right_child=1 12 3 -5 -6 -7 10 -9 9 -11 11 -13 -14 -15
leaf_value=0.051905617968171128 -0.05964403634319957 -0.019985175083270947 0.050843510873728084 -0.043830193098914387 -0.055647794101307185 0.036951058859276471 0.049682949604903201 -0.050628039294102561 -0.071573683467821447 0.02620655988720479 0.042219103297239435 -0.046060052835722363 0.059591439547381247 -0.0027312278673318441
leaf_weight=18.220942158252001 1.910870414227247 1.8003769516944874 9.8370659835636669 4.3825773000717154 9.6841109097003919 4.6155031211674276 18.076215162873272 4.0573237240314475 2.6101649813354006 2.0677667930722237 2.526815127581358 2.5194449201226226 5.3956838473677635 3.8254281170666209
leaf_count=50 24 21 27 26 144 21 45 32 16 9 8 18 16 19
internal_value=0.0174509 -0.00840654 0.0263352 0.0169987 -0.0297538 0.00866878 0.0228552 0.00677115 0.0194692 -0.0283523 0.0384351 -0.00185601 0.0396822 0.0358429
internal_weight=91.5303 23.4065 68.1237 49.9028 16.2105 6.52637 45.5202 22.3977 18.3404 4.67793 23.1225 5.04626 7.19606 13.6625
internal_count=476 226 250 200 189 45 174 103 71 25 71 26 37 46
is_linear=0
shrinkage=0.05


Tree=42
num_leaves=15
num_cat=0
split_feature=114 50 15 39 114 153 154 128 116 82 67 45 138 162
split_gain=8.14759 7.44936 6.72247 6.76063 6.18017 5.29876 4.97149 5.88429 4.50593 4.3497 2.94046 2.74705 3.85447 1.62903
threshold=0.0028238944361752118 0.015829046839791458 60332.000000000007 0.067419594883603759 -0.1570936939392871 0.26117846347417228 -0.0052896135962647922 0.056213269267059753 0.079597664968879114 -0.12183198687827404 1.0000000180025095e-35 0.17594462464315005 -0.0029873576987208337 -0.063949299287932013
decision_type=2 2 2 2 2 2 2 2 2 2 2 2 2 2
left_child=2 -2 3 4 8 -3 7 -7 -1 -4 -5 13 -13 -11
right_child=1 5 9 10 -6 6 -8 -9 -10 11 -12 12 -14 -15
leaf_value=-0.025877543641266987 -0.054226225033892905 -0.056942319227084183 -0.038894009980495525 0.00021380659864518353 -0.052088965869203058 -0.057002845810581987 0.048991584893710478 0.048756854831742476 0.054137115032466925 0.018238668743227382 0.056295108844540198 0.042339170174978492 -0.030274519074525743 0.05194817084986264
leaf_weight=3.4780840873718262 6.6167587917298105 2.5274605080485335 1.7785116061568249 3.709394730627535 6.8594701960682887 3.2319175265729418 7.385659731924533 2.2176740989089012 3.5608234107494354 4.1200392395257941 6.3189904242753983 4.7289425730705261 2.9786827936768523 27.544788695871834
leaf_count=17 117 32 10 14 66 39 29 7 8 16 14 16 18 73
internal_value=0.016448 -0.0098723 0.0253374 0.00426247 -0.018314 0.00923105 0.0222616 -0.0139647 0.0146001 0.0375912 0.0355512 0.0410461 0.0142769 0.0475621
internal_weight=87.0572 21.9795 65.0777 23.9268 13.8984 15.3627 12.8353 5.44959 7.03891 41.151 10.0284 39.3725 7.70763 31.6648
internal_count=476 224 252 119 91 107 75 46 25 133 28 123 34 89
is_linear=0
shrinkage=0.05


Tree=43
num_leaves=15
num_cat=1
split_feature=1 45 15 178 40 114 120 145 78 114 126 153 139 52
split_gain=6.68236 8.53073 5.9063 4.89132 4.66199 5.91462 4.64697 3.55142 5.86435 3.46446 5.92191 2.8056 2.14557 1.95771
threshold=0 0.022762787779274644 53600.000000000007 -0.099978305514469526 0.065477628801382401 -0.10573112102612205 0.059502173097506585 -0.056872745617288153 0.012916520387025067 0.076491642043276117 -0.031010264980958161 0.39041468182738853 -0.07949291156919415 -0.01470773671164804
decision_type=9 2 2 2 8 2 2 2 2 2 2 2 2 2
left_child=1 2 -1 -2 -3 -6 7 8 -5 12 -11 -8 -9 -14
right_child=3 4 -4 6 5 -7 11 9 -10 10 -12 -13 13 -15
leaf_value=-0.059001100745150359 -0.045949362545293498 -0.060176192542662113 0.04246834778911629 -0.066652895215426014 0.02623847841305035 -0.059020194112304351 -0.042868492068299985 -0.057675891008872451 0.046872808791232588 0.045843202713719916 -0.056532097571750532 0.03431773523005504 0.055351299647750478 0.032136060886582933
leaf_weight=1.7123093511909271 2.2102322522550812 7.6481419205665571 8.8271717317402345 2.1747821234166613 5.294909805059433 3.303187074139716 3.2978918161243191 0.50638294965028663 2.3851285241544247 3.3842151742428541 2.4246121458709231 1.8309005890041588 22.38658053800463 15.279183937236672
leaf_count=21 18 91 29 18 17 36 30 5 10 16 41 9 61 57
internal_value=0.0152825 -0.00658987 0.025983 0.022856 -0.0317772 -0.0065159 0.0299481 0.0347305 -0.0072716 0.0390853 0.00311162 -0.0153142 0.0445595 0.045934
internal_weight=82.6656 26.7857 10.5395 55.8799 16.2462 8.5981 53.6697 48.5409 4.55991 43.981 5.80883 5.12879 38.1721 37.6658
internal_count=459 194 50 265 144 53 247 208 28 180 57 39 123 118
cat_boundaries=0 1
cat_threshold=1118
is_linear=0
shrinkage=0.05


Tree=44
num_leaves=15
num_cat=0
split_feature=33 114 20 131 44 44 87 57 80 134 40 123 131 115
split_gain=8.04574 7.55887 7.80069 6.92356 6.41082 5.70259 4.48849 5.04429 3.9703 3.91494 4.87796 3.02039 2.94288 2.79879
threshold=4.5000000000000009 -0.14722396116467545 2792.5000000000005 -0.022523111885157685 5889.0000000000009 664757.00000000012 -0.023732309253838315 -1.0000000180025095e-35 0.033268025205918005 -0.038311528116810822 0.20752418402712999 0.012456911012310208 -0.084670977536144484 -0.0023699072102156926
decision_type=2 2 2 2 2 2 2 2 2 2 8 2 2 2
left_child=1 8 -3 11 9 6 7 -6 -1 10 -4 -2 -11 -14
right_child=3 2 4 -5 5 -7 -8 -9 -10 12 -12 -13 13 -15
leaf_value=0.055331441987358621 -0.02144201115249126 -0.044086620075697747 -0.062816772569738374 -0.053420040065877653 0.040685117227899005 0.04810307362772781 -0.055162783288672128 -0.057767237048513914 0.0040386724597020673 -0.06096937403924272 0.053687106873054107 0.057223513606053933 0.054331954237467055 0.012880404665729654
leaf_weight=20.935618624091152 2.1053767260164022 5.4203480407595626 2.1342022866010657 6.7596745323389751 3.8341073486953974 3.6406113356351844 5.7100395541638127 1.969265991821884 4.601982742547988 0.67845717072486778 1.5516876652836802 2.9022697284817696 17.526903644204143 5.3046962954104009
leaf_count=53 19 83 19 58 17 12 59 23 18 5 4 8 49 34
internal_value=0.0179688 0.0241293 0.0123902 -0.0204097 0.0196187 -0.00644219 -0.0236897 0.00727716 0.0460883 0.0341402 -0.0137709 0.02415 0.0416516 0.0447011
internal_weight=85.0752 73.3079 47.7703 11.7673 42.35 15.154 11.5134 5.80337 25.5376 27.1959 3.68589 5.00765 23.5101 22.8316
internal_count=461 376 305 85 222 111 99 40 71 111 23 27 88 83
is_linear=0
shrinkage=0.05


Tree=45
num_leaves=15
num_cat=0
split_feature=45 80 0 54 140 178 26 82 186 47 41 51 14 131
split_gain=8.11844 7.34255 6.74698 7.06297 6.2447 5.7171 5.19515 4.10936 4.00144 2.96191 3.32497 2.76262 5.3151 2.16745
threshold=0.056887645240804779 0.037708176115626428 897.00000000000011 20.500000000000004 0.031076746096907096 -0.028120944254090098 3.5000000000000004 0.097934338567598075 -0.054178398661791465 7.2660088309126776 0.11381450167326337 -0.0072236859913413854 176744.50000000003 0.0043005713311003516
decision_type=2 2 2 2 2 2 2 2 2 10 8 2 2 2
left_child=2 4 3 9 5 -2 8 -6 -7 10 -1 -4 -13 -14
right_child=1 -3 11 -5 7 6 -8 -9 -10 -11 -12 12 13 -15
leaf_value=-0.056320776947801181 0.046630126351085759 -0.052827023381682631 0.048859730800358443 -0.053573658584736152 -0.061117140433759133 0.026721568359851768 0.032377634004612917 0.031586834555513851 -0.059655396990480641 0.056734275216131183 0.061630342944691274 -0.059906335848192209 0.0013105188980460044 0.0538884042258857
leaf_weight=1.6088136620819549 11.540903534740213 5.5406721271574488 29.001188889145848 4.280290650203824 4.3495831079781047 1.9198095202445999 5.6148121617734432 1.6484651826322076 4.445532785728572 3.8925146907567978 0.950461566448212 1.7783041987568164 3.048935014754532 5.4887767769396305
leaf_count=24 48 63 87 37 45 9 26 8 47 10 2 25 18 16
internal_value=0.0184389 -1.17821e-05 0.0313637 -0.00377412 0.00990152 0.0215147 -0.00267988 -0.035639 -0.0336038 0.0292642 -0.0125162 0.040955 0.0187326 0.0351121
internal_weight=85.1091 35.0598 50.0493 10.7321 29.5191 23.5211 11.9802 5.99805 6.36534 6.45179 2.55928 39.3172 10.316 8.53771
internal_count=465 246 219 73 183 130 82 53 56 36 26 146 59 34
is_linear=0
shrinkage=0.05


Tree=46
num_leaves=15
num_cat=0
split_feature=40 114 116 99 57 39 49 99 114 41 82 41 101 87
split_gain=7.00901 6.16596 6.93391 5.94215 4.55006 7.29757 6.09304 5.29202 4.04184 3.70166 3.6936 3.44102 3.22344 2.84947
threshold=0.063446663719186155 -0.14951898347316336 0.10260613606787007 0.12947255580571654 -1.0000000180025095e-35 0.067419594883603759 9839.5000000000018 0.039043520769956361 -0.042457760907945112 0.034916634708130036 0.071324476297504089 0.079060256165900622 -0.054908301590685445 -0.028467855783602936
decision_type=8 2 2 2 2 2 2 2 2 10 2 10 2 2
left_child=1 9 3 -3 7 6 -6 12 -8 -1 -4 -9 -2 -7
right_child=4 2 10 -5 5 13 8 11 -10 -11 -12 -13 -14 -15
leaf_value=0.044638909482423175 -0.028337995508616039 -0.053825235297552156 -0.025299049504371798 0.049972747760670601 -0.057919703356589629 0.0052257513872174871 0.045661177153954458 0.036225963229573048 -0.036010074047060733 -0.01713589308612273 0.063828146067326341 -0.059840078745563387 0.053683800455759136 0.053851218469470136
leaf_weight=7.2984446063637751 1.2703771777451098 11.901142328977587 1.9436941444873799 1.5594902615994204 5.3774419426918048 4.7984834071248761 3.9418237209320068 1.7404751330614083 2.4604813624173403 3.6316928640007973 2.892033513635397 2.0071055367588997 20.980084232985973 8.0963108353316766
leaf_count=22 11 172 17 7 46 23 11 7 23 16 6 18 63 25
internal_value=0.0138996 -0.00559998 -0.0233506 -0.0417997 0.0251464 0.00976708 -0.0186824 0.0397428 0.014274 0.0241134 0.028004 -0.0152245 0.0490008 0.0357564
internal_weight=79.8991 29.2265 18.2964 13.4606 50.6726 24.6745 11.7797 25.998 6.40231 10.9301 4.83573 3.74758 22.2505 12.8948
internal_count=467 240 202 179 227 128 80 99 34 38 23 25 74 48
is_linear=0
shrinkage=0.05


Tree=47
num_leaves=15
num_cat=0
split_feature=38 71 33 131 128 39 82 114 57 163 32 45 134 178
split_gain=7.09718 6.08624 4.93529 7.41202 5.97876 5.12768 4.72251 4.74265 7.00395 3.391 3.25107 5.66863 4.17099 3.97372
threshold=0.019967243474930289 38.625000000000007 4.5000000000000009 -0.012684060142803689 0.032347163502272576 0.049126894388729969 -0.14338423751243126 0.091515411531581867 -1.4999999999999998 0.12292316798346932 2.5000000000000004 0.04310245388681589 -0.065344422591964935 -0.10328767764614531
decision_type=2 10 2 2 2 2 2 2 2 2 10 2 2 2
left_child=-1 2 4 -4 6 -6 -2 10 -9 -5 13 -12 -13 -8
right_child=1 -3 3 9 5 -7 7 8 -10 -11 11 12 -14 -15
leaf_value=-0.058040385705814782 -0.061347205452631004 -0.057915136998504313 0.032325455070884017 -0.062231362786480997 -0.05304692469284427 0.021514067752797916 -0.064364749410563374 0.045397483211996437 -0.055822377883913935 0.025104336340865153 0.044877636527917597 0.041655144357865728 -0.069256326368519458 0.052031931023314229
leaf_weight=3.1328612547367802 1.2765440307557501 2.5073161981999865 6.2098847571760416 5.2284047473222 3.9422305282205325 5.555257897824049 0.74974947050213003 3.5945326909422874 3.2581318747252217 1.4114834107458589 6.8586613945662958 1.2863443903625014 2.485651433467865 33.333165667951121
leaf_count=50 13 35 28 45 44 29 6 18 52 5 22 5 21 102
internal_value=0.015743 0.0187181 0.0212735 -0.00694168 0.0270893 -0.00943481 0.0336538 0.0360056 -0.00272798 -0.0436659 0.0419418 0.017801 -0.0314328 0.0494715
internal_weight=80.8302 77.6974 75.19 12.8498 62.3403 9.49749 52.8428 51.5662 6.85266 6.63989 44.7136 10.6307 3.772 34.0829
internal_count=475 425 390 78 312 73 239 226 70 50 156 48 26 108
is_linear=0
shrinkage=0.05


Tree=48
num_leaves=15
num_cat=0
split_feature=114 41 150 28 39 45 140 189 110 46 92 131 148 97
split_gain=6.7088 6.67978 6.26426 5.13467 5.10458 4.40793 6.23189 4.83065 3.58281 4.17021 3.62029 3.4153 2.42049 3.99081
threshold=-0.059261173239269847 0.11990847213285076 0.029176635567291134 3.5000000000000004 0.026106664243418454 0.022762787779274644 0.015647388025253482 0.019550109522502659 -0.0085700854971964193 113.05604452899776 -0.05798281737277048 -0.037671164289361007 0.0026987549468356436 0.046192636686385916
decision_type=2 8 2 2 2 2 2 2 2 2 2 2 2 2
left_child=5 2 -2 -4 -3 -1 8 -8 -7 10 -10 -6 13 -13
right_child=1 4 3 -5 11 6 7 -9 9 -11 -12 12 -14 -15
leaf_value=0.047364959926673486 -0.054588728047086435 -0.040603052452021032 -0.054580390189573114 0.052458593711279568 -0.031603629545782858 0.049186231272110102 -0.064265287477839578 0.017409321468758232 0.023783500897468782 0.04066728845547378 -0.066305029689676373 -0.040343713560592978 0.059111419324784614 0.052853729301709507
leaf_weight=18.759373672306538 8.3400968071073276 2.9453271944075885 1.6946300044655789 3.3063532616943121 1.8439863026142127 11.136557072401052 3.6610025167465201 3.5814254879951477 1.9761618524789835 4.5570422895252705 2.5596066154539541 1.9949770420789681 7.4675260037183762 2.7076914943754673
leaf_count=55 160 26 31 14 15 31 28 16 8 17 19 15 17 9
internal_value=0.0166969 -0.00158892 -0.0280579 0.0161874 0.0192327 0.0286816 0.0159235 -0.0238767 0.0301726 0.00688542 -0.0270549 0.0318082 0.0414162 0.0133173
internal_weight=76.5318 30.3006 13.3411 5.00098 16.9595 46.2312 27.4718 7.24243 20.2294 9.09281 4.53577 14.0142 12.1702 4.70267
internal_count=461 287 205 45 82 174 119 44 75 44 27 56 41 24
is_linear=0
shrinkage=0.05


Tree=49
num_leaves=15
num_cat=0
split_feature=156 75 183 179 29 164 182 57 32 172 135 189 113 98
split_gain=5.85626 6.02515 4.58992 4.76874 4.04675 5.54716 3.90005 3.22057 5.08838 3.00794 2.9412 5.41494 2.59301 2.51304
threshold=0.15109197541915056 0.028928587217698396 -0.071014554128715282 0.086587799610966229 3.5000000000000004 0.068650546728018971 -0.058991507470433149 -1.0000000180025095e-35 2.5000000000000004 0.050339894804242398 -0.041389091712836688 0.0085108267738211191 0.2634759517933159 -0.039107185831004421
decision_type=2 2 2 2 2 2 2 2 10 2 2 2 2 2
left_child=1 2 3 -1 7 6 -6 -4 13 -3 -8 -12 -10 -9
right_child=-2 9 4 -5 5 -7 10 8 12 -11 11 -13 -14 -15
leaf_value=-0.060624353480214978 -0.056415498399108192 -0.038212366048990802 0.048133056579558298 0.04105917715586388 -0.063116102417679384 -0.066001250233663752 0.048326488674366459 -0.034448918347667362 0.041138149862644968 0.017015241485590676 -0.046224768735543167 0.036805498945231177 -0.066320540983813819 0.038821123116003255
leaf_weight=3.1663872469216576 2.8537372797727576 6.7940076570957881 22.206849601119753 1.8133733663707969 1.378872986882931 2.2621456086635581 7.0759731903672245 1.2908799611031998 0.74602352082729284 3.8697162624448538 3.2211425267159886 5.0299201216548681 2.2682708390057087 12.525240311399108
leaf_count=36 46 73 78 8 12 22 23 12 3 22 33 27 24 57
internal_value=0.0138623 0.0165854 0.0224699 -0.0235964 0.0264247 0.00747866 0.0174286 0.0356304 0.0191339 -0.018171 0.0246746 0.00439121 -0.039725 0.0319753
internal_weight=76.5025 73.6488 62.9851 4.97976 58.0053 18.9681 16.7059 39.0373 16.8304 10.6637 15.327 8.25106 3.01429 13.8161
internal_count=476 430 335 44 291 117 95 174 96 95 83 60 27 69
is_linear=0
shrinkage=0.05


Tree=50
num_leaves=15
num_cat=0
split_feature=45 33 127 115 102 114 107 158 75 37 43 99 129 114
split_gain=5.37619 5.23943 5.04291 5.68495 4.47626 4.08292 4.11383 2.8606 2.80063 3.28714 2.78335 2.70691 2.45666 2.43258
threshold=0.037226232561791334 4.5000000000000009 0.010360843123986054 0.066372396549719034 0.012854653306940243 -0.0092272518693413807 0.05407319200736372 0.061549755315793327 0.026247547018822894 0.04725928817174805 0.34445831193647852 0.015377811588782748 -0.059594439081518104 0.1390022078980146
decision_type=2 2 2 2 2 2 2 2 2 2 2 2 2 2
left_child=1 8 5 -4 -3 7 -7 12 9 -1 -10 -5 -2 -11
right_child=2 4 3 11 -6 6 -8 -9 10 13 -12 -13 -14 -15
leaf_value=-0.038394293370063726 -0.0595822883663263 -0.062977777342954774 -0.05954735422720904 -0.026240147610041387 0.029374018093822635 -0.054627179768619395 0.038686058521132424 -0.025039021489033156 0.041949178595584974 0.045405864919728089 -0.060777047474096284 0.056060231554749818 0.036976839333079471 0.00077640735860852591
leaf_weight=1.3826683238148678 0.69144046306610363 2.8538866341114035 6.3756353836506587 1.9247386697679756 2.4287030771374702 3.7952984850853708 1.7148003783076999 2.5445735640823832 1.1659560799598687 27.300265973433856 1.5177354235202072 2.077506011351943 13.917684054002164 3.4377405401319256
leaf_count=9 6 23 85 14 10 71 11 19 5 99 16 8 56 32
internal_value=0.0135719 0.02588 -0.00136068 -0.030227 -0.0205185 0.0118574 -0.0255871 0.0238853 0.0329224 0.0370221 -0.0161466 0.0164808 0.0324068 0.0404145
internal_weight=73.1286 40.087 33.0417 10.3779 5.28259 22.6638 5.5101 17.1537 34.8044 32.1207 2.68369 4.00224 14.6091 30.738
internal_count=464 194 270 107 33 163 82 81 161 140 21 22 62 131
is_linear=0
shrinkage=0.05


Tree=51
num_leaves=15
num_cat=0
split_feature=71 45 114 84 29 38 95 78 162 32 152 35 126 39
split_gain=5.98354 6.01162 4.55308 5.38663 5.08483 6.19022 3.70938 3.62195 3.29754 4.31086 3.7691 3.69397 3.19702 2.48477
threshold=38.625000000000007 0.23338462930958373 -0.051476309085755706 0.029001904456276522 1.5000000000000002 0.19176705981543471 -1.0000000180025095e-35 0.077893962118394847 0.019711398463821365 3.5000000000000004 0.035361282728873636 3.5000000000000004 -0.051601294607154374 0.040644322701555914
decision_type=10 2 2 2 2 2 2 2 2 10 2 2 2 2
left_child=1 2 8 4 6 -6 -4 -3 9 11 -11 13 -5 -1
right_child=-2 7 3 12 5 -7 -8 -9 -10 10 -12 -13 -14 -15
leaf_value=0.0060030857303227962 -0.056591663938534625 -0.047541006294020527 -0.057065238994493422 -0.057998590403134098 -0.055926394809709727 0.045765639278391002 0.049370907489446753 0.044045984816130597 0.049126723938202617 -0.07063453605698862 0.02463008805756188 -0.013692576630269741 0.04161557024999693 0.057332613273662694
leaf_weight=3.116563390940434 2.6028659865260115 4.7536685876548281 1.0264966078102586 0.87255658023059268 7.1761804576963169 1.890775855630636 4.0414678733795908 1.3966312967240808 20.905814439058304 2.1468490473926058 2.0107254795730114 3.4153949394822112 10.47441430389881 9.6830206550657731
leaf_count=17 44 65 13 12 115 8 18 7 63 13 8 17 52 28
internal_value=0.0178998 0.0205591 0.0249168 0.00829766 -0.0122994 -0.0347201 0.0278127 -0.0267431 0.0351761 0.0208604 -0.0245618 0.0325068 0.0339555 0.0448344
internal_weight=75.5134 72.9106 66.7603 25.4819 14.1349 9.06696 5.06796 6.1503 41.2784 20.3726 4.15757 16.215 11.347 12.7996
internal_count=480 436 364 218 154 123 31 72 146 83 21 62 64 45
is_linear=0
shrinkage=0.05


Tree=52
num_leaves=15
num_cat=0
split_feature=35 32 50 88 124 114 78 188 18 62 43 187 52 39
split_gain=5.55131 6.01047 5.2251 5.8921 4.61903 3.77331 4.68836 5.07884 3.67445 3.171 3.04904 2.16186 3.20024 2.14379
threshold=4.5000000000000009 4.5000000000000009 0.010430616410747122 -0.013136659314560557 0.030725672546141596 1.0000000180025095e-35 -0.11317404496317361 -0.081471789937724554 8618.5000000000018 356.50000000000006 0.1215562170137459 0.061976031007908432 -0.0052135923833616293 0.04173688997547146
decision_type=2 10 2 2 2 2 2 2 10 2 2 2 2 2
left_child=1 2 3 8 -2 11 -7 -8 -1 -3 -9 -4 -13 -6
right_child=4 9 5 -5 13 6 7 10 -10 -11 -12 12 -14 -15
leaf_value=-0.037911156879652276 -0.050446386359914219 -0.064726757599025242 0.042025822274478604 -0.058293008548374804 -0.027248688504943237 0.052403362306524703 0.04555906887682374 0.066300337228795844 0.048770469788256617 0.036335415864705754 -0.0544568540184482 -0.049406968801966565 0.046081546198875431 0.0504251239631269
leaf_weight=1.7745275516062973 5.6835682168602926 3.0748425088822833 32.760230906307697 3.8415365312248451 1.4323330055922272 3.627259474247694 2.3512358851730824 0.58316361904144098 3.9306618794798851 1.0382566042244432 5.0440918020904064 1.6693127602338793 1.8497221320867527 2.338897617533803
leaf_count=21 62 34 113 56 19 11 11 1 16 6 94 14 6 9
internal_value=0.0136917 0.0191715 0.0233531 -0.0104234 -0.0219788 0.030087 0.00527146 -0.0161561 0.0218092 -0.039216 -0.0419425 0.0380255 0.00078498 0.0209242
internal_weight=70.9996 61.5448 57.4317 9.54673 9.4548 47.885 11.6058 7.97849 5.70519 4.1131 5.62726 36.2793 3.51903 3.77123
internal_count=473 383 343 93 90 250 117 106 37 40 95 133 20 28
is_linear=0
shrinkage=0.05


Tree=53
num_leaves=15
num_cat=0
split_feature=33 39 32 114 116 26 41 165 147 40 32 156 47 104
split_gain=6.83416 5.50766 5.1107 5.52514 6.16244 5.9082 5.08474 4.27317 3.93947 3.83377 2.84889 2.66867 3.01596 1.56615
threshold=4.5000000000000009 0.0764448259784858 3.5000000000000004 -0.029857064404694697 -0.073244182715318948 4.5000000000000009 0.15481882777638017 0.066471014867723624 -0.083156785072161912 0.17810657782658409 2.5000000000000004 0.084795043705069476 6.2248578463482795 0.024863743116484004
decision_type=2 2 10 2 2 2 8 2 2 10 8 2 10 2
left_child=1 2 3 4 -1 8 -4 9 -5 -2 -9 -6 -13 -7
right_child=7 -3 6 5 11 13 -8 10 -10 -11 -12 12 -14 -15
leaf_value=-0.037876550104488128 -0.059665750603401763 0.046739522573670457 -0.057371286322278829 0.043471199872192896 0.048832579696394346 -0.0044395602754764459 0.033972166653633951 0.060122384173416824 -0.054448327255787188 0.040301660338389243 -0.025397856156480738 -0.043200417511855958 0.047777565357655462 0.061524588447251775
leaf_weight=2.7645593117922571 6.1254779212176782 15.656879175454376 4.6304832696914664 1.2464844603091414 18.79315272346139 1.3709455914795401 2.2706315442919731 2.1159584820270543 5.8377267550677141 1.1371056139469145 1.8041205294430254 1.830344203859567 1.8135199546813963 2.6184343472123146
leaf_count=23 69 64 49 5 63 17 11 5 118 3 16 17 6 8
internal_value=0.0145245 0.0213349 0.0121225 0.0196256 0.0325607 -0.00981223 -0.0273171 -0.021306 -0.0372191 -0.0440138 0.0207638 0.0412395 0.00207854 0.0388561
internal_weight=70.0158 58.8332 43.1763 36.2752 25.2016 11.0736 6.90111 11.1827 7.08421 7.26258 3.92008 22.437 3.64386 3.98938
internal_count=474 381 317 257 109 148 60 93 123 72 21 86 23 25
is_linear=0
shrinkage=0.05


Tree=54
num_leaves=15
num_cat=0
split_feature=114 47 57 158 47 39 35 80 138 149 138 39 53 93
split_gain=5.48737 5.10932 4.32709 3.87705 4.35147 3.33736 3.28103 6.32376 3.29448 2.94105 2.63236 2.24788 4.37294 3.33444
threshold=0.022069918468925476 3.7504533313118782 -1.4999999999999998 0.077990687494854397 18.179916581006591 0.11529318556874421 3.5000000000000004 0.032842060356369336 0.021459503575996641 -0.043501201602038082 -0.02511479571840931 0.038699862200133363 -1.6788845011308833 0.058380530670076598
decision_type=2 10 2 2 10 2 2 2 2 2 2 2 2 2
left_child=3 -2 -3 6 9 -4 11 8 10 -5 -8 12 -1 -14
right_child=1 2 5 4 -6 -7 7 -9 -10 -11 -12 -13 13 -15
leaf_value=0.044114679458115424 -0.054509092622034898 0.042783207005583267 -0.043478936120167046 0.019485411074221241 0.051132808780221542 0.047335636789862107 -0.0021378313871216748 -0.06129879285403448 -0.025834125671172228 -0.062877477956056013 0.0537484749602547 0.045235577240387986 -0.059319966319016697 0.028779688187029813
leaf_weight=6.2101079244166613 4.8320234306156626 4.7633625138550997 4.282631838694213 1.5738825127482412 1.9230797216296194 1.3245410323143003 3.0591078735887987 2.7133689969778052 2.7185413874685755 3.4813740849494925 6.7702821716666222 21.757298884913325 2.4790839795023185 1.8950092028826473
leaf_count=24 107 22 76 9 6 4 19 24 19 34 22 77 25 8
internal_value=0.0145225 -0.0120443 0.00774171 0.0219221 -0.0128827 -0.0220265 0.0270243 0.00791513 0.022882 -0.037235 0.0363555 0.0360416 0.0171421 -0.0211521
internal_weight=69.7837 15.2026 10.3705 54.5811 6.97834 5.60717 47.6028 15.2613 12.5479 5.05526 9.82939 32.3415 10.5842 4.37409
internal_count=476 209 102 267 49 80 218 84 60 43 41 134 57 33
is_linear=0
shrinkage=0.05


Tree=55
num_leaves=15
num_cat=0
split_feature=32 114 84 40 119 186 48 178 81 134 159 116 49 178
split_gain=5.26965 4.97637 5.32433 6.6332 5.74835 4.90538 4.07108 3.90857 3.9219 3.73577 3.47172 2.8193 1.48573 1.57887
threshold=3.5000000000000004 -0.061266318475571145 0.057140667882040093 0.17810657782658409 -0.049905282863817478 0.037796294109814277 962.76923076923083 -0.10328767764614531 -0.094785780872412642 0.012100140184141883 0.037516096640605817 -0.096432789276763756 -642.99999999999989 0.038153583346003002
decision_type=10 2 2 10 2 2 10 2 2 2 2 2 2 2
left_child=1 7 3 4 9 6 -2 -1 -9 -3 -4 -10 -13 -14
right_child=5 2 10 -5 -6 -7 -8 8 11 -11 -12 12 13 -15
leaf_value=-0.064123532536819142 -0.062188003498636873 -0.056348853883037411 -0.027252582952766408 0.043028614636937891 -0.055466956866676159 0.027385434612380907 0.019454498190733853 -0.059382889917342668 -0.0062071380604937819 0.040350972916715161 0.056928066770634535 0.0032073844513825591 0.054413306025549335 0.027992767651596608
leaf_weight=1.0287161767482746 5.7019766289740783 1.3957863133400703 1.5681350380182255 4.0666381120681754 8.2677753418684024 4.0743481479585171 2.0853594765067101 1.0684603936970223 3.2399992607533923 3.5114491749554873 5.5937967784702778 2.1683294698596027 18.314539423212416 8.1802486293017846
leaf_count=7 61 20 24 13 150 22 17 11 18 24 18 13 59 36
internal_value=0.0133162 0.019487 0.00225955 -0.0127927 -0.0300227 -0.0170673 -0.0403251 0.0318519 0.0348463 0.0128462 0.0384964 0.0380021 0.0429994 0.046256
internal_weight=70.2656 58.4039 24.4036 17.2416 13.175 11.8617 7.78734 34.0003 32.9716 4.90724 7.16193 31.9031 28.6631 26.4948
internal_count=493 393 249 207 194 100 78 144 137 44 42 126 108 95
is_linear=0
shrinkage=0.05


Tree=56
num_leaves=15
num_cat=0
split_feature=114 119 120 50 53 54 44 122 105 88 47 140 127 148
split_gain=5.21789 4.82007 4.7138 4.32832 5.52321 4.07589 3.29907 4.2074 3.79214 2.9044 2.78093 2.48128 2.72893 1.97806
threshold=0.022069918468925476 -0.053634282700975699 -0.0027323742769700026 0.0094527787126994032 -4.8549676801133907 13.500000000000002 704.00000000000011 0.03979046805430729 -0.055420953756549894 -0.062420198125038691 7.7887537055335976 0.032251645599936554 -0.039589707102746487 0.010903622459875374
decision_type=2 2 2 2 2 2 2 2 2 2 10 2 2 2
left_child=3 2 -2 4 -1 -6 -5 8 -8 10 -3 13 -13 -10
right_child=1 9 -4 6 5 -7 7 -9 11 -11 -12 12 -14 -15
leaf_value=0.047316497572922916 0.051367068581727029 -0.0539376157767536 -0.055383688345190286 0.042322434410584947 0.049984969148612911 -0.059284943258743561 -0.039620635893286023 -0.039543136385257881 0.046927597214838995 -0.054345359723881208 0.055921061062481583 0.039571435367477738 -0.04987100384738069 0.0090047563594030707
leaf_weight=2.6126571409404278 3.8995556998997927 0.98587176203727667 1.4073214977979649 17.914734991267323 1.035785187035797 4.8470857534557581 2.2560196705162552 3.1693297773599616 12.422558818012485 6.5332024069502941 1.3857586868107317 1.5379671193659308 1.9142195396125306 4.7546577099710694
leaf_count=10 18 24 25 69 5 52 16 30 40 139 4 8 16 28
internal_value=0.0122131 -0.0146615 0.023058 0.0194928 -0.0131791 -0.040046 0.0258055 0.0144488 0.021926 -0.0371407 0.0102535 0.0286567 -0.0100239 0.0364305
internal_weight=66.6767 14.2117 5.30688 52.465 8.49553 5.88287 43.9695 26.0548 22.8854 8.90483 2.37163 20.6294 3.45219 17.1772
internal_count=484 210 43 274 67 57 207 138 108 167 28 92 24 68
is_linear=0
shrinkage=0.05


Tree=57
num_leaves=15
num_cat=0
split_feature=50 53 56 117 189 33 57 51 8 37 171 32 113 151
split_gain=5.28362 5.1345 3.47576 4.33432 4.74287 4.1406 3.37127 3.44883 4.27407 4.13908 2.6563 2.1398 1.97531 1.79381
threshold=0.0094527787126994032 -4.8549676801133907 3.5000000000000004 -0.028924263962917206 0.0061966773687319567 2.5000000000000004 -1.4999999999999998 -0.0088688231717201412 5659220.0000000009 0.36586806221114737 0.12535145507666398 3.5000000000000004 0.29585976276166631 0.027809347507500682
decision_type=2 2 2 2 2 2 2 2 2 2 2 10 2 2
left_child=1 -1 6 12 -5 -6 -2 9 -9 -8 -3 -11 -4 -14
right_child=2 10 3 4 5 -7 7 8 -10 11 -12 -13 13 -15
leaf_value=0.039054371321400903 0.047635793768361571 -0.057228593184973156 0.0400048494073987 -0.060711166969135061 -0.054565424283133747 0.032538435045868834 -0.059817863642175853 -0.055605222571950601 0.048472770056290859 0.037497268433995888 0.039475753757865106 -0.0099208425551325068 -0.058436942694629374 0.033334646973082548
leaf_weight=2.4625275610014796 13.128751304000614 5.8384075490757805 6.8742924202233571 4.3071152446791512 1.9358269050717352 4.6217007525265217 1.3453663354739571 3.1361277224496034 1.4390590861439703 16.919670627452437 0.80843596346676339 2.7684600669890633 1.1260614171624186 1.0101311299949882
leaf_count=13 58 93 29 53 17 27 15 60 5 76 6 17 16 6
internal_value=0.0128078 -0.0226182 0.0183136 0.00131509 -0.0199488 0.00682478 0.027035 0.0164737 -0.022869 0.0250315 -0.0454667 0.0308295 0.0269546 -0.0150414
internal_weight=67.7219 9.10937 58.6126 19.8751 10.8646 6.55753 38.7374 25.6087 4.57519 21.0335 6.64684 19.6881 9.01048 2.13619
internal_count=491 112 379 148 97 44 231 173 65 108 99 93 51 22
is_linear=0
shrinkage=0.05


Tree=58
num_leaves=15
num_cat=1
split_feature=1 54 29 120 114 117 17 144 37 139 89 73 190 102
split_gain=4.33947 5.79703 5.16166 4.64919 4.41277 4.37622 4.21467 4.18964 3.41588 2.96978 2.27751 2.23445 3.39564 1.44378
threshold=0 24.500000000000004 3.5000000000000004 0.059502173097506585 -0.059261173239269847 -0.028276822937946967 124124.00000000001 -0.064882726571686575 0.36586806221114737 0.00052432451983434945 0.13960380579225815 0.33763690798742557 0.061989342762735933 -0.11763959286241675
decision_type=9 2 2 2 2 2 10 2 2 2 2 2 2 2
left_child=3 2 4 7 8 9 13 -1 -2 -4 -7 -9 -13 -6
right_child=1 -3 5 -5 6 10 -8 11 -10 -11 -12 12 -14 -15
leaf_value=-0.061084709377598835 -0.034142178822809871 -0.058883436196338138 0.053434185281245453 -0.035334835634049065 0.042796218739432582 -0.059995192784350782 0.04824817282885388 0.045840733335825633 0.043866074175218185 -0.03693757094757396 0.0319185399900817 -0.057537586211737872 0.050662932730690662 -0.054222305700754272
leaf_weight=1.0603755693882764 1.5884185321629072 4.1764977211132637 2.3220779486000542 2.4851672593504182 0.42728883959353137 5.791016676463185 1.74695723131299 21.996657162904743 12.043696373701094 1.4939328562468288 0.76273667812347401 1.382801687344908 1.524545159190893 3.7394277853891262
leaf_count=11 15 53 10 22 3 79 7 101 44 16 4 18 6 85
internal_value=0.0116275 -0.00286281 0.00400124 0.0221962 0.019129 -0.0245128 -0.0169415 0.0362514 0.0347765 0.0180545 -0.0492981 0.0403958 -0.000799747 -0.0442732
internal_weight=62.5416 34.0921 29.9156 28.4495 19.5458 10.3698 5.91367 25.9644 13.6321 3.81601 6.55375 24.904 2.90735 4.16672
internal_count=474 316 263 158 154 109 95 136 59 26 83 125 24 88
cat_boundaries=0 1
cat_threshold=15474816
is_linear=0
shrinkage=0.05


Tree=59
num_leaves=15
num_cat=0
split_feature=162 32 43 0 77 192 104 173 54 114 106 41 142 159
split_gain=4.10648 4.13137 3.65405 4.98492 4.31748 3.66115 4.2906 3.59313 4.24321 2.54656 3.00591 1.9616 1.93776 2.1108
threshold=-0.13395444414991067 2.5000000000000004 0.70012151912068032 897.00000000000011 -0.061915954652022133 0.030649343854296556 -0.044094798198612346 -0.036670807275294093 16.500000000000004 -0.1344067903321606 0.012810489298138118 0.1181926818007485 0.041936574839520312 -0.14021240664624185
decision_type=2 8 2 2 2 2 2 2 2 2 2 10 2 2
left_child=-1 -2 3 7 -4 6 11 -3 -9 -7 -11 -6 13 -5
right_child=1 2 4 12 5 9 -8 8 -10 10 -12 -13 -14 -15
leaf_value=-0.056606501137536805 0.039427931458112207 0.048877700782548973 -0.056161200210450103 -0.060340113976041748 -0.015475923374473913 0.054197715667653405 -0.047297667930137705 0.052824113647058774 -0.052656177258823912 -0.055841719265088345 0.039649406687455944 0.05254315262924273 -0.0033403830259886298 0.045425459386497113
leaf_weight=1.9235847508534778 16.115323555655777 1.8564011137932537 3.5112192332744625 0.48602345027030125 1.9957531224936271 4.5358458459377289 5.1159865465015164 1.2000554595142627 4.6394332591444254 1.5002841055393212 1.8285674564540384 2.2605458274483681 2.7040727306157342 16.047197283245623
leaf_count=29 85 11 62 6 19 14 62 5 49 23 14 8 19 79
internal_value=0.0153713 0.0175416 0.0101445 0.0222932 -0.00562568 0.00466854 -0.0164404 -0.0117162 -0.0309792 0.0298239 -0.0033876 0.0206494 0.0358986 0.0423163
internal_weight=65.7203 63.7967 47.6814 26.9332 20.7482 17.237 9.37229 7.69589 5.83949 7.8647 3.32885 4.2563 19.2373 16.5332
internal_count=485 456 371 169 202 140 89 65 54 51 37 27 104 85
is_linear=0
shrinkage=0.05


Tree=60
num_leaves=15
num_cat=0
split_feature=50 183 106 169 35 144 87 114 67 18 11 154 84 182
split_gain=4.87116 4.3218 4.18282 3.47576 2.92612 2.81735 2.49707 2.64278 4.35517 3.9283 2.4351 2.32053 2.21387 2.46012
threshold=0.0094527787126994032 -0.060308247500572003 0.018693975801769871 -0.017410537249550318 1.5000000000000002 -0.074361086850750865 -0.09311113362868785 -0.10573112102612205 1.0000000180025095e-35 13614.500000000002 134700.00000000003 -0.11666161689384137 -0.053329263029738824 -0.0052585301370584652
decision_type=2 2 2 2 2 2 2 2 2 10 2 2 2 2
left_child=2 4 -1 -4 -2 -3 -7 -8 9 -9 -11 -6 -10 -14
right_child=1 5 3 -5 11 6 7 8 12 10 -12 -13 13 -15
leaf_value=-0.056849715028923976 0.036431711208250388 -0.041515858508479733 0.04366511089616 -0.056751956545604956 0.017749874975947832 -0.042989925066523833 0.041833096543232667 -0.056645312235439338 -0.020106579626667415 0.053239250446938169 -0.028836658215078144 -0.060567501305063789 0.008900137364903216 0.050799069588383851
leaf_weight=4.2702302401885373 1.7287085354328144 1.5836153961718071 2.8939534928649664 1.2271444257348774 1.2953806351870296 1.263599820435046 19.89899751916527 3.2221796168014505 1.9236359521746642 2.1545949354767804 1.556576366536319 3.5050163585692644 5.2758001647889605 10.428469242528081
leaf_count=68 12 14 16 22 12 13 78 56 19 8 19 40 42 46
internal_value=0.0132633 0.0187863 -0.0221704 0.0137638 -0.0193468 0.0240492 0.02632 0.0282898 0.0173173 -0.0162546 0.0188142 -0.0394337 0.0305217 0.0367233
internal_weight=62.2279 53.8366 8.39133 4.1211 6.52911 47.3075 45.7239 44.4603 24.5613 6.93335 3.71117 4.8004 17.6279 15.7043
internal_count=465 359 106 38 64 295 281 268 190 83 27 52 107 88
is_linear=0
shrinkage=0.05


Tree=61
num_leaves=15
num_cat=0
split_feature=32 114 41 111 134 45 120 188 45 120 191 183 86 18
split_gain=4.26488 4.30947 5.26839 3.67716 3.15259 4.74169 5.73109 2.65945 2.62851 2.32582 2.22531 2.07786 2.54593 1.14794
threshold=2.5000000000000004 -0.11698417420751889 0.20378451712959106 0.041747638634854339 -0.028720626893266956 0.021124596828722478 -0.038560179789758557 -0.1021928425773261 0.036587190881656927 -0.024765827063443952 0.093420000848702098 -0.048527138410931349 0.056130790960062786 4036.0000000000005
decision_type=8 2 8 2 2 2 2 2 2 2 2 2 2 8
left_child=11 4 3 7 -2 13 -7 -3 -5 -4 -11 -1 -13 -6
right_child=1 2 9 8 5 6 -8 -9 -10 10 -12 12 -14 -15
leaf_value=-0.026037206179232449 0.045571869779893942 0.023976649171427982 0.043300912545029789 0.029412280137751774 0.01041624534663326 0.035739639930210031 -0.057992457152283239 -0.055606514114001616 -0.054804948249858314 -0.037769310626331445 0.043260871392330029 0.049030079266846799 -0.012602110500855124 0.056121319755574675
leaf_weight=1.3250574283301837 7.2451031096279648 1.1845658197998972 4.6073251739144325 3.4372561611235133 2.2797492146491987 2.5865524932742128 4.4134355299174777 9.2242582868784702 1.2684022653847931 2.4503676341846572 1.2951413616538046 11.048706746660168 1.9751453800126917 3.45722596347332
leaf_count=20 27 9 18 22 11 10 34 183 28 27 5 50 16 12
internal_value=0.00997961 0.00217442 -0.012356 -0.0299676 0.0192392 0.00426059 -0.0233577 -0.0465496 0.00671167 0.0195121 -0.00975028 0.0336142 0.0396832 0.0379591
internal_weight=57.7983 43.4494 23.4673 15.1145 19.9821 12.737 6.99999 10.4088 4.70566 8.35283 3.74551 14.3489 13.0239 5.73698
internal_count=472 386 292 242 94 67 44 192 50 50 32 86 66 23
is_linear=0
shrinkage=0.05


Tree=62
num_leaves=15
num_cat=0
split_feature=32 126 45 91 20 138 93 152 29 114 81 86 114 39
split_gain=4.34532 4.07308 4.91872 4.36155 4.40561 3.36657 2.64421 2.64977 2.3745 1.9993 1.94148 1.62898 1.55971 2.39088
threshold=3.5000000000000004 -0.043625368230072244 0.022182162792505063 -0.02650762972020972 40107.500000000007 -0.080952644401949631 -0.0057289043315974187 0.050382843308668837 4.5000000000000009 -0.11216196489316667 -0.094785780872412642 0.13845381849674204 -0.1344067903321606 0.092491287953967341
decision_type=8 2 2 2 2 2 2 2 2 2 2 2 2 2
left_child=8 5 12 6 11 -2 -4 -8 10 -10 -1 -5 -3 -14
right_child=1 2 3 4 -6 -7 7 -9 9 -11 -12 -13 13 -15
leaf_value=-0.055034402834975404 0.048565956046070155 0.051790020444205255 0.043859626801938265 -0.059598273812007233 0.023328925969265245 -0.057793768894246283 -0.056644338829868482 0.043754882975587647 0.039387466897605514 -0.055148533954112844 0.039202703768596074 0.027395475226125378 -0.0059809184845934305 0.048203953815759287
leaf_weight=0.56444812938571587 0.89683511108160008 5.2293775081634513 4.3673627711832523 6.4976317062973958 2.635433622635901 4.3658192669972768 1.7281172340735822 1.0604694932699201 0.93041398376226458 1.4020484015345562 17.233989675529301 0.58670927584171284 4.8087987592443842 3.5304817408323288
leaf_count=9 3 21 22 99 22 65 26 5 5 24 99 5 48 13
internal_value=0.0114213 0.000948305 0.00796937 -0.0100517 -0.0318621 -0.0396685 0.019573 -0.0184636 0.0299977 -0.0174383 0.0362141 -0.0523936 0.0303826 0.0169586
internal_weight=55.8379 35.707 30.4444 16.8757 9.71977 5.26265 7.15595 2.78859 20.1309 2.33246 17.7984 7.08434 13.5687 8.33928
internal_count=466 329 261 179 126 68 53 31 137 29 108 104 82 61
is_linear=0
shrinkage=0.05


Tree=63
num_leaves=15
num_cat=0
split_feature=156 114 49 32 50 179 43 47 183 169 82 138 143 126
split_gain=3.66452 3.59991 4.68051 3.31413 2.51702 2.66898 4.15856 2.40835 2.95931 2.10815 1.90029 1.80399 1.79105 4.34444
threshold=0.15354134287175594 -0.11315652366706357 1989.5000000000002 3.5000000000000004 0.0084912833185622986 0.024951010992949534 0.53188744760037598 18.179916581006591 0.035789742001171153 0.099531950310691009 -0.061753893982219497 0.068240322559795383 -0.039890738136442665 0.0086683255623456138
decision_type=2 2 2 10 2 2 2 10 2 2 2 2 2 2
left_child=1 9 -3 4 -4 6 7 8 -6 12 -7 -8 13 -1
right_child=-2 2 3 -5 5 10 11 -9 -10 -11 -12 -13 -14 -15
leaf_value=0.041989574212740507 -0.055029696418292355 -0.043875066959767062 -0.054570714845256052 -0.041316285692706171 -0.058121436645676608 -0.011240639350035339 -0.054977026964225156 0.058064387236701098 0.044899912603544472 -0.01869483435186866 0.046266014379643138 0.034914159535614935 0.041858839764378118 -0.044707867243968115
leaf_weight=3.9881229102611604 1.9151636017486442 4.4365588389337089 1.1341806389391482 2.6277955500408998 1.3651222363114377 1.677861101925372 3.0770492386072879 3.1956667453050613 1.4244186766445635 2.1128125004470339 9.9888181230053288 0.68180835712701071 17.052288312464952 2.2659928947687149
leaf_count=17 43 101 22 38 17 18 52 9 7 13 46 5 70 12
internal_value=0.0129606 0.0153268 0.00347763 0.0118233 0.0180171 0.0218623 0.00254571 0.0284314 -0.00551581 0.0291292 0.0379956 -0.0386719 0.0334647 0.0105773
internal_weight=56.9437 55.0285 29.6093 25.1727 22.5449 21.4107 9.74407 5.98521 2.78954 25.4192 11.6667 3.75886 23.3064 6.25412
internal_count=470 427 315 214 176 154 90 33 24 112 64 57 99 29
is_linear=0
shrinkage=0.05


Tree=64
num_leaves=15
num_cat=0
split_feature=67 114 150 150 92 18 57 138 48 103 109 118 53 106
split_gain=4.80813 3.67517 3.6911 3.67669 2.85284 2.3762 2.37539 3.79807 2.6327 1.98148 1.88126 1.56934 2.72793 1.47
threshold=1.0000000180025095e-35 -0.11846429485412056 0.012565569960122144 0.081985791496184221 0.088666125473100696 3818.0000000000005 -1.0000000180025095e-35 0.015570815483071357 31.861042183622832 -0.039709963078596734 0.096823950853308263 0.016793074666288387 -0.75009311823488989 -0.07037107874053021
decision_type=2 2 2 2 2 10 2 2 10 2 2 2 2 2
left_child=1 2 -1 10 6 -4 13 8 -8 -9 -3 12 -10 -2
right_child=4 3 5 -5 -6 -7 7 9 11 -11 -12 -13 -14 -15
leaf_value=0.035596655098807037 -0.053892930040235036 -0.052791933634242387 -0.067007500907744336 0.042736207923935093 -0.041049480362168808 0.014279347587566164 -0.056775842179164343 0.023617878271903838 0.035479716065023141 -0.052160826368057016 0.028009979331159542 0.04870885209638965 -0.040819460644697984 0.040200567444971004
leaf_weight=6.0703582093119639 0.42595714889467018 7.3304809862747771 1.8871159180998804 1.405257181264459 1.7492230990901578 1.7170967832207678 0.91462294664234178 1.2163954693824051 3.7908279541879879 2.9663440613076082 0.79885600227862585 6.1332154963165522 1.6954037342220538 16.26274776738137
leaf_count=28 10 142 12 9 26 10 13 13 19 36 7 28 28 91
internal_value=0.0102037 -0.00991227 0.0117992 -0.0319425 0.0211954 -0.0282813 0.0244547 0.0111329 0.0249006 -0.0301234 -0.0448517 0.0313297 0.0119011 0.037799
internal_weight=54.3639 19.2092 9.67457 9.53459 35.1547 3.60421 33.4055 16.7168 12.5341 4.18274 8.12934 11.6194 5.48623 16.6887
internal_count=472 208 50 158 264 22 238 137 88 49 149 75 47 101
is_linear=0
shrinkage=0.05


Tree=65
num_leaves=15
num_cat=0
split_feature=33 192 156 32 32 148 61 144 183 158 162 174 134 29
split_gain=3.97387 3.31331 3.12611 3.07149 2.89169 3.36074 2.26254 2.83923 2.69858 1.85394 1.82814 1.76164 1.67769 1.53005
threshold=4.5000000000000009 0.058842277138248571 0.15354134287175594 2.5000000000000004 3.5000000000000004 0.0042278380390663398 492.50000000000006 0.015327114611594897 -0.071014554128715282 -0.08688121877193207 -0.13395444414991067 -0.03955913593116115 0.0031220694105558258 3.5000000000000004
decision_type=2 2 2 8 10 2 2 2 2 2 2 2 2 2
left_child=2 3 4 -2 6 11 8 -8 9 -1 -10 -6 -7 -12
right_child=1 -3 -4 -5 5 12 7 -9 10 -11 13 -13 -14 -15
leaf_value=0.041128560964847377 0.016889608452230222 0.024734182717782844 -0.054821547379902053 -0.05801821274544447 0.012424140777746229 -0.018491988063679767 -0.044816103351234635 0.034833990224972293 -0.054119466940572195 -0.055231046011965858 0.044674492414096607 -0.061317632725468307 0.048259041388707666 0.020738464636000972
leaf_weight=0.76507584005594287 1.9389563798904399 3.4099994916468859 1.3777826149016608 4.6511299321427941 1.1555467098951342 1.4308291999623177 2.2984114149585357 2.180070674046874 0.55868596211075328 1.4361978024244226 21.208167820237595 2.7075913781300169 2.7514518462121487 9.743710754439233
leaf_count=7 14 22 35 61 10 16 26 14 11 28 116 29 16 74
internal_value=0.0133778 -0.0152757 0.0193958 -0.0359786 0.0216074 -0.00563586 0.0273466 -0.00604341 0.0317824 -0.0217402 0.0355214 -0.0392599 0.0254224 0.0371394
internal_weight=57.6136 10.0001 47.6135 6.59009 46.2357 8.04542 38.1903 4.47848 33.7118 2.20127 31.5106 3.86314 4.18228 30.9519
internal_count=479 97 382 75 347 71 276 40 236 35 201 39 32 190
is_linear=0
shrinkage=0.05


Tree=66
num_leaves=15
num_cat=0
split_feature=33 188 80 32 149 64 114 77 128 18 126 125 188 189
split_gain=3.5231 3.74609 3.34698 3.21556 3.3721 3.01149 2.93762 5.03235 3.12806 3.02731 2.10066 2.07322 1.95207 1.53433
threshold=4.5000000000000009 -0.052632531214706617 0.074842874334272183 3.5000000000000004 -0.066819392530437269 11.500000000000002 -0.14722396116467545 -0.046332807347144997 0.028530126113141725 122176.50000000001 0.041386655828741438 -0.082378718714385027 -0.081471789937724554 -0.073109550170461154
decision_type=2 2 2 10 2 2 2 2 2 8 2 2 2 2
left_child=2 -2 3 6 -5 -4 -1 12 13 -10 -6 -3 -8 -9
right_child=1 11 5 4 10 -7 7 8 9 -11 -12 -13 -14 -15
leaf_value=0.049419771451191856 0.027797483653047864 0.027161116248618875 -0.055970687346269248 0.054980562687136803 -0.047782865976857949 0.034561161585481184 0.051184288452720543 -0.025253922681836478 -0.059104792990513938 0.043930148904549479 0.01829630543743575 -0.052276540758519667 -0.055143085420218965 0.040650143345348055
leaf_weight=11.057828299701209 3.1406292319297791 0.97929364442825306 2.7313649635761967 1.6206519994884727 3.8169552991166702 1.3840502612292764 0.50983342342078719 0.93879694677889247 1.8295866828411806 1.1680139489471915 1.7560626808553932 5.0929015856236202 2.8153594369068733 14.898583036847421
leaf_count=48 21 4 54 7 48 12 3 11 30 7 14 70 58 85
internal_value=0.0116094 -0.0165355 0.0174326 0.0218072 -0.0085007 -0.025524 0.0283707 0.0178673 0.0278787 -0.0189573 -0.0269613 -0.0394652 -0.0388405 0.0367435
internal_weight=53.7399 9.21282 44.5271 40.4117 7.19367 4.11542 33.218 22.1602 18.835 2.9976 5.57302 6.0722 3.32519 15.8374
internal_count=472 95 377 311 69 66 242 194 133 37 62 74 61 96
is_linear=0
shrinkage=0.05


Tree=67
num_leaves=15
num_cat=0
split_feature=20 156 155 114 80 108 84 27 48 4 36 51 103 63
split_gain=3.61482 3.38432 3.36221 2.66339 3.25297 3.10083 2.7483 2.54061 2.29898 2.25262 2.29137 2.02646 1.92623 1.88527
threshold=2527.0000000000005 0.14569310076208589 -0.095888772405484782 -0.11315652366706357 0.059871482013339729 -0.045985223899009879 -0.045456757352254358 4.5000000000000009 1365.8333333333337 3.5000000000000004 2.5000000000000004 -0.04064733016288944 -0.096059443502540753 884.50000000000011
decision_type=2 2 2 2 2 2 2 2 10 8 2 2 2 2
left_child=2 3 13 4 -2 12 8 9 -7 10 -8 -4 -5 -1
right_child=1 -3 11 5 -6 6 7 -9 -10 -11 -12 -13 -14 -15
leaf_value=-0.031815735879441975 0.043475415039371704 -0.054742922214082515 0.048383318643951297 0.051040304151176823 -0.026396782643394585 -0.041785377117279955 -0.054848758038535984 -0.031428677785567578 0.041041684555280997 0.040949654150600645 0.032513579109613555 -0.056552171669372236 -0.055688094668287724 0.05047806849321055
leaf_weight=1.0559903457760813 16.208213623613123 1.5004518404602993 0.51785150915384282 0.51183710619807277 1.8565594814717759 3.0384984510019448 1.3647023383528059 1.7421197751536954 1.1567160505801437 13.310255652293561 1.6678445646539328 4.1240902952849856 2.4290244197472957 2.041218226775527
leaf_count=21 74 35 3 3 12 42 21 26 9 74 15 81 41 13
internal_value=0.0136281 0.0190807 -0.0179259 0.0216397 0.0362945 0.011143 0.0175125 0.0259704 -0.0189481 0.0320891 -0.00680109 -0.0448456 -0.0371127 0.0224201
internal_weight=52.5254 44.7862 7.73915 43.2858 18.0648 25.221 22.2801 18.0849 4.19521 16.3428 3.03255 4.64194 2.94086 3.09721
internal_count=470 352 118 317 86 231 187 136 51 110 36 84 44 34
is_linear=0
shrinkage=0.05


Tree=68
num_leaves=15
num_cat=0
split_feature=17 74 103 169 92 89 16 185 187 114 89 41 53 148
split_gain=3.29226 3.65066 3.21771 2.93668 2.57318 2.27001 2.22158 2.15891 2.1696 1.63085 2.55362 1.93408 1.38821 1.1974
threshold=6955.0000000000009 -0.065990723674205817 0.041704079536221426 0.066255879795299719 -0.087895591210016874 -0.075584588460546304 235664.50000000003 0.02671876262013401 -0.060940218166881686 -0.0092272518693413807 -0.020661752578005989 0.11381450167326337 -4.8549676801133907 0.031690026498216319
decision_type=10 2 2 2 2 2 2 2 2 2 2 8 2 2
left_child=1 2 7 4 -2 -3 -5 -1 -9 -6 -11 -12 -7 -4
right_child=3 5 13 6 9 12 -8 8 -10 10 11 -13 -14 -15
leaf_value=0.036529828933140308 -0.036175428215726578 0.017086080206765629 -0.059978083568929808 0.018470633242117878 0.039442928147274819 0.034100841183865978 -0.057575955188874921 0.042479376189500297 -0.055622022878100863 -0.054435495946887305 -0.025049902668996721 0.044406004869133549 -0.047696939728963335 0.0128396405394131
leaf_weight=8.1799684725701827 1.5131342690438092 2.1207011882215738 1.8198924306780093 1.8941178526729339 16.447778919711716 0.56089811772108067 1.9481527116149662 0.9199401177465919 1.4549890169873823 1.250842656008907 1.3804219784214891 3.6590726524591521 6.8937485385686141 0.81844979245215643
leaf_count=59 14 15 28 15 77 4 29 7 27 25 38 19 119 11
internal_value=0.00907379 -0.00505663 0.0119998 0.0205259 0.0269605 -0.0285576 -0.0200874 0.0243453 -0.017622 0.0311619 0.00950905 0.0253806 -0.0415424 -0.037389
internal_weight=50.8621 22.7686 13.1932 28.0935 24.2513 9.57535 3.84227 10.5549 2.37493 22.7381 6.29034 5.03949 7.45465 2.63834
internal_count=487 270 132 217 173 138 44 93 34 159 82 57 123 39
is_linear=0
shrinkage=0.05


Tree=69
num_leaves=15
num_cat=0
split_feature=0 186 114 120 41 51 41 122 117 45 189 177 115 122
split_gain=2.89926 3.02572 2.70472 2.64765 2.63212 3.58557 2.54398 2.36025 2.22778 3.2457 2.20403 2.60003 1.96583 1.92295
threshold=982.00000000000011 0.02670788908641494 1.0000000180025095e-35 -0.023287442326588154 0.073187981809984287 -0.014704798282801397 0.1639462684128111 -0.0090861497006959249 -0.033180839466567115 0.014097852602546165 0.010836600813569417 0.0010648981554317969 0.0064197131764883852 0.014009847435546754
decision_type=2 2 2 2 8 2 10 2 2 2 2 2 2 2
left_child=1 7 4 12 5 10 -5 -1 -3 -10 11 -2 -4 -9
right_child=2 8 3 6 -6 -7 -8 13 9 -11 -12 -13 -14 -15
leaf_value=-0.058939446197359482 0.035501313879765954 0.040100355019035964 0.043492429093362386 -0.053784939467089538 0.041980661441243856 -0.043523969602135282 0.020372282577893749 0.027084847592317787 0.036374592336866934 -0.059201715851092629 0.04397016328612819 -0.058910673987023578 -0.023675121938531489 -0.036107670304085258
leaf_weight=3.2967223096638918 1.5228517539799198 4.535233736038208 3.689126213081181 3.2201572228223068 15.841349866241215 2.4272403800860074 1.804622273892164 2.4448776692152041 1.7278515640646204 1.8280821666121481 5.5333921015262604 1.3992916028946636 1.5458055846393106 2.3716780226677656
leaf_count=52 10 24 22 86 82 22 11 24 12 26 24 18 29 40
internal_value=0.0128695 -0.00476627 0.0205966 -0.00122613 0.0289746 0.0100426 -0.0271518 -0.0263424 0.0168689 -0.0127606 0.0254193 -0.00970862 0.0236587 -0.00403123
internal_weight=53.1883 16.2044 36.9838 10.2597 26.7241 10.8828 5.02478 8.11328 8.09117 3.55593 8.45554 2.92214 5.23493 4.81656
internal_count=482 178 304 148 156 74 97 116 62 38 52 28 51 64
is_linear=0
shrinkage=0.05


Tree=70
num_leaves=15
num_cat=0
split_feature=43 114 50 107 41 0 42 183 143 177 0 25 103 120
split_gain=2.74103 3.27707 3.17683 2.68053 2.83607 2.22253 2.0908 2.0286 1.883 2.83043 1.79167 1.72793 2.0145 1.63731
threshold=0.35108401612136431 0.11026690773776719 0.010481873571210642 -0.04168154389868968 0.21761419435424281 897.00000000000011 0.31385708691761355 -0.055949631901123904 -0.045752043739508023 -0.032728751145994363 8745.0000000000018 -8168.4999999999991 -0.08345605796975572 0.044721823743107521
decision_type=2 2 2 2 10 2 2 2 2 2 2 2 2 2
left_child=5 2 11 4 -4 6 -1 -5 9 -9 -3 -2 -13 -10
right_child=1 10 3 7 -6 -7 -8 8 13 -11 -12 12 -14 -15
leaf_value=0.052743678966911969 0.023626402399508514 -0.053408622473626981 -0.043648184161069727 -0.019407117807802229 0.05520990262240464 0.045861763682056973 -0.03242072439150389 0.049411036971513694 0.039140766442664197 -0.04879178696869968 0.029817517328777066 0.048358124235570545 -0.051018886049190228 -0.0041827611386082968
leaf_weight=1.1022838931530707 1.5104016698896883 3.2739658067002884 3.1066834293305865 2.5097028911113766 0.9465317279100417 8.7341124257072789 2.0816471055150032 1.2404902745038273 17.148011834360663 1.7961654812097609 0.80582863744348276 0.58586911298334587 3.9357929257675996 2.4985994994640341
leaf_count=5 12 100 39 28 4 42 23 6 98 16 6 4 70 24
internal_value=0.0118172 0.00545578 0.0103622 0.0171763 -0.0205622 0.0328252 -0.00293662 0.023248 0.0279674 -0.0086754 -0.03697 -0.022676 -0.0381427 0.033631
internal_weight=51.2761 39.358 35.2782 29.2462 4.05322 11.918 3.18393 25.193 22.6833 3.03666 4.07979 6.03206 4.52166 19.6466
internal_count=477 407 301 215 43 70 28 172 144 22 106 86 74 122
is_linear=0
shrinkage=0.05


Tree=71
num_leaves=15
num_cat=0
split_feature=114 29 117 43 0 175 118 16 75 116 165 39 88 67
split_gain=3.34321 4.42661 3.84208 2.9359 2.73843 2.5665 2.29274 2.0779 1.91649 1.87501 1.83725 1.26759 1.22212 1.06311
threshold=-0.14722396116467545 3.5000000000000004 -0.087767532654223976 0.70012151912068032 801.50000000000011 -0.0019982734666873091 0.093359220056231249 73129.000000000015 0.064500668064750133 -0.045393071647362539 -0.11297258171417235 0.11529318556874421 0.035465995672330976 1.0000000180025095e-35
decision_type=2 2 2 2 2 2 2 2 2 2 2 2 2 2
left_child=8 3 -3 4 7 9 11 -2 12 -5 -7 -4 -1 -6
right_child=1 2 6 5 13 10 -8 -9 -10 -11 -12 -13 -14 -15
leaf_value=0.044866871603405703 -0.05546885287591722 0.033768374876887053 -0.056489165211703024 0.044750046243907694 0.015885570206327082 0.050136295708189775 0.03999636624739375 0.04954810325619291 -0.019955079950198375 -0.029273125046045501 -0.054886979886890799 0.0067743293986851031 0.0083504383392006224 0.049355434901579925
leaf_weight=10.541302043944595 1.4816511245444481 2.2317675668746224 6.5473927156999689 2.4333176910877232 3.4004680607467872 0.48196675069630268 0.80480309110134829 0.69056325033307064 1.6635376513004292 1.3192991055548198 3.0622270507737968 0.9007250703871249 2.9276187233626834 7.8484345246106386
leaf_count=51 27 13 131 16 31 3 5 3 12 30 70 7 18 43
internal_value=0.0113904 0.00203727 -0.0244359 0.0154345 0.0293129 -0.0100923 -0.0401756 -0.0220832 0.0306762 0.0187259 -0.0406051 -0.0488385 0.0369296 0.0392377
internal_weight=46.3351 31.2026 10.4847 20.7179 13.4211 7.29681 8.25292 2.17221 15.1325 3.75262 3.54419 7.44812 13.4689 11.2489
internal_count=460 379 156 223 104 119 143 30 81 46 73 138 69 74
is_linear=0
shrinkage=0.05


Tree=72
num_leaves=15
num_cat=0
split_feature=114 156 178 76 99 50 121 85 33 110 122 99 95 101
split_gain=3.59772 3.1338 2.58386 2.43686 3.16393 2.25294 2.06375 1.89356 1.7775 1.772 3.34017 1.6425 3.50079 1.31808
threshold=-0.14722396116467545 0.10016568025782867 -0.099978305514469526 -0.019032813220589632 -0.045175287634000159 0.010064544992763717 -0.080753351757014175 -0.069734263085491147 4.5000000000000009 -0.0053749984952692186 -0.036068805479183223 -0.0022132328617607898 0.037107802250848552 0.099919829125059312
decision_type=2 2 2 2 2 2 2 2 2 2 2 2 2 2
left_child=8 2 -2 5 -5 -4 -6 -7 9 -1 -11 12 -9 -8
right_child=1 -3 3 4 6 7 13 11 -10 10 -12 -13 -14 -15
leaf_value=0.051601056643344106 -0.057304592274977355 -0.053774513439530248 -0.038780666024066136 0.030524485661040282 0.043381903924594969 -0.037492562587430882 -0.049630078976980088 -0.04834197023314029 -0.0099651689139030591 -0.045608273470950311 0.036958720332755032 0.04405877714092446 0.039823841898936695 0.026061240190107866
leaf_weight=7.6702082715928563 1.5998174706474007 2.5313495551235965 1.4771858211606836 3.0593162849545479 0.82071829959750164 1.0873326705768782 5.2117517599835939 1.7678232248872596 2.5567518249154082 1.6389712095260627 4.8481890000402927 8.7266458645462794 3.1007931642234325 0.64650636911392201
leaf_count=36 25 73 32 25 7 18 100 24 16 12 27 46 21 5
internal_value=0.00981061 -0.00053827 0.00436245 0.00817185 -0.0115855 0.0200781 -0.030874 0.0259998 0.0284038 0.0353331 0.0160983 0.0310778 0.00781032 -0.0412769
internal_weight=46.7434 30.0292 27.4979 25.8981 9.73829 16.1598 6.67898 14.6826 16.7141 14.1574 6.48716 13.5953 4.86862 5.85826
internal_count=467 376 303 278 137 141 112 109 91 75 39 91 45 105
is_linear=0
shrinkage=0.05


Tree=73
num_leaves=15
num_cat=0
split_feature=0 45 173 114 19 29 120 15 53 113 137 166 163 162
split_gain=4.16291 3.21984 3.01016 2.54 3.09115 2.76466 2.47112 2.48231 2.19932 1.78808 1.6826 1.55788 1.36967 1.09091
threshold=891.00000000000011 0.066951975184966844 -0.10043209567130078 -0.0092272518693413807 15846.000000000002 1.5000000000000002 -0.056235230189171669 125464.00000000001 -0.25420649561182845 0.23700021606478519 -0.034992757963244095 -0.082864262309565132 -0.086655329740386131 -0.13395444414991067
decision_type=2 2 2 2 2 2 2 2 2 2 2 2 2 2
left_child=2 8 -1 4 5 -3 -4 -8 9 -2 -7 -10 -11 -14
right_child=1 3 6 -5 -6 10 7 -9 11 12 -12 -13 13 -15
leaf_value=0.035297273838732698 -0.040364347463948562 0.035796171877699991 0.018032135338567498 -0.045177859988093483 0.039424252277080914 0.023011685257244931 -0.057076382340900615 0.029679348604587458 0.039485053250931018 -0.0030669053261461695 -0.049428172212701967 -0.055062400641824744 -0.052796826456309065 0.042398957893124589
leaf_weight=2.137451820075511 0.78812231868506089 2.029899355024094 2.0073242569342247 2.7064208863303092 4.7812164574861526 1.0203826893120957 5.929452834185212 0.95768611971288908 0.66605941578745831 1.977789643220613 3.7389168674126312 1.2596776895225037 0.30617133155466092 17.641177595593021
leaf_count=14 5 15 18 83 29 9 113 8 4 18 42 25 9 106
internal_value=0.00896932 0.0170232 -0.0179811 -0.0015717 0.00862816 -0.0130596 -0.0307845 -0.0450126 0.0287497 0.0335015 -0.0338972 -0.022361 0.0364232 0.040775
internal_weight=47.9477 36.9158 11.0319 14.2768 11.5704 6.7892 8.89446 6.88714 22.639 20.7133 4.7593 1.92574 19.9251 17.9473
internal_count=498 345 153 178 95 66 139 121 167 138 51 29 133 115
is_linear=0
shrinkage=0.05


Tree=74
num_leaves=15
num_cat=0
split_feature=45 156 162 114 169 67 32 179 114 42 187 145 189 56
split_gain=4.09264 2.45018 2.65697 2.55462 2.25203 2.11364 2.7477 2.09583 1.86578 1.69642 1.32926 1.27201 1.22847 2.2583
threshold=0.21152188547174142 0.15354134287175594 -0.13395444414991067 0.18438236770164176 0.14670285431766053 1.0000000180025095e-35 1.5000000000000002 0.048968289482495979 -0.1095762556742831 0.4369666342742094 -0.12955216308476245 -0.0010817536972884477 -0.0061794502949593802 3.5000000000000004
decision_type=2 2 2 2 2 2 10 2 2 2 2 2 2 2
left_child=1 2 -1 4 5 6 9 10 -8 11 -2 -4 13 -7
right_child=7 -3 3 -5 -6 12 8 -9 -10 -11 -12 -13 -14 -15
leaf_value=-0.054846555041055012 0.055722111878971907 -0.054279935793593019 0.030221745950048604 -0.055195581166687914 -0.04181518896717154 0.035525695243644392 0.0074023722185792137 0.02421162760036857 -0.055295665734165861 0.039327390810507026 -0.055507809667658239 -0.058402218100727682 0.04452033339032177 -0.02305243790306891
leaf_weight=1.1579335229471315 0.28981879353523288 1.1492925812490273 0.74946439824998379 1.0419891756027926 1.2496058475226153 6.5151509083807415 2.7665966898202896 1.3789759790524838 2.077651508152484 6.5725612128153443 3.6688994909636667 0.88060721382498541 14.383845291100448 2.20120903942734
leaf_count=27 1 31 7 22 16 46 16 16 39 44 85 13 89 26
internal_value=0.0122952 0.0176883 0.0197771 0.0220251 0.0241767 0.0264581 0.01037 -0.0288731 -0.0194882 0.0280035 -0.0473646 -0.0176552 0.0355445 0.0207325
internal_weight=46.0836 40.7459 39.5966 38.4387 37.3967 36.1471 13.0469 5.33769 4.84425 8.20263 3.95872 1.63007 23.1002 8.71636
internal_count=478 376 345 318 296 280 119 102 55 64 86 20 161 72
is_linear=0
shrinkage=0.05


Tree=75
num_leaves=15
num_cat=0
split_feature=32 164 6 62 41 27 124 186 11 116 49 162 76 84
split_gain=3.37057 2.75558 2.68398 2.49567 2.26844 2.25594 1.9451 1.84275 1.80578 1.77432 1.83189 1.5452 1.51104 1.39748
threshold=3.5000000000000004 -0.11421566199548978 2.5000000000000004 160.50000000000003 0.20378451712959106 4.5000000000000009 -0.0071820510706448867 0.037796294109814277 3242.0000000000005 -0.084970360057005381 37109.500000000007 -0.1212999281323317 -0.025426453774448597 0.021166135080207867
decision_type=10 2 10 2 10 2 2 2 2 2 2 2 2 2
left_child=1 -1 5 -4 7 9 -7 8 -2 10 -3 -11 -8 -9
right_child=4 2 3 -5 -6 6 12 13 -10 11 -12 -13 -14 -15
leaf_value=-0.054500093661583981 0.033403323102948239 -0.045510490072853252 0.037308698686957013 -0.054241723939106458 0.049034787066367852 -0.052687427829362421 0.042965853246380525 -0.037018502788100059 -0.058122135708888592 -0.038011482051512918 0.037940447213360748 0.034058545062932967 -0.032803550368731324 0.04679833454825337
leaf_weight=1.3474839399568725 0.61555404216051002 1.57478695269674 1.1087033133953803 2.2654847563244402 1.0352326072752474 1.6857405067421494 1.7922770464792845 0.88721624203026328 4.3286353931762278 0.7665384691208591 1.1291524022817609 24.993253307417042 1.0397186456248158 1.1315892096608875
leaf_count=26 3 27 8 58 5 20 16 15 72 15 7 186 21 7
internal_value=0.00945794 0.015712 0.0183144 -0.0241597 -0.0200235 0.0226597 -0.0101637 -0.0302908 -0.0467272 0.0278694 -0.0106618 0.0319139 0.0151484 0.00996286
internal_weight=45.7014 37.7031 36.3557 3.37419 7.99823 32.9815 4.51774 6.96299 4.94419 28.4637 2.70394 25.7598 2.832 2.01881
internal_count=486 384 358 66 102 292 57 97 75 235 34 201 37 22
is_linear=0
shrinkage=0.05


Tree=76
num_leaves=15
num_cat=0
split_feature=114 49 78 134 115 80 37 142 151 162 87 43 107 77
split_gain=3.0727 3.15881 3.47524 4.04266 2.48115 2.41855 3.29138 1.76124 1.68007 1.75475 1.31338 1.15206 1.10576 1.03379
threshold=-0.11315652366706357 19103.500000000004 -0.11317404496317361 0.082234341220434257 0.027264945926234425 0.021461415923740006 0.64042259635991894 -0.13125876597718192 -0.021181000233184321 0.028306888936990113 -0.068602848089072896 0.29566185077940349 -0.092161820052664836 -0.030098383262651799
decision_type=2 2 2 2 2 2 2 2 2 2 2 2 2 2
left_child=5 2 -2 7 10 8 -7 -4 9 -1 -3 -6 -9 -10
right_child=1 4 3 -5 11 6 -8 12 13 -11 -12 -13 -14 -15
leaf_value=-0.029144930903585515 0.027698652258919154 -0.037092921846935835 0.058998924350164267 0.042806841127518376 0.045505923532538323 -0.050656019374096729 0.032275979908509216 0.0066290551640840155 0.018872233887527373 0.035379547925455425 0.03809958345494157 -0.053896863716140053 -0.052883679685532273 0.054224615223017948
leaf_weight=1.8499676026403928 3.3067621001973739 0.6324737463146447 0.40656286478042503 1.6071152230724681 0.36693451926112164 2.2672971896827212 2.5329708755016327 0.86075909342616519 2.8293342646211386 2.4479246512055397 7.1000627353787404 1.4176011122763155 8.3719725133851206 7.6841354258358461
leaf_count=16 25 7 1 12 2 22 14 13 18 13 53 32 208 38
internal_value=0.00925646 -0.0027136 -0.0173611 -0.03061 0.0196849 0.0239478 -0.00689506 -0.0428504 0.0339438 0.00760589 0.0319493 -0.0334578 -0.0473354 0.0447108
internal_weight=43.6819 24.0702 14.5532 11.2464 9.51707 19.6116 4.80027 9.63929 14.8114 4.29789 7.73254 1.78454 9.23273 10.5135
internal_count=474 353 259 234 94 121 36 222 85 29 60 34 221 56
is_linear=0
shrinkage=0.05


Tree=77
num_leaves=15
num_cat=0
split_feature=114 41 87 87 56 161 0 138 0 54 80 112 119 130
split_gain=2.55881 3.07606 2.6658 2.3757 1.94136 2.66767 1.77156 1.72735 1.72728 1.65058 2.59929 1.61763 1.3287 1.0487
threshold=-0.14951898347316336 0.071042268109959658 -0.058400726884321207 -0.063112752512876333 3.5000000000000004 0.0048545142778418067 1788.5000000000002 -0.04215999704505187 589.50000000000011 23.500000000000004 -0.03691708970563793 -0.096512943374827867 0.041289703003649585 -0.078003463747085666
decision_type=2 8 2 2 2 2 2 2 2 2 2 2 2 2
left_child=9 2 6 12 7 -6 -2 -5 -9 -1 -11 -4 -3 -10
right_child=1 3 11 4 5 -7 -8 8 13 10 -12 -13 -14 -15
leaf_value=0.038231773026356997 -0.052032755858152716 -0.056974569712136318 0.043639118818744438 -0.026952820859934331 -0.038868659864346594 0.02661933284909378 0.044505741290301506 -0.057435102985281761 -0.023550934093644907 0.048314703501083064 -0.038729395491953054 -0.054525401145901577 0.010627322030351433 0.042890941855111338
leaf_weight=10.297194816172121 0.65392417088151011 1.8022501049563318 0.4609116232022642 1.2408634191378975 2.9974026773124924 3.231675423681736 1.7389597119763491 0.48318132758140464 0.62951194122433918 1.4987079799175265 2.0051300078630439 4.6904448014684039 1.2181405685842035 10.496604535728688
leaf_count=57 26 27 5 17 50 24 10 6 6 8 18 137 9 69
internal_value=0.0103611 0.00208151 -0.0254852 0.0114921 0.0180147 -0.00489318 0.0181238 0.0291193 0.0351126 0.0281452 -0.00149774 -0.0457422 -0.0297103 0.0391317
internal_weight=43.4449 29.6439 7.54424 22.0996 19.0792 6.22908 2.39288 12.8502 11.6093 13.801 3.50384 5.15136 3.02039 11.1261
internal_count=469 386 178 208 172 74 36 98 81 83 26 142 36 75
is_linear=0
shrinkage=0.05


Tree=78
num_leaves=15
num_cat=0
split_feature=41 186 131 96 76 120 90 131 151 90 76 167 120 171
split_gain=2.54438 2.14709 2.34106 2.2803 2.67736 2.22525 1.6689 1.96924 1.65955 1.35517 1.72187 1.16663 1.2315 1.15362
threshold=0.1384253428350822 0.037796294109814277 -0.0093700177441606285 -0.048786166953671002 -0.05232989519596494 -0.038560179789758557 0.044357136934911591 0.019125600900081235 -0.0077051003821778704 -0.069897647930836707 0.02796414800909711 -0.022682710491347693 0.002689253160286773 0.015175398345511465
decision_type=8 2 2 2 2 2 2 2 2 2 2 2 2 2
left_child=1 3 -3 8 13 -4 11 -8 -1 10 -6 12 -2 -5
right_child=6 2 5 4 9 -7 7 -9 -10 -11 -12 -13 -14 -15
leaf_value=-0.023209568159891902 -0.021992056181464617 0.03758098963081543 0.032774138387383835 -0.01976260229858837 -0.056534303403084567 -0.055111703242919766 -0.058005338461890682 0.028933919912685443 0.038747969617796439 -0.047581003676745538 0.046443608508534268 0.04437968503217371 0.032684270144166402 0.045103170201409228
leaf_weight=1.6276417598128317 1.6217997856438149 6.0572885759174824 1.2753657624125483 1.1546565517783141 0.70351144997402648 1.6547396667301635 1.185329053550958 1.4458204340189693 3.2168913185596457 6.6462704739533436 0.95965888816863298 8.4428701773285848 2.821595249697566 1.6867776066064832
leaf_count=27 17 46 13 15 16 36 15 10 30 145 7 51 23 11
internal_value=0.0101545 0.000277583 0.0198325 -0.0107098 -0.0231532 -0.0168583 0.0260562 -0.0102321 0.0179318 -0.0374801 0.00288455 0.0334656 0.0127279 0.0187441
internal_weight=40.5002 24.9828 8.98739 15.9954 11.1509 2.93011 15.5174 2.63115 4.84453 8.30944 1.66317 12.8863 4.4434 2.84143
internal_count=462 346 95 251 194 49 116 25 57 168 23 91 40 26
is_linear=0
shrinkage=0.05


Tree=79
num_leaves=15
num_cat=0
split_feature=33 43 77 81 5 185 148 175 90 32 62 47 127 173
split_gain=2.76381 3.16394 2.77334 2.76934 2.59466 2.444 2.37521 2.11203 2.80915 1.31003 1.13278 1.08542 0.847199 0.83589
threshold=4.5000000000000009 0.70012151912068032 -0.049333641291221302 0.0029260000567760554 57.000000000000007 -0.018680183502461919 -0.041823133269235646 -0.04473850814531536 -0.0036596867228913649 2.5000000000000004 94.500000000000014 5.8596204890461658 -0.10258514367697076 -0.12644116835376162
decision_type=2 2 2 2 8 2 2 2 2 10 2 10 2 2
left_child=1 6 10 4 -2 -4 9 -7 -9 11 -3 -1 -8 -14
right_child=3 2 5 -5 -6 7 12 8 -10 -11 -12 -13 13 -15
leaf_value=-0.030242617716855741 0.033220842047507464 0.055042777918705543 0.033398937190526841 -0.056417538555361038 -0.054085284689752412 -0.059433717965566749 -0.057644609969384877 0.03116513399795286 -0.041145352422904277 -0.060883788946647914 -0.054066463384590951 0.047103026726482589 -0.057392824850024615 0.040085568981503533
leaf_weight=0.8314770497381716 2.9545214837416998 0.26175487041473511 6.1180263888090849 2.7796057760715485 1.1952867382206021 1.6362310163676737 0.23105772770941868 3.69518225453794 2.1100767618045211 0.93177415616810311 2.608236585278064 0.99806887283921242 0.22294080257416382 16.251427072565996
leaf_count=16 21 1 58 44 28 20 3 34 38 12 69 8 2 130
internal_value=0.0111142 0.016695 0.00053677 -0.0177958 0.00807369 0.00998777 0.0303322 -0.00925974 0.00488195 -0.0126258 -0.0441153 0.0119516 0.0374329 0.0387664
internal_weight=42.8257 35.8963 16.4295 6.92941 4.14981 13.5595 19.4667 7.44149 5.80526 2.76132 2.86999 1.82955 16.7054 16.4744
internal_count=484 391 220 93 49 150 171 92 72 36 70 24 135 132
is_linear=0
shrinkage=0.05


Tree=80
num_leaves=15
num_cat=0
split_feature=80 13 154 54 102 41 77 37 75 106 140 113 127 190
split_gain=2.99544 3.58031 2.3069 2.3578 1.85207 2.02302 1.91239 1.46358 1.45345 1.74752 1.41005 1.44898 1.11846 0.947391
threshold=0.021461415923740006 1210.5000000000002 -0.01332949776305342 23.500000000000004 -0.054196005225032214 0.48490440447050942 -0.086335985590821909 0.051322392388781536 0.028928587217698396 0.002422560977699145 0.063892051857181623 0.28587887802128292 -0.078137658226679382 -0.134292748783816
decision_type=2 2 2 2 2 8 2 2 2 2 2 2 2 2
left_child=4 2 -2 -4 5 -1 13 -8 10 -10 12 -12 -9 -6
right_child=1 -3 3 -5 6 -7 7 8 9 -11 11 -13 -14 -15
leaf_value=-0.056164994395621316 -0.057757889057922951 -0.050433241325913883 0.037407816492451541 -0.033705106848289944 0.045341427013933601 0.042025264020390397 -0.062468957825482452 -0.055772096360213769 0.023368479823437427 -0.054783862906392616 0.0408946887073268 -0.058431254701157377 0.037296089838296187 -0.054151331376473967
leaf_weight=1.6067012725397969 1.1253203353844581 4.0144941499456763 4.7521650223061425 1.5444069150835273 0.30159319005906571 0.77885606512427363 0.46504963189363735 0.3285431917756928 1.9876683196052902 1.1173873599618671 0.65439570136368164 0.83658235892653465 18.520900500938293 1.157845437061044
leaf_count=36 24 86 44 20 2 5 5 6 19 20 6 14 143 33
internal_value=0.00914005 -0.0123943 0.00818088 0.0199654 0.0180131 -0.024107 0.0219737 0.0253652 0.0271074 -0.00475547 0.0319714 -0.0148367 0.0356739 -0.0335911
internal_weight=39.1919 11.4364 7.42189 6.29657 27.7555 2.38556 25.37 23.9105 23.4455 3.10506 20.3404 1.49098 18.8494 1.45944
internal_count=463 174 88 64 289 41 248 213 208 39 169 20 149 35
is_linear=0
shrinkage=0.05


Tree=81
num_leaves=15
num_cat=0
split_feature=33 63 114 20 13 23 40 166 105 116 110 127 118 111
split_gain=3.00603 2.54117 2.3589 2.7979 2.39764 2.54093 1.9359 1.78823 1.71829 1.79298 1.6028 1.69956 1.61276 1.43822
threshold=4.5000000000000009 1081.0000000000002 -0.11698417420751889 2792.5000000000005 7484.0000000000009 -90283.499999999985 0.18712058200250883 0.051619746098010087 -0.05249107664853267 -0.07938229607251035 -0.0053749984952692186 0.019908425564535984 -0.025764530556688803 0.056112486280723489
decision_type=2 2 2 2 2 2 8 2 2 2 2 2 2 2
left_child=2 6 10 -4 7 -6 -2 8 -5 -10 -1 -12 -13 -9
right_child=1 -3 3 4 5 -7 -8 13 9 -11 11 12 -14 -15
leaf_value=0.045968364708824795 -0.051183523364009768 0.054721625594946921 -0.052492031847122811 -0.053579972992445352 0.043755077666495321 -0.049059903444334002 0.025539480912553227 -0.055834619336369219 -0.02737673791381039 0.041110528743913632 0.034733503980596284 -0.060039559348687911 0.013659641807480014 0.035747602505599795
leaf_weight=7.1767291966825724 4.3613348966464391 0.88486992847174395 2.0754022523760822 0.60213231854140659 0.99331053812056813 2.8620228352956465 1.0131921563297508 1.2496663443744171 1.0754876285791386 8.5761576620861906 3.7883451767265779 1.2174234427511694 1.9020622894167898 0.65254166908562172
leaf_count=43 73 4 83 14 9 77 8 24 18 62 26 11 14 6
internal_value=0.00790954 -0.0237931 0.0140778 0.00213011 0.00921028 -0.0251465 -0.0367199 0.0201067 0.0283666 0.033479 0.0294204 0.0122282 -0.0151025 -0.0244179
internal_weight=38.4307 6.2594 32.1713 18.0867 16.0113 3.85533 5.37453 12.156 10.2538 9.65165 14.0846 6.90783 3.11949 1.90221
internal_count=472 85 387 293 210 86 81 124 94 80 94 51 25 30
is_linear=0
shrinkage=0.05


Tree=82
num_leaves=15
num_cat=0
split_feature=162 105 41 74 159 102 163 190 27 146 81 130 102 121
split_gain=2.35481 2.34247 1.83899 1.92273 1.83475 1.82629 1.7278 1.69436 1.20783 1.61463 1.38471 1.03914 0.992809 1.16683
threshold=-0.025885140777879137 -0.055420953756549894 0.071808144108074914 0.2206904260105397 -0.14428928473091374 0.077511225867017461 0.061888905861646616 -0.030651201332914439 4.5000000000000009 -1.0000000180025095e-35 -0.094029659249290201 -0.087034683672414279 -0.0056302017723507628 0.033568649967738354
decision_type=2 2 8 2 2 2 2 2 2 2 2 2 2 2
left_child=2 7 3 -1 -3 8 12 -2 10 -10 -6 -12 13 -4
right_child=1 4 6 -5 5 -7 -8 -9 9 -11 11 -13 -14 -15
leaf_value=-0.050244146962655035 0.016234496862081185 -0.044716925946609379 -0.054304981485252271 0.047935954253168905 -0.033588106717009757 -0.028109599016279758 -0.05604708399950549 -0.051021002029051604 -0.039550073373143049 0.043007263455691717 -0.027825557636786832 0.037028057911918995 0.036976978974348963 0.03712496194533306
leaf_weight=3.6790797761641425 1.7153138951398434 0.99614172102883713 0.79211510624736525 0.57685527577996243 0.76837183069438708 1.5409592166542996 0.89233509171754111 2.0624234937131432 1.4182570818811657 1.0168841583654273 0.63895561732353101 18.526912739500393 2.9257221529260278 0.62373522948473692
leaf_count=97 19 18 17 3 14 25 16 31 24 10 8 158 31 6
internal_value=0.00906221 0.0162051 -0.0125279 -0.0369367 0.0217698 0.0245397 0.00731995 -0.0204831 0.0281666 -0.00507517 0.0322274 0.034866 0.0203439 -0.0140267
internal_weight=38.1741 28.6842 9.48984 4.25594 24.9065 23.9103 5.23391 3.77774 22.3694 2.43514 19.9342 19.1659 4.34157 1.41585
internal_count=477 307 170 100 257 239 70 50 214 34 180 166 54 23
is_linear=0
shrinkage=0.05


Tree=83
num_leaves=15
num_cat=0
split_feature=32 39 72 83 146 184 114 18 103 96 12 114 43 143
split_gain=2.55006 2.4444 2.49681 2.09266 1.98316 1.75202 2.33469 1.86919 1.53423 1.38132 2.50676 1.32803 1.67587 1.19753
threshold=2.5000000000000004 0.063505290481460516 0.60555555555555574 -0.071663790879683428 -0.060633924173197178 -0.029915846272169967 -0.11698417420751889 595.00000000000011 -0.040474129143072642 0.015078891464959606 96.500000000000014 0.068104353976137691 0.37695468498997847 -0.070033006008968071
decision_type=8 2 8 2 2 2 2 10 2 2 2 2 2 2
left_child=11 2 5 -4 -5 6 -2 8 -7 -3 -11 -1 -13 -6
right_child=1 9 3 4 13 7 -8 -9 -10 10 -12 12 -14 -15
leaf_value=0.039251353160676634 0.043133518953150971 0.037788711263636116 0.0470058076105049 0.040537639049673078 0.040884578870064518 0.042273077159679658 -0.032315300629668746 -0.050587029467484036 -0.038247763087612956 0.027379077571512853 -0.055556882022495438 0.049507623872552177 -0.053708924880769872 -0.054938088916373286
leaf_weight=8.5081339534372074 2.0212131403386593 5.853451560251413 3.022130835801363 1.2538191545754673 0.39608796034008298 1.188468446955085 2.0809754077345142 5.7624537530355155 1.1778951426968012 2.7596290092915297 1.3601697301492093 0.67948288284242042 0.93359218118712306 1.8440632536075998
leaf_count=61 13 54 17 10 4 8 55 118 22 21 22 4 27 45
internal_value=0.00978394 0.00217861 -0.00846068 0.0165389 -0.00981364 -0.0217793 0.00485953 -0.0352225 0.00219255 0.0221777 -2.5954e-06 0.0313651 -0.0102306 -0.0379954
internal_weight=38.8416 28.7204 18.7471 6.5161 3.49397 12.231 4.10219 8.12882 2.36636 9.97325 4.1198 10.1212 1.61308 2.24015
internal_count=481 389 292 76 59 216 68 148 30 97 43 92 31 49
is_linear=0
shrinkage=0.05


Tree=84
num_leaves=15
num_cat=0
split_feature=35 119 32 82 124 125 192 158 114 41 140 45 39 83
split_gain=3.03069 2.54296 2.27462 1.56497 1.65654 1.53584 1.71059 1.44866 1.44273 1.81392 1.53614 1.3911 1.23884 1.76858
threshold=3.5000000000000004 -0.049905282863817478 3.5000000000000004 -0.012015341601009141 -1.0000000180025095e-35 -0.0013891021998215429 0.043397483827619314 -0.026671029684925036 0.11554791804088201 0.1639462684128111 0.048874129384274337 0.038292173421369917 0.019694150655120899 -0.019194834920856541
decision_type=2 2 10 2 2 2 2 2 2 10 2 2 2 2
left_child=2 7 8 -4 -5 6 -3 -2 10 -10 12 -12 13 -1
right_child=1 5 3 4 -6 -7 -8 -9 9 -11 11 -13 -14 -15
leaf_value=-0.055582629723481214 -0.022674107786250688 -0.039415781061479999 -0.057907481153696198 0.042273823550132504 -0.045275470875895119 -0.054428575426594676 0.027319803521181157 0.047996267108220365 -0.052597083889274143 0.04950078447690999 0.031271736532947417 -0.044587719860160691 0.038177958990078746 0.028033324563250944
leaf_weight=0.90436484944075379 1.1332209627144041 2.1158863413147633 1.5434425203129651 1.3577886102721097 0.89740243181586166 3.6194946379400772 1.7580555086024103 2.0137990787625313 1.2926690946333099 0.65570719353854645 1.1028453148901456 1.3369612181559203 14.369168072473256 2.1028436552733316
leaf_count=14 14 49 24 15 15 81 22 17 49 4 9 21 110 22
internal_value=0.00725313 -0.0151698 0.0165865 -0.0191143 0.00743556 -0.0310103 -0.00913013 0.0225483 0.0228174 -0.018237 0.026854 -0.0102976 0.0320705 0.0028873
internal_weight=36.2036 10.6405 25.5632 3.79863 2.25519 7.49344 3.87394 3.14702 21.7646 1.94838 19.8162 2.43981 17.3764 3.00721
internal_count=466 183 283 54 30 152 71 31 229 53 176 30 146 36
is_linear=0
shrinkage=0.05


Tree=85
num_leaves=15
num_cat=0
split_feature=50 128 179 112 114 0 32 155 162 161 116 17 43 17
split_gain=2.46652 2.22942 2.5729 1.95722 1.75258 1.7124 2.10641 1.76693 1.69508 1.4165 1.33447 1.23995 1.13312 2.08925
threshold=0.011389869150566823 0.030890907865399324 0.034330480030459791 -0.0097858725084907349 0.1037825994566649 823.00000000000011 2.5000000000000004 -0.053250507224679326 -0.021758412879782016 -0.10365190268910354 0.010277132225243674 14769.500000000002 1.3066303655773126 358655.50000000006
decision_type=2 2 2 2 2 2 8 2 2 2 2 10 2 8
left_child=3 4 -3 8 5 6 -2 -8 -1 -5 11 -6 -7 -14
right_child=1 2 -4 9 10 12 7 -9 -10 -11 -12 -13 13 -15
leaf_value=-0.055361905055881733 0.050492037186670828 -0.044140970059903722 0.02456724481149487 0.04692393287350289 -0.05223053662640656 0.041839734043011792 0.02188860492125029 -0.05731302145528825 0.027643634492891866 -0.054234644844527016 -0.054193103736472049 0.040335684489432283 -0.039291141940661051 0.040081377277635138
leaf_weight=0.80594200501218471 1.3202085923403597 3.2174835037440053 2.3633561423048377 0.38459455594420466 0.51151189208030645 11.187565231230108 1.175302691757679 1.7567839934490621 2.596858985722065 3.4539218866266301 1.2647646362893281 1.2358620949089525 1.3570683714933682 2.1308718733489518
leaf_count=24 8 54 28 3 21 85 10 25 39 88 37 12 21 14
internal_value=0.00634006 0.0131719 -0.0150446 -0.0196245 0.0203493 0.0259867 -0.00195208 -0.0255657 0.00798405 -0.0440992 -0.0150752 0.0132386 0.0340821 0.00919956
internal_weight=34.7621 27.5208 5.58084 7.24132 21.9399 18.9278 4.2523 2.93209 3.4028 3.83852 3.01214 1.74737 14.6755 3.48794
internal_count=469 315 82 154 233 163 43 35 63 91 70 33 120 35
is_linear=0
shrinkage=0.05


Tree=86
num_leaves=15
num_cat=0
split_feature=114 95 80 145 67 114 74 122 120 128 179 103 13 151
split_gain=3.12628 1.7935 1.66314 1.49732 1.35348 2.33014 3.48057 1.34639 1.1853 1.14021 0.963627 0.939274 1.31113 1.31804
threshold=0.091515411531581867 0.061104058160016926 0.090852659595349897 -0.061107915875528988 1.0000000180025095e-35 -0.1570936939392871 0.14873116917947235 -0.071042017443991121 -0.024765827063443952 -0.02616441403240349 -0.07270592911903849 0.019950107882430273 12749.000000000002 0.0033066437760243144
decision_type=2 2 2 2 2 2 2 2 2 2 2 2 2 2
left_child=2 -2 3 9 5 -5 7 -7 -4 -1 -6 -12 13 -13
right_child=1 -3 8 4 10 6 -8 -9 -10 -11 11 12 -14 -15
leaf_value=0.019033728426633447 -0.052742027660584348 0.018409905041906847 0.03813961525716611 0.039562737825648418 -0.013223059749405503 0.042707406857824662 0.036634064499983673 -0.051827732800634435 -0.047213905059013746 -0.055986800428730582 0.043867376174192035 -0.0079603031854626055 -0.036165932781831903 0.045913764635241237
leaf_weight=0.94388271681964431 2.7323583997786036 1.3104180665686724 0.54562835535034571 3.7055181041359901 1.1254905546084142 0.42545438045635853 2.3661161903291941 3.2826491105370241 1.5980093367397774 1.092964906245476 10.254682745784516 1.6643434111028899 0.91226870752871025 3.5715158702805638
leaf_count=13 107 24 7 28 17 5 23 60 37 19 71 24 14 22
internal_value=0.0117128 -0.029679 0.0170271 0.0201329 0.0232174 0.00831502 -0.0107473 -0.0409811 -0.0254885 -0.021222 0.0315321 0.034603 0.0191505 0.0287886
internal_weight=35.5313 4.04278 31.4885 29.3449 27.308 9.77974 6.07422 3.7081 2.14364 2.03685 17.5283 16.4028 6.14813 5.23586
internal_count=471 131 340 296 264 116 88 65 44 32 148 131 60 46
is_linear=0
shrinkage=0.05


Tree=87
num_leaves=15
num_cat=0
split_feature=75 165 88 113 185 66 156 107 14 41 183 66 156 44
split_gain=1.91531 2.32631 1.61583 1.55594 1.76819 2.47296 1.55444 1.50503 1.37694 1.3759 1.16735 1.43867 1.20031 1.89479
threshold=0.0758222026289469 -0.010210747194697884 0.036490977887693531 0.25193910286037691 -0.011536252785089537 12.500000000000002 0.14358648199535404 -0.04175391029603067 176744.50000000003 0.071363881701118626 -0.070642967570764742 12.500000000000002 -0.076074489497249251 704.00000000000011
decision_type=2 2 2 2 2 2 2 2 2 8 2 2 2 2
left_child=1 2 3 -1 7 -6 10 -5 -4 -2 11 -3 13 -12
right_child=9 6 8 4 5 -7 -8 -9 -10 -11 12 -13 -14 -15
leaf_value=0.044344030428750292 -0.054126455045206183 -0.054299454321370101 -0.049753553661473188 -0.040190467125489002 -0.054768572826244137 0.020068704826114395 -0.031601944523560556 0.029095413383900533 0.025955377354049972 0.013932249440738016 0.033055475955765648 0.052992470921910617 0.040153440325829431 -0.043814299509546517
leaf_weight=2.2359089627861968 1.9722062614746381 0.87365916185081427 2.61365222511813 0.94496364425867785 2.7457978224847492 1.8460271265357731 1.151618112809955 4.5950791779905513 0.7797323497943579 1.191102775745094 2.3728703241795333 0.48637962341308594 11.716535824351009 1.2106800600886343
leaf_count=16 49 24 43 15 63 16 34 52 9 17 22 3 104 23
internal_value=0.00869357 0.012198 -0.00179364 0.00659216 -0.00173895 -0.0246821 0.0245789 0.0172773 -0.0323571 -0.0284998 0.0284623 -0.0159295 0.0324083 0.0070855
internal_weight=36.7362 33.5729 15.7612 12.3678 10.1319 4.59182 17.8117 5.54004 3.39338 3.16331 16.6601 1.36004 15.3001 3.58355
internal_count=490 424 214 162 146 79 210 67 52 66 176 27 149 45
is_linear=0
shrinkage=0.05


Tree=88
num_leaves=15
num_cat=0
split_feature=78 114 171 102 104 17 150 50 172 27 155 150 50 86
split_gain=1.91783 2.15285 2.64449 2.44048 2.53833 2.18529 1.35276 1.31697 1.30567 1.12624 1.15291 0.983333 0.976767 0.76269
threshold=-0.11317404496317361 -0.051476309085755706 0.012937660114676374 0.0025329611134082184 0.0091502677262591224 4543.5000000000009 -0.024301212282722792 0.010481873571210642 -0.005775498378847917 2.5000000000000004 0.024930838123967743 -0.029022933921008211 0.032220600110230029 -0.03197443339380495
decision_type=2 2 2 2 2 10 2 2 2 2 2 2 2 2
left_child=-1 3 12 4 6 -4 -2 13 -7 -6 -11 -9 -3 -5
right_child=1 2 5 7 9 8 -8 11 -10 10 -12 -13 -14 -15
leaf_value=0.040097481189538757 0.016477606052115838 -0.053304298751792545 -0.052429703294665259 0.02607351973343186 0.040401786159920065 -0.034994312120352505 -0.045301208112191016 0.007119690841284586 0.041337884004758393 -0.039210027900605293 0.031326005600020308 0.049047628075277377 0.004504604633157632 -0.043398863130020157
leaf_weight=4.5722853783518067 1.1868791449815033 3.6503910077735799 1.0699442937038837 0.76880744472146034 3.0900376737117767 0.67692602984607253 3.4964823815971631 1.7759726531803597 3.2493562335148454 1.2185894548892977 1.1042864546179769 6.5777379609644404 0.91357640037313093 0.81265098880976328
leaf_count=32 14 137 47 7 21 20 45 16 30 12 9 45 16 13
internal_value=0.00995987 0.00530322 -0.0142183 0.0146201 -0.00269237 0.0109155 -0.0296449 0.0322133 0.0281775 0.0206275 -0.00567746 0.0401339 -0.0417326 -0.00962568
internal_weight=34.1639 29.5916 9.56019 20.0314 10.0963 4.99623 4.68336 9.93517 3.92628 5.41291 2.32288 8.35371 4.56397 1.58146
internal_count=464 432 250 182 101 97 59 81 50 42 21 61 153 20
is_linear=0
shrinkage=0.05


Tree=89
num_leaves=15
num_cat=0
split_feature=41 51 29 87 40 114 68 44 0 39 22 163 174 25
split_gain=2.3104 2.3954 1.65275 1.81499 1.77053 1.94317 1.44128 1.24264 1.28198 1.52401 1.30648 1.13929 1.49947 1.06961
threshold=0.069088667461605538 -0.020999612303963158 3.5000000000000004 -0.061553651342044859 0.17810657782658409 -0.1394886574983569 18.500000000000004 89283.000000000015 982.00000000000011 0.0764448259784858 -449.99999999999994 -0.032651608422109006 0.01995237200035779 -23482.999999999996
decision_type=8 2 2 2 10 2 2 2 2 2 2 2 2 2
left_child=1 6 3 -2 5 -4 -1 8 9 10 -5 12 -7 -9
right_child=2 -3 4 7 -6 11 -8 13 -10 -11 -12 -13 -14 -15
leaf_value=-0.028616254118656755 -0.024825785704280769 -0.039576915734364074 0.026900086185636919 0.031467576296294646 0.043349053634621146 -0.054535319686065842 0.027708198682706006 0.039313242886503334 0.047073333357394657 0.046659850396396245 -0.055521097960026612 -0.054747284480823416 0.036582861335599202 -0.053392782245317294
leaf_weight=1.6666455492377279 1.5975919319316734 4.640879125799982 1.9397408869117496 0.7184465043246745 1.6511858999729154 0.80033451411873047 3.5657822452485561 0.5300210565328598 8.4620818649418634 1.5659494372084735 1.0812349803745775 2.5586824561469252 1.0359332915395496 0.75340706761926302
leaf_count=34 23 144 16 7 10 15 40 4 66 10 21 53 10 18
internal_value=0.00676413 -0.0134264 0.0155481 0.0254903 -0.00276406 -0.0147838 0.0097676 0.0316214 0.0366919 0.0105904 -0.0207946 -0.0331813 -0.00313086 -0.0151077
internal_weight=32.5679 9.87331 22.6946 14.7087 7.98588 6.33469 5.23243 13.1111 11.8277 3.36563 1.79968 4.39495 1.83627 1.28343
internal_count=471 218 253 149 104 94 74 126 104 38 28 78 25 22
is_linear=0
shrinkage=0.05


Tree=90
num_leaves=15
num_cat=0
split_feature=156 33 114 32 179 38 146 176 149 51 64 154 0 147
split_gain=1.92533 1.68355 2.10392 2.26017 1.75601 2.00655 1.71411 1.68183 1.68155 1.64089 1.85295 1.00513 0.970677 1.02032
threshold=0.15354134287175594 4.5000000000000009 -0.1570936939392871 3.5000000000000004 0.024951010992949534 0.14441272108634268 0.015206173242716342 -0.024050281664251841 -0.062575093401904675 -0.025293835723798605 12.500000000000002 0.081277782177592683 1030.0000000000002 -0.011951882569677882
decision_type=2 2 2 10 2 2 2 2 2 2 2 2 2 2
left_child=1 2 -1 4 5 9 7 -3 -5 -4 -11 -9 13 -6
right_child=-2 6 3 8 12 -7 -8 11 -10 10 -12 -13 -14 -15
leaf_value=0.042158173329873178 -0.05296473925476191 -0.03841316131068985 0.034448874262944289 0.044561135428086575 0.030324293087442201 0.036538621672749752 -0.055288591527617871 -0.010705536847969889 -0.054627211940561839 -0.043722513111525224 0.025844755085182011 0.051437212098581445 0.04442834772457753 -0.053404359327860432
leaf_weight=6.8268521539866915 1.1499474407173682 1.4448003033176062 1.4180648103356404 0.54111590469256077 1.0107552353292701 2.9529372220858932 1.6112552904523907 1.0417814538814121 2.0314436131156972 3.8319664560258433 1.2758797165006397 1.7333804219961164 5.7637870265170932 0.56850975891575117
leaf_count=52 47 26 12 6 11 22 30 19 51 96 15 10 49 15
internal_value=0.0106019 0.0128825 0.0182863 0.00988346 0.0165584 0.0023398 -0.0114172 0.00533372 -0.0337638 -0.013135 -0.0263454 0.0281091 0.0349126 0.000183338
internal_weight=33.2025 32.0525 26.2213 19.3945 16.8219 9.47885 5.83122 4.21996 2.57256 6.52591 5.10785 2.77516 7.34305 1.57926
internal_count=461 414 329 277 220 145 85 55 57 123 111 29 75 26
is_linear=0
shrinkage=0.05


Tree=91
num_leaves=15
num_cat=0
split_feature=33 123 37 102 125 134 114 7 169 71 76 172 187 162
split_gain=2.23281 1.94804 1.74256 1.57774 1.41611 1.74584 1.47625 1.37111 1.25159 1.25393 1.17921 1.41134 1.30343 1.11356
threshold=4.5000000000000009 -0.0056609516581761551 0.49854839210393781 0.0047520436986349572 0.0054172240852071894 -0.052563303503816168 -0.14722396116467545 5819.0000000000009 0.12404053884300338 0.45000000000000007 0.041476931505816376 0.060112157186402837 -0.12149528613246001 0.019449737186284594
decision_type=2 2 2 2 2 2 2 10 2 10 2 2 2 2
left_child=2 -2 4 -3 6 -6 -1 -8 9 10 12 -12 -4 -9
right_child=1 3 8 -5 5 -7 7 13 -10 -11 11 -13 -14 -15
leaf_value=0.042946504536902824 -0.055228510330594144 -0.030982340039661185 -0.055042660235913282 0.033031723649411489 0.047194126895166513 -0.055092630354896525 -0.054644222210850628 -0.037757631548014398 -0.029508496696995998 -0.021930124734891733 -0.053045371528272968 0.05309089293123409 0.039434451054907171 0.030637618261915946
leaf_weight=2.3524765726178885 2.1089762975461781 1.7397361774928861 0.37471685372293251 2.1546996803954244 0.53146600257605348 1.9396574310958383 1.0951483873650447 0.83483445737510953 0.95596050890162487 1.1163982115685929 0.81556098372675367 0.50850732624530792 14.178165474440904 2.0725375055335462
leaf_count=20 42 33 6 22 4 52 36 22 21 27 26 3 133 21
internal_value=0.0110348 -0.0165245 0.017214 0.00443513 -0.000976125 -0.0330938 0.0115127 -0.00696244 0.0261585 0.02929 0.0328916 -0.0122838 0.0370018 0.0109983
internal_weight=32.7788 6.00341 26.7754 3.89444 8.82612 2.47112 6.355 4.00252 17.9493 16.9933 15.877 1.32407 14.5529 2.90737
internal_count=468 97 371 55 155 56 99 79 216 195 168 29 139 43
is_linear=0
shrinkage=0.05


Tree=92
num_leaves=15
num_cat=1
split_feature=179 71 162 32 153 39 114 57 2 104 114 121 121 4
split_gain=2.80302 1.48284 1.55937 1.27126 1.03384 1.18564 2.03632 2.66786 1.21832 3.46599 0.759279 0.758448 1.25375 0.793922
threshold=-0.1003845651519501 1.9459459459459463 -0.13395444414991067 4.5000000000000009 0.12218702389749432 0.10118512732824193 -0.016137686999477152 -1.4999999999999998 0 0.0091502677262591224 -0.14722396116467545 0.014138063732066755 0.048078517306392392 4.5000000000000009
decision_type=2 10 2 10 2 2 2 2 1 2 2 2 2 8
left_child=-1 2 -2 4 -4 6 8 -8 11 -10 -5 13 -13 -6
right_child=1 -3 3 10 5 -7 7 -9 9 -11 -12 12 -14 -15
leaf_value=-0.0542898327001392 -0.053152298589970615 -0.042039739546375549 -0.057535218081675089 0.01570161422445179 0.013834172282901637 0.049154125380446556 0.030014249737404415 -0.047741889794062901 -0.055310796764869198 0.042934809140596338 -0.053545812776093597 -0.022149572921352841 0.037757301778286935 0.051014948386731131
leaf_weight=1.624833477661016 0.79638861725107446 1.1592936001252372 0.41364821791649475 0.67660604417324066 1.8649159036576648 3.4757569767534724 2.026518146507442 2.421064853901032 1.5692710503936038 2.0977828158065677 0.95399564551189431 1.401335258036853 2.3181190732866526 6.2390956077724704
leaf_count=39 26 49 4 6 21 27 28 101 27 15 25 16 20 38
internal_value=0.00951814 0.0133001 0.0157437 0.0178989 0.0208218 0.0222061 0.0175083 -0.0123127 0.0260704 0.000891798 -0.0248121 0.0338795 0.0151869 0.0424588
internal_weight=29.0386 27.4138 26.2545 25.4581 23.8275 23.4139 19.9381 4.44758 15.4905 3.66705 1.6306 11.8235 3.71945 8.10401
internal_count=442 403 354 328 297 293 266 129 137 42 31 95 36 59
cat_boundaries=0 1
cat_threshold=2
is_linear=0
shrinkage=0.05


Tree=93
num_leaves=15
num_cat=0
split_feature=75 156 127 84 114 20 35 123 181 20 43 165 100 133
split_gain=1.90231 1.71769 1.5113 2.41331 1.68541 1.52387 1.33982 1.35171 1.56519 1.19246 1.18736 1.09345 1.07921 0.832218
threshold=0.013016000105206703 0.15354134287175594 0.05235372868028166 0.025627002494413038 -0.11315652366706357 2792.5000000000005 4.5000000000000009 0.041253640744544594 0.078309988584432694 221401.00000000003 0.20379428094090354 0.070643278791447994 -0.074901576836300998 0.022785809314796481
decision_type=2 2 2 2 2 2 2 2 2 2 2 2 2 2
left_child=1 2 4 -4 13 -6 7 12 -9 10 -2 -12 -7 -1
right_child=9 -3 3 -5 5 6 -8 8 -10 -11 11 -13 -14 -15
leaf_value=0.05062059926221623 0.04892784116336462 -0.052919908937892883 -0.05183101896156276 0.030805930243876584 -0.052189054938952144 -0.051710657424792618 -0.031513144812494079 -0.054297192302883594 0.039635531663729025 0.035787517028189775 -0.042791007877875264 0.014236454654245887 0.034613400756433481 0.011437068806627416
leaf_weight=5.435126971453438 0.49938109889626403 0.93375568673945863 1.915198894683271 1.6400772607885299 0.90093002980575221 0.3799283914268069 1.341464537195862 1.1118819941766567 0.73772312561050046 0.9424011968076228 4.3152049984782934 1.0439046961255369 7.6982468529604269 1.8051607012748716
leaf_count=40 5 43 32 20 40 14 29 22 5 9 115 18 74 17
internal_value=0.00691781 0.0135572 0.0162601 -0.0137099 0.0217494 0.0103854 0.0153879 0.0217253 -0.0168317 -0.0164141 -0.0248113 -0.0316826 0.0305535 0.0408513
internal_weight=30.7004 23.8995 22.9657 3.55528 19.4105 12.1702 11.2692 9.92778 1.84961 6.80089 5.85849 5.35911 8.07818 7.24029
internal_count=483 336 293 52 241 184 144 115 27 147 138 133 88 57
is_linear=0
shrinkage=0.05


Tree=94
num_leaves=15
num_cat=0
split_feature=53 156 75 190 14 128 187 27 24 140 126 189 90 18
split_gain=1.70538 1.45104 1.55205 1.56323 1.29752 1.25301 1.81861 1.2445 1.4219 1.07346 1.60977 0.789971 1.26946 0.785005
threshold=-0.21786353181702015 0.15354134287175594 0.012441713102849373 -0.040442596381777079 53551.500000000007 0.027132138826730431 -0.0030176949664046486 4.5000000000000009 -2349.9999999999995 -0.0074756608741327023 0.024901479952225098 0.0061966773687319567 0.047990551026058731 9550.5000000000018
decision_type=2 2 2 2 2 2 2 2 2 2 2 2 2 10
left_child=1 2 5 -4 -5 7 -7 11 -9 -6 -11 12 -1 -8
right_child=-2 -3 3 4 9 6 13 8 -10 10 -12 -13 -14 -15
leaf_value=0.033204609932687361 -0.040072731577194098 -0.052929505841317781 -0.053875465494513886 -0.038159518989474756 0.044746420519313983 0.022053448411184076 -0.055372747339334311 -0.054750896003189553 0.021016803335094342 -0.054915614952425473 0.029036466379810007 0.048433368315829894 -0.027947720954386079 0.013372789733239299
leaf_weight=5.2032646932639306 1.6141501725651313 0.81849734834395249 1.3586987336166201 1.3033010028302658 2.0845578550361092 3.8273488841950893 1.4874357078224414 0.84676812542602453 2.3041862705722442 0.94860680075362402 1.4344886094331739 6.2196908588521183 1.0140470201149581 0.57609838712960471
leaf_count=59 64 40 34 27 21 44 30 16 26 21 17 53 15 8
internal_value=0.00996679 0.0127116 0.0145896 -0.00562415 0.00573602 0.0212993 0.00165457 0.0287233 0.000655457 0.0185412 -0.00438121 0.0358344 0.0232306 -0.0361803
internal_weight=31.0411 29.427 28.6085 7.12965 5.77095 21.4788 5.89088 15.588 3.15095 4.46765 2.3831 12.437 6.21731 2.06353
internal_count=475 411 371 120 86 251 82 169 42 59 38 127 74 38
is_linear=0
shrinkage=0.05


Tree=95
num_leaves=15
num_cat=0
split_feature=156 32 114 41 116 132 170 118 159 86 112 77 190 179
split_gain=1.65284 1.44557 1.69487 2.73843 1.88136 1.21041 1.40844 1.2471 1.1263 2.09224 0.838426 0.849808 0.551092 0.538556
threshold=0.14358648199535404 1.5000000000000002 -0.11315652366706357 0.13724885124494365 0.10260613606787007 0.016526349109040109 0.054341528245424646 0.027448622086074678 -1.0000000180025095e-35 0.046217229272626878 -0.030717690823340537 0.0067618751798613269 0.0074075068110592878 0.073382648064770531
decision_type=2 8 2 8 2 2 2 2 2 2 2 2 2 2
left_child=1 -1 8 4 13 6 -5 -7 12 10 -10 -12 -3 -4
right_child=-2 2 3 5 -6 7 -8 -9 9 -11 11 -13 -14 -15
leaf_value=0.041156330482827991 -0.043481951369731375 0.045450609286924834 -0.052459075326670226 0.038778460189238001 0.032026696416456925 -0.05435691459611304 -0.024592657538300963 0.020964651267508336 0.049988852137910156 -0.057397982944368126 -0.032803882391741444 0.035471069666567955 0.0095781694560185763 -0.0032719458066803719
leaf_weight=3.5278924070298734 1.4501113379374135 4.3699788264930248 3.8855820735916398 4.5064361859113022 0.94826566008850921 1.1180652454495432 1.0885942559689281 1.080740302801132 1.5274781435728071 1.0788080357015131 0.95461323484778959 0.87215689569711685 1.4180582761764524 0.64953094720840443
leaf_count=33 58 31 168 38 16 19 15 10 11 11 10 10 15 19
internal_value=0.00852194 0.0113122 0.00683164 -0.00495024 -0.0320221 0.0140963 0.0264487 -0.0173354 0.0221363 0.0031709 0.0226513 -0.000207296 0.0366619 -0.0454144
internal_weight=28.4763 27.0262 23.4983 13.2772 5.48338 7.79384 5.59503 2.19881 10.2211 4.43306 3.35425 1.82677 5.78804 4.53511
internal_count=464 406 373 285 203 82 53 29 88 42 31 20 46 187
is_linear=0
shrinkage=0.05


Tree=96
num_leaves=15
num_cat=0
split_feature=45 134 156 20 78 168 82 162 114 0 32 134 53 166
split_gain=1.75029 1.6053 1.39544 1.41887 1.5976 1.53834 1.26192 0.973082 0.940542 1.18153 1.30672 0.812167 0.852357 0.809938
threshold=0.20487523350136508 -0.052563303503816168 0.14358648199535404 3697.5000000000005 -0.12825570106322434 -0.027136364354430207 -0.13710999691069245 -0.13395444414991067 -0.16203667653914958 982.00000000000011 2.5000000000000004 -0.051427486636114537 -0.25420649561182845 -0.038818836793284205
decision_type=2 2 2 2 2 2 2 2 2 2 10 2 2 2
left_child=2 -2 3 4 -1 -6 -5 -8 -9 10 -10 -11 -13 -14
right_child=1 -3 -4 6 5 -7 7 8 9 11 -12 12 13 -15
leaf_value=0.042089120448337354 0.032742917443793283 -0.038514980472208964 -0.039794802988565553 -0.039483934752095842 0.01808394305733443 -0.049210301566398058 -0.052947898653472561 0.052309697607582917 0.015858664366265419 -0.020881986492089371 -0.055764772716859416 0.039884370034796897 0.043199383831473669 -0.040085100832397649
leaf_weight=1.299788420088589 1.0825979169458149 2.9280335216317317 1.0616758484393347 0.73149598482997191 1.401750519871712 2.1546430496964701 0.36851210147143731 3.5202222540974768 2.4553967188112131 0.69964742846788297 0.85980726405978192 9.2739701452665138 0.50493804737925529 0.69196590455246176
leaf_count=13 9 98 34 11 19 57 13 32 32 18 16 84 6 20
internal_value=0.0113845 -0.0192802 0.0162992 0.0187845 -0.00534875 -0.0226863 0.0249185 0.0274824 0.0291285 0.0234951 -0.00271707 0.0312745 0.0347595 -0.00494986
internal_weight=29.0344 4.01063 25.0238 23.9621 4.85618 3.55639 19.106 18.3745 18.0059 14.4857 3.3152 11.1705 10.4709 1.1969
internal_count=462 107 355 321 89 76 232 221 208 176 48 128 110 26
is_linear=0
shrinkage=0.05


Tree=97
num_leaves=15
num_cat=0
split_feature=50 32 57 84 148 45 53 37 29 37 151 185 171 102
split_gain=2.07059 1.52207 1.55625 1.71248 1.40809 1.3442 1.26233 1.23681 1.15416 0.995015 0.837516 0.749094 0.713027 0.58242
threshold=0.010064544992763717 2.5000000000000004 -1.0000000180025095e-35 0.029582924326855834 -0.040687003950799626 0.0015209117910254782 -5.0430867276253801 0.72400649825646679 3.5000000000000004 0.45664460374972232 0.048807659354255621 -0.0093025178007848566 0.10167737208118217 -0.085317473517138351
decision_type=2 8 2 2 2 2 2 2 2 2 2 2 2 2
left_child=6 -2 4 5 8 11 -1 -8 -3 -5 13 -4 -7 -6
right_child=1 2 3 9 10 12 7 -9 -10 -11 -12 -13 -14 -15
leaf_value=0.028516068629659559 0.037756457044477165 0.024100797969266612 0.045085096484022841 -0.032019748520588531 -0.017156727147549084 -0.054038019720414825 -0.050869625591199501 0.026467417378495939 -0.056547398496292048 0.033219184583297291 -0.015858842339597855 -0.023314127890655182 0.018873742608542868 0.037357309810984243
leaf_weight=0.94826483726501454 5.5485764790792045 0.81163269537500926 0.78643104154616594 0.74885439267382059 0.52406359184533169 2.9009316002484415 2.8088418350089372 0.63358520995825518 0.97841769549995661 2.6623789961449802 0.94872222375124771 0.81524400133639019 0.37913720775395621 7.5288537475280517
leaf_count=12 56 15 10 16 12 85 101 9 13 32 18 17 7 82
internal_value=0.00906781 0.0147061 0.00800452 -0.00828307 0.0205209 -0.0272762 -0.0225647 -0.0366356 -0.0199804 0.0188975 0.0285749 0.0102703 -0.0456103 0.0338097
internal_weight=29.0239 24.6332 19.0847 8.29298 10.7917 4.88174 4.39069 3.44243 1.79005 3.41123 9.00164 1.60168 3.28007 8.05292
internal_count=485 363 307 167 140 119 122 110 28 48 112 27 92 94
is_linear=0
shrinkage=0.05


Tree=98
num_leaves=15
num_cat=0
split_feature=39 56 189 141 57 32 50 74 143 32 51 42 77 139
split_gain=2.05685 1.77985 1.60311 1.49899 1.44751 1.87923 1.82865 1.40607 1.13755 1.28574 1.07488 0.861335 0.853449 0.831986
threshold=0.10118512732824193 3.5000000000000004 0.002864095667969632 0.026669261259847813 -1.0000000180025095e-35 1.5000000000000002 0.010064544992763717 -0.21964611650032412 0.006266463889434506 2.5000000000000004 -0.012318500890988975 0.34758770757283003 -0.014784159881635112 0.029879453775142794
decision_type=2 2 2 2 2 8 2 2 2 10 2 2 2 2
left_child=1 4 7 10 6 -6 -1 -3 9 12 -4 -12 -7 -8
right_child=-2 2 3 -5 5 8 13 -9 -10 -11 11 -13 -14 -15
leaf_value=-0.052214483184374674 0.040887104054410837 0.051665170979656908 0.042628265575578167 -0.054329000037426169 0.043135647269147849 -0.031203282574365984 0.042741264298519557 -0.054132818158907872 -0.053460901619536032 -0.054786570791287452 0.045682308861457049 -0.044781257832416682 0.033030169860000583 0.0062433481357159612
leaf_weight=0.69989580125548112 3.8319656280800691 0.34912394545972381 1.905713071115315 0.89371704030781973 1.4996363045647765 0.72558729280717971 5.4251903407275677 3.1254767912905654 1.7333713208790866 0.90842598024755705 0.3787216991186142 0.86207707040011883 1.7999328002333617 2.1924198279157281
leaf_count=29 39 3 19 23 14 24 57 87 56 22 4 26 28 28
internal_value=0.00702542 0.00125826 -0.0185999 0.00281629 0.0112173 -0.00614043 0.0251305 -0.0435024 -0.0204411 -0.00377355 0.0190475 -0.0171696 0.0145758 0.0322368
internal_weight=26.3313 22.4993 7.51483 4.04023 14.9845 6.66695 8.31751 3.4746 5.16732 3.43395 3.14651 1.2408 2.52552 7.61761
internal_count=459 420 162 72 258 144 114 90 130 74 49 30 52 85
is_linear=0
shrinkage=0.05


Tree=99
num_leaves=15
num_cat=0
split_feature=114 32 45 17 114 84 37 38 29 127 101 43 26 161
split_gain=1.73603 1.46783 1.60942 1.43634 1.38766 1.51206 1.35371 1.29925 1.28447 1.06998 1.05772 0.734271 0.589486 0.588659
threshold=0.068104353976137691 2.5000000000000004 0.011331723066211217 193870.00000000003 -0.092627561012106091 -0.018504812507212001 0.45664460374972232 0.13325184665238601 2.5000000000000004 0.034412178598519312 -1.0000000180025095e-35 0.1215562170137459 1.5000000000000002 0.028741387476454636
decision_type=2 8 2 10 2 2 2 2 2 2 2 2 2 2
left_child=1 13 9 4 5 8 -7 11 -4 12 -9 -2 -3 -1
right_child=7 2 3 -5 -6 6 -8 10 -10 -11 -12 -13 -14 -15
leaf_value=0.042935520157564362 0.053167909854639039 -0.0030494140892172506 0.0088942577336383905 0.045241752704567095 -0.046010553525120401 -0.035053386129993973 0.034887746306783943 0.036203023301885483 -0.056202872026108713 -0.014397751352521863 -0.052563597036091952 -0.052386439117921985 0.044782099491694975 -0.0012340667618691962
leaf_weight=3.9548720605671468 0.17623782157897894 0.78188809612766164 1.3077811580151322 1.1206196211278427 2.5669873110018608 0.90902185300365568 2.8955818815156817 1.1746832109056411 1.8018109407275913 1.3556119054555891 0.46980895148590196 2.5291533048730344 3.6565116746351123 0.93210520409047593
leaf_count=42 1 14 16 9 93 19 26 16 22 16 15 134 38 13
internal_value=0.00457692 0.0104596 0.0032908 -0.00828999 -0.0146171 -0.0029619 0.0181769 -0.0242055 -0.0288254 0.0244812 0.0108436 -0.0455103 0.0363559 0.0345109
internal_weight=25.6327 21.2828 16.3958 10.6018 9.48118 6.9142 3.8046 4.34988 3.10959 5.79401 1.64449 2.70539 4.4384 4.88698
internal_count=474 308 253 185 176 83 45 166 38 68 31 135 52 55
is_linear=0
shrinkage=0.05


Tree=100
num_leaves=15
num_cat=0
split_feature=122 19 114 17 174 161 61 166 49 114 39 152 163 146
split_gain=1.48182 1.51772 1.3365 1.65307 1.35538 1.16745 1.13713 1.07696 0.938054 0.956668 0.80158 0.840306 0.764313 1.07504
threshold=0.038596175664839659 6324.0000000000009 0.0028238944361752118 9708.0000000000018 -0.020872588325551351 0.021096790184839152 430.50000000000006 -0.0060654936282883666 17541.500000000004 -0.1082749227295448 1.0000000180025095e-35 -0.071304037084028452 0.046430599209116248 -0.043646396876511638
decision_type=2 2 2 10 2 2 2 2 2 2 2 2 2 2
left_child=2 -2 4 -4 5 8 -3 12 9 -1 -6 -12 13 -5
right_child=1 6 3 7 10 -7 -8 -9 -10 -11 11 -13 -14 -15
leaf_value=0.018224992849688332 -0.054273471958656949 0.024197011710352198 -0.052095008523337087 0.052755699699742697 -0.052387157222471573 -0.053367073435951165 -0.043396074881002777 -0.038588443551649421 0.045260862683304787 -0.055209980133648084 -0.021242206074061895 0.030972784153886285 0.051330066910284002 -0.053235149663079108
leaf_weight=1.0061883144080641 2.0312100285664192 1.9225065582431855 1.7650566450320173 0.42327965050935756 0.32545804092660624 1.0737531445920465 0.91997784422710527 0.88368024164810766 1.0537777617573736 0.79306391160935641 0.83074518106878059 10.629683411680157 1.3113177753984926 0.55022200290113754
leaf_count=14 60 30 105 3 12 23 21 34 10 16 10 112 10 17
internal_value=0.00353184 -0.0212663 0.00938562 -0.0133172 0.016514 -0.00892727 0.00232032 0.0082845 0.00779789 -0.0141432 0.0249904 0.0271878 0.0264132 -0.00715021
internal_weight=25.5199 4.87369 20.6462 4.93356 15.7127 3.92678 2.84248 3.1685 2.85303 1.79925 11.7859 11.4604 2.28482 0.973502
internal_count=477 111 366 169 197 63 51 64 40 30 134 122 30 20
is_linear=0
shrinkage=0.05


Tree=101
num_leaves=15
num_cat=0
split_feature=29 117 133 148 87 32 165 190 134 179 50 63 116 186
split_gain=1.40817 1.56068 1.51399 1.24936 1.23879 1.06928 1.08994 1.05557 0.929336 0.869553 0.976924 1.00209 0.726524 0.815328
threshold=3.5000000000000004 -0.079100964495676954 0.05522351608848311 -0.0011632990168011709 -0.11601664616580352 3.5000000000000004 0.1309730983507833 -0.030651201332914439 0.0040434977259694175 -0.11050728045032217 0.010064544992763717 797.50000000000011 0.10843917642520763 0.037796294109814277
decision_type=2 2 2 2 2 10 2 2 2 2 2 2 2 2
left_child=4 -2 3 -3 -1 6 9 -5 -9 -6 11 -11 13 -7
right_child=1 2 -4 7 5 12 -8 8 -10 10 -12 -13 -14 -15
leaf_value=-0.054855280736848006 0.032323223055634502 -0.051823846367472615 0.031926083882812664 -0.05509316739904483 -0.052535389338259464 -0.054023332728683017 -0.03349090472698131 -0.019002840557872779 0.047983754369421337 0.034665526274104151 0.036363932909113293 -0.036830574677788511 0.039134010191636759 0.017211294751626274
leaf_weight=0.558929280377927 2.0529874181374907 2.8367607550462708 1.2755733972880987 0.76505819568410549 0.32015562150627808 1.0678102700039738 0.73701888136565763 1.0629031429998561 1.0095517477020619 0.96096227830275793 11.57586835650727 1.0002037265803663 0.54338394850492466 0.64391909353435028
leaf_count=13 21 86 23 16 10 36 18 21 13 14 146 34 4 15
internal_value=0.0100746 -0.00597969 -0.0172944 -0.0283591 0.0183773 0.0208065 0.0257578 -0.00490062 0.0136282 0.0289091 0.0308353 -0.00179782 -0.0112363 -0.0272263
internal_weight=26.4111 9.00283 6.94985 5.67427 17.4083 16.8493 14.5942 2.83751 2.07245 13.8572 13.537 1.96117 2.25511 1.71173
internal_count=470 180 159 136 290 277 222 50 34 204 194 48 55 51
is_linear=0
shrinkage=0.05


Tree=102
num_leaves=15
num_cat=0
split_feature=114 50 179 112 140 88 53 80 115 186 189 173 145 170
split_gain=1.57656 1.27264 1.85509 1.37383 1.351 1.27261 1.0871 1.23136 1.01107 1.00933 0.825828 0.983793 0.763012 0.531928
threshold=0.11026690773776719 0.010430616410747122 0.019668151660666024 -0.014560405779176486 0.058736159103334913 -0.041923552222276464 -0.95297670262482981 -1.0000000180025095e-35 -0.11068414215628224 0.012327178474663917 0.005348966421549731 0.045862718800215585 0.088403180702171985 -0.029500486174626452
decision_type=2 2 2 2 2 2 2 2 2 2 2 2 2 2
left_child=1 3 4 9 5 13 7 -7 -4 -1 -8 -12 -2 -3
right_child=12 2 8 -5 -6 6 10 -9 -10 -11 11 -13 -14 -15
leaf_value=-0.040519599514068347 -0.045748060710986964 0.047596499759824024 -0.018840866010800077 -0.049320765507460292 -0.05459230841794397 0.042267264749944508 -0.053650059367528979 -0.02590650230384884 0.039371808895571597 0.035549463405121377 0.025775887566870926 -0.04419425883860334 0.048562548521633414 0.0028569298267051265
leaf_weight=0.64047068543732244 1.9206371548352756 2.0898982463404541 0.83391807321459044 1.7522057353053302 0.98629667609930116 1.7920829085633161 1.4370605908334151 1.0506865247152797 7.0675001367926589 1.3663817776832727 1.171792457578704 0.87935529556125391 0.24141930229961861 0.97399861877784655
leaf_count=21 108 20 12 57 22 16 35 19 76 19 23 16 3 17
internal_value=0.00552765 0.0095243 0.0149721 -0.0169717 0.00107697 0.00692127 -0.00588061 0.0170703 0.033228 0.0112726 -0.0245848 -0.00422128 -0.0352172 0.033374
internal_weight=24.2037 22.0416 18.2826 3.75906 10.3812 9.39487 6.33098 2.84277 7.90142 2.00685 3.48821 2.05115 2.16206 3.0639
internal_count=464 353 256 97 168 146 109 35 88 40 74 39 111 37
is_linear=0
shrinkage=0.05


Tree=103
num_leaves=15
num_cat=0
split_feature=128 33 186 179 163 120 27 51 30 131 179 163 38 122
split_gain=1.48663 1.50698 1.38091 1.3265 1.42175 1.14599 1.02574 1.10916 0.916076 0.906393 0.801185 0.76956 0.72453 0.661007
threshold=0.032347163502272576 4.5000000000000009 0.067979788771754604 0.019668151660666024 -0.024956311095980541 0.059502173097506585 4.5000000000000009 -0.011603304443421556 3.5000000000000004 0.029192069760368648 -0.1058812488410846 0.12292316798346932 0.019967243474930289 -0.091271497794303033
decision_type=2 2 2 2 2 2 2 2 2 2 2 2 2 2
left_child=1 5 11 -2 -5 6 10 8 -8 -7 -1 -3 -12 -14
right_child=3 2 -4 4 -6 9 7 -9 -10 -11 12 -13 13 -15
leaf_value=-0.032917360276420136 -0.046652746497985932 -0.053504756991722448 0.030165100900351301 -0.053894660335915716 0.028078114199368648 -0.047838896289570977 -0.025135152810310188 -0.053361680797439338 0.049296315539353562 0.027718359697499459 -0.052609729571255398 0.021120904382595229 -0.031342754772767538 0.034803695253961077
leaf_weight=0.51260988088325277 2.254411644767969 1.8916330905631182 1.0112022552639244 0.72983962856233153 1.9218648676760492 1.0965873647946853 0.73180672619491838 0.84296638052910466 0.95007307082414627 0.62209478998556722 0.25443501886911946 0.42265574634075154 0.39037690497935074 11.619282055646176
leaf_count=14 69 57 11 16 30 29 13 30 11 13 12 4 10 161
internal_value=0.00624959 0.012207 -0.0185782 -0.0184559 0.00551641 0.0182219 0.0225701 -0.00655132 0.0169103 -0.0204902 0.0283249 -0.039876 0.0308847 0.0326536
internal_weight=25.2518 20.3457 3.32549 4.90612 2.6517 17.0202 15.3016 2.52485 1.68188 1.71868 12.7767 2.31429 12.2641 12.0097
internal_count=480 365 72 115 46 293 251 54 24 42 197 61 183 171
is_linear=0
shrinkage=0.05


Tree=104
num_leaves=15
num_cat=0
split_feature=43 8 192 155 15 148 29 135 129 179 35 184 149 93
split_gain=1.39777 1.50197 1.47163 1.0253 1.36036 1.28732 1.10567 1.33766 0.980774 0.912102 0.90441 0.770653 0.64574 0.809484
threshold=1.2144724733961223 3638249.5000000005 0.034260079934364016 -0.0080182063237802751 59333.000000000007 -0.041823133269235646 3.5000000000000004 -0.054076759077104193 0.028573955372207398 0.04438759714188991 4.5000000000000009 -0.057261246759621832 -0.025028965616221335 0.012009593198849431
decision_type=2 2 2 2 2 2 2 2 2 2 2 2 2 2
left_child=3 2 -2 5 9 -1 11 -8 -4 -5 12 -6 13 -7
right_child=1 -3 8 4 6 10 7 -9 -10 -11 -12 -13 -14 -15
leaf_value=-0.029306457460386744 -0.053358205756972449 0.025609165369879269 -0.037571679670234864 -0.048409406992869025 -0.024243173404116046 0.03905178414691169 0.04062995453933882 -0.045435995650225353 0.049110806363656827 0.016724475656937753 -0.015844974370069827 0.035598280269312624 0.044309164262027162 -0.039850996759787913
leaf_weight=0.94284715293906529 2.5386873846873637 1.6773976013064382 0.57547843642532803 1.7543998968321814 0.61904308479279535 0.77816143445670494 0.6810394981876019 1.3392598694190381 0.75370848271995783 0.77488849614746858 0.87826226919423778 4.1103921891190085 6.3910009344108465 0.5582614578306675
leaf_count=25 89 25 20 48 15 12 6 32 7 19 19 59 75 20
internal_value=0.00815784 -0.0139055 -0.0310419 0.0146561 0.00281985 0.0261583 0.0145391 -0.0164233 0.0115812 -0.0284546 0.0322351 0.0277655 0.0376997 0.00609187
internal_weight=24.3728 5.54527 3.86787 18.8276 9.27902 9.54853 6.74973 2.0203 1.32919 2.52929 8.60569 4.72944 7.72742 1.33642
internal_count=471 141 116 330 179 151 112 38 27 67 126 74 107 32
is_linear=0
shrinkage=0.05


Tree=105
num_leaves=15
num_cat=0
split_feature=20 33 185 172 137 43 8 158 161 187 164 128 65 184
split_gain=1.91338 1.32942 1.21921 1.46935 0.903219 0.987103 2.11735 0.928208 0.907785 0.897635 0.864638 0.750003 0.707888 0.687486
threshold=2217.0000000000005 4.5000000000000009 0.00616015699502479 0.02574392016946711 0.061507697109520643 1.3219515945128333 3638249.5000000005 0.096215718074763062 0.0068493468224419601 0.062325423922517796 -0.098878661456195935 -0.0036642083380120471 1.0000000180025095e-35 -0.0327273127366609
decision_type=2 2 2 2 2 2 2 2 2 2 2 2 2 2
left_child=12 4 -3 -4 5 7 -7 9 -6 10 -2 -11 -1 -9
right_child=1 2 3 -5 8 6 -8 13 -10 11 -12 -13 -14 -15
leaf_value=-0.046527073529219851 -0.031581410462296775 -0.054243974640281301 -0.041494325832194881 0.043296788458527635 -0.053721198452989762 -0.047620790021600662 0.031777602498444205 0.029682465718588152 0.028175566894356616 0.037125183856966136 0.039057733136873135 -0.052925900474318749 0.012566841836115042 -0.053705880548798879
leaf_weight=2.190983041888106 0.4540026998147394 1.3581237019971006 0.89981983695179257 1.1822115979157386 0.85844808816909679 1.5095141704659902 1.8922264049760995 0.42648660764098167 0.55851349793374538 0.39881801884621382 9.4518848335137591 0.55021337699145156 0.65927025559358288 0.58786087343469151
leaf_count=92 13 34 21 14 24 45 24 6 7 10 134 19 16 17
internal_value=0.00548314 0.0109125 -0.0173892 0.00665146 0.0167468 0.0202901 -0.00345524 0.0270956 -0.0214405 0.0313698 0.0358202 -0.0150831 -0.0328585 -0.0186449
internal_weight=22.9784 20.1281 3.44016 2.08203 16.688 15.271 3.40174 11.8693 1.41696 10.8549 9.90589 0.949031 2.85025 1.01435
internal_count=476 368 69 35 299 268 69 199 31 176 147 29 108 23
is_linear=0
shrinkage=0.05


Tree=106
num_leaves=15
num_cat=0
split_feature=75 156 32 90 66 7 114 0 84 138 99 84 85 136
split_gain=1.17702 1.20331 1.08326 1.18298 1.1345 1.10165 1.06019 1.7052 1.40136 1.17172 0.755195 0.734857 0.704277 0.590865
threshold=0.0758222026289469 0.15354134287175594 2.5000000000000004 0.047990551026058731 7.5000000000000009 7224.0000000000009 -0.11315652366706357 900.00000000000011 0.057140667882040093 0.0097026939043248408 -0.057532423835066855 -0.028717184045072439 0.041019845871676307 -0.054822107337376087
decision_type=2 2 8 2 2 8 2 2 2 2 2 2 2 2
left_child=1 2 4 6 -1 11 12 -8 9 13 -2 -5 -4 -9
right_child=10 -3 3 5 -6 -7 7 8 -10 -11 -12 -13 -14 -15
leaf_value=-0.025911577567775158 0.036141639030539657 -0.052053722057189701 0.039635852387652916 -0.042478175995201269 0.044064936924677313 -0.053957568609012387 -0.046428726778534629 0.035130374987576152 0.045586863298087851 0.022886339200848257 -0.052373410765526075 0.032955416930320412 -0.0084841176316237232 -0.047811539587972351
leaf_weight=0.66674520401285065 0.30482847243547428 0.69464727118611236 4.4962239265441939 0.4760888461023568 4.412093689199537 1.3361633804161099 1.4414863423444266 0.25274296943098784 2.2090809592045844 1.7793729491531847 1.1502963823731978 1.0031341388821595 0.91514997929334629 1.4274290197063191
leaf_count=15 4 46 44 12 52 29 62 5 24 36 49 17 14 52
internal_value=0.00966411 0.0126622 0.0148642 0.00823636 0.0348785 -0.0210489 0.014821 0.00212843 0.0144761 -0.00538952 -0.0338307 0.00867707 0.031498 -0.0353348
internal_weight=22.5655 21.1104 20.4157 15.3369 5.07884 2.81539 12.5215 7.11011 5.66863 3.45954 1.45512 1.47922 5.41137 1.68017
internal_count=461 408 362 295 67 58 237 179 117 93 53 29 58 57
is_linear=0
shrinkage=0.05


Tree=107
num_leaves=15
num_cat=0
split_feature=81 38 114 40 115 110 17 75 88 159 101 103 10 178
split_gain=1.21101 1.02243 1.04491 1.37703 1.40083 1.23477 1.01226 0.979071 1.22893 0.98794 0.881735 0.71328 0.638401 0.56902
threshold=-0.095729765451744289 0.0146083609419144 -0.051476309085755706 0.18712058200250883 -1.0000000180025095e-35 -0.0076523846693232417 2460.0000000000005 -0.047093575746850032 0.030187993289965277 -0.056424267787435832 -0.020874055517136274 0.055864857527151278 2371211.0000000005 -0.066264098650608158
decision_type=2 2 2 10 2 2 10 2 2 2 2 2 2 2
left_child=-1 -2 7 4 5 12 -7 -3 9 -9 -8 -10 -4 -11
right_child=1 2 3 -5 -6 6 10 8 11 13 -12 -13 -14 -15
leaf_value=-0.053005964055063526 -0.053201259422080364 0.03946778997648321 -0.052306771533562682 0.040152848073622009 -0.04553006098643371 -0.05295075945421851 -0.030821657532074484 -0.015859504112389972 -0.043852962841157646 -0.0058841221764431807 0.037849947547273277 0.023310522627082012 0.033642422681579541 0.039446076331453341
leaf_weight=0.81822920776903885 0.64284119859803723 4.3029629848897448 1.1921032813843386 1.5847573690116403 2.1217482469510189 0.45283251511864353 0.55893593188375756 1.4197857491672028 1.3888438967987893 0.83754007332026814 2.8554317238740574 0.55258966609835614 0.26386936008930195 3.9921057838946656
leaf_count=35 32 51 55 16 119 18 17 19 27 13 35 7 3 47
internal_value=0.00672997 0.00893501 0.0107908 -0.00216795 -0.0111765 0.00251634 0.0172923 0.0201565 0.0100116 0.0208063 0.0266083 -0.0247362 -0.03673 0.0315851
internal_weight=22.9846 22.1663 21.5235 9.02968 7.44492 5.32317 3.8672 12.4938 8.19087 6.24943 3.41437 1.94143 1.45597 4.82965
internal_count=494 459 427 263 247 128 70 164 113 79 52 34 58 60
is_linear=0
shrinkage=0.05


Tree=108
num_leaves=15
num_cat=0
split_feature=33 116 32 174 7 44 25 100 124 120 114 38 29 149
split_gain=1.31244 1.38443 1.16492 1.14569 1.1267 1.04901 1.36092 1.11344 0.989628 0.717447 0.69463 0.88516 1.49697 0.66882
threshold=4.5000000000000009 0.10260613606787007 3.5000000000000004 0.063862641294434905 416.00000000000006 10520.000000000002 -1762.4999999999998 0.033439046493064901 0.059484049739260213 -0.017308190409931253 -0.041026629378931541 0.14441272108634268 1.5000000000000002 -0.080734035760313724
decision_type=2 2 10 2 10 2 2 2 2 2 2 2 2 2
left_child=2 8 4 13 -1 10 7 9 -2 -7 -6 12 -12 -4
right_child=1 -3 3 -5 5 6 -8 -9 -10 -11 11 -13 -14 -15
leaf_value=-0.052804210377151009 -0.053300567584076045 0.036373121522620754 0.051684864875959607 0.031499465625897123 0.042018118433543673 0.018985018246718142 -0.052806629209672731 0.04486357723750501 0.023890539794826426 -0.0341658410862445 0.034179529984389272 0.047058189735624721 -0.039805953629117569 -0.045632458217841461
leaf_weight=0.54813645477407291 2.1811931482516229 0.79800001485273231 0.19455844163894709 0.87368377926759411 5.3433987903408724 1.2963556400500236 0.92542619630694289 1.7408178299665449 0.51284658489748824 1.2443324751220646 1.4052647661883351 1.4004809958860276 1.3314892183989284 1.9074698192998758
leaf_count=22 66 11 2 17 63 21 42 20 11 33 22 15 64 57
internal_value=0.00660683 -0.0214719 0.0119909 -0.0166233 0.0175796 0.0202064 0.00217563 0.0140598 -0.0386062 -0.00704625 0.0301091 0.0147282 -0.00181599 -0.036625
internal_weight=21.7035 3.49204 18.2114 2.97571 15.2357 14.6876 5.20693 4.28151 2.69404 2.54069 9.48063 4.13723 2.73675 2.10203
internal_count=466 88 378 76 302 280 116 74 77 54 164 101 86 59
is_linear=0
shrinkage=0.05


Tree=109
num_leaves=15
num_cat=0
split_feature=114 40 128 179 66 166 80 45 111 37 143 86 172 48
split_gain=1.16716 1.35983 1.28735 1.35579 1.23316 1.00913 0.74636 1.53862 0.701958 0.65985 0.79935 0.647936 0.755539 0.550137
threshold=0.0028238944361752118 0.084502560385175216 0.027985585880800651 0.031623628554092599 9.5000000000000018 -0.078449281640011026 0.045440262105166114 0.056887645240804779 -0.020549190762433871 0.70335082006414906 0.03989635448189411 0.052191567787652944 0.03379741539276207 64.192307692307708
decision_type=2 10 2 2 2 2 2 2 2 2 2 2 2 8
left_child=2 -2 5 -4 9 8 11 -8 -1 10 -3 -7 -13 -5
right_child=1 4 3 13 -6 6 7 -9 -10 -11 -12 12 -14 -15
leaf_value=0.032322416790870528 -0.047098005433994054 -0.052100006475308762 -0.043683402958597996 0.045043685369069608 -0.04284273830795951 0.037681107344990958 0.039485250930473913 -0.053493016374009709 -0.053259447775535852 0.040731300120507047 0.03974455963123362 -0.047082060020009406 0.031190360710513027 -0.009794005917527708
leaf_weight=0.36126342602074146 1.9013110862579186 0.52834752947092134 1.7593582989647978 0.92032291181385484 0.98827873147092749 7.7583590853028017 0.97219966817647108 0.8204357442446053 0.71146581112407037 1.7448739325627682 0.42947087902575731 0.52100606542080619 0.75518000312149525 0.90916015673428785
leaf_count=7 149 24 42 9 29 94 12 24 18 20 8 12 10 19
internal_value=0.00683424 -0.0127453 0.0139035 -0.012345 0.00495063 0.0218197 0.0264028 -0.00306813 -0.024438 0.022427 -0.0109183 0.0322504 -0.000764545 0.0177921
internal_weight=21.081 5.59228 15.4888 3.58884 3.69097 11.8999 10.8272 1.79264 1.07273 2.70269 0.957818 9.03455 1.27619 1.82948
internal_count=477 230 247 70 81 177 152 36 25 52 32 116 22 28
is_linear=0
shrinkage=0.05


Tree=110
num_leaves=15
num_cat=0
split_feature=35 114 128 156 43 8 122 37 152 118 95 114 146 76
split_gain=1.18242 1.27372 1.1015 0.931088 0.930326 1.16141 0.75339 0.778308 0.754023 0.72579 0.685112 0.657101 0.902983 0.763412
threshold=3.5000000000000004 -0.11315652366706357 -0.08136772617958761 0.0013000690976446448 1.3066303655773126 3638249.5000000005 0.054982686789313111 0.75684770206244867 0.063907845329795279 -0.13403925068464323 -0.13418755659963447 -0.054337264620942023 0.01018558778513492 -0.05201177840928637
decision_type=2 2 2 2 2 2 2 2 2 2 2 2 2 2
left_child=4 3 -3 -2 6 10 8 -8 11 -4 -6 -1 -13 -14
right_child=1 2 9 -5 5 -7 7 -9 -10 -11 -12 12 13 -15
leaf_value=0.041196605832454575 0.038267614465290742 0.03077006505970753 0.053374961887792671 -0.016429236991313947 0.049020218840844974 0.028492888239152765 -0.052822253098012188 0.033484358587026364 -0.013098512780104538 -0.048505717810476738 -0.048949962213572409 0.030312222315553361 0.035506464671886916 -0.0529905317925074
leaf_weight=5.736292235553262 1.7325179837644102 0.62359798979014192 0.18630260229110795 1.4122804608196018 0.20342365838587273 1.1491129975765941 0.64300619158893713 0.43994323909282684 1.1018569068983186 2.8338761712657274 1.4535001377807923 2.5798500678502072 0.36386797390878201 0.73785219830460824
leaf_count=63 22 8 1 24 2 17 23 5 19 133 62 55 7 33
internal_value=0.00759554 -0.00960887 -0.0297294 0.0137041 0.0157013 -0.0101336 0.0219493 -0.0177606 0.0260372 -0.0422211 -0.036922 0.030616 0.0141302 -0.0237624
internal_weight=21.1973 6.78858 3.64378 3.1448 14.4087 2.80604 11.6027 1.08295 10.5197 3.02018 1.65692 9.41786 3.68157 1.10172
internal_count=474 188 142 46 286 81 205 28 177 134 64 158 95 40
is_linear=0
shrinkage=0.05


Tree=111
num_leaves=15
num_cat=0
split_feature=32 45 157 138 0 82 91 104 104 40 182 107 162 129
split_gain=1.58198 1.23943 1.3081 1.12414 1.02666 0.953271 0.920989 0.689372 1.00986 0.671395 0.596351 0.589621 0.544091 0.473502
threshold=2.5000000000000004 0.0080769323113545968 0.11242749842795145 -0.010195333722115852 2484.0000000000005 0.15044300094790566 -0.16033364592646526 0.0097262002188177998 0.018957550178141717 0.027849047590111708 -0.031831400587463511 -0.018392696585674558 0.098996685310507718 -0.050011136949220568
decision_type=8 2 2 2 2 2 2 2 2 10 2 2 2 2
left_child=9 3 5 4 -2 6 -3 -8 -9 -1 -11 -4 -10 -5
right_child=1 2 11 13 -6 -7 7 8 12 10 -12 -13 -14 -15
leaf_value=-0.018209079387279791 -0.043712431307332003 0.052787116667197188 -0.051809968848533706 -0.016540118160307385 0.024864419273651215 0.030267199716550359 -0.050226049769870745 0.027871554032750209 -0.045924999694192142 -0.0016965366957685146 0.04363810723982367 0.033896423479336232 0.031725001698830545 0.039843455476026718
leaf_weight=0.69720439217053609 1.237792998319492 0.31317700445651908 0.23074366711080085 0.42762917280197177 0.97619863692671049 0.70317860273644317 3.4421707100700578 0.87196861649863455 1.8140891793882477 0.9082471232395618 3.6034144009463489 1.5397832114249463 0.2576331216841935 2.8807222996838382
leaf_count=22 30 2 8 11 17 11 118 15 77 18 48 32 7 44
internal_value=0.00377872 -0.00461367 -0.0158806 0.014101 -0.0134754 -0.0251151 -0.0309284 -0.035034 -0.0172693 0.0274551 0.0345117 0.0227267 -0.0362687 0.0325555
internal_weight=19.904 14.6951 9.17274 5.52234 2.21399 7.40222 6.69904 6.38586 2.94369 5.20887 4.51166 1.77053 2.07172 3.30835
internal_count=460 372 270 102 47 230 219 217 99 88 66 40 84 55
is_linear=0
shrinkage=0.05


Tree=112
num_leaves=15
num_cat=0
split_feature=33 114 41 32 88 80 57 72 39 170 32 186 161 43
split_gain=1.37139 1.21255 2.02586 1.37592 1.18767 0.867449 0.813358 0.739092 0.696023 0.55434 0.523943 0.620741 0.392127 0.384546
threshold=4.5000000000000009 -0.11698417420751889 0.13724885124494365 1.5000000000000002 -0.048893352687432813 0.077625602274571201 1.5000000000000002 0.17979797979797982 0.092491287953967341 0.055523615640754538 3.5000000000000004 0.0052362002676643793 -0.06402403960043411 0.52518113929412102
decision_type=2 2 8 8 2 2 2 10 2 2 10 2 2 2
left_child=1 5 3 -3 7 10 9 -2 -5 -4 12 -12 -1 -8
right_child=4 2 6 8 -6 -7 13 -9 -10 -11 11 -13 -14 -15
leaf_value=0.009827631488544826 -0.028223416085405257 0.028597501463669683 0.039333300025469926 -0.048656776667343749 -0.052392968231797392 -0.027555912984128118 0.013768643146408174 0.046863545913575666 0.017221265178253443 -0.010466367608872588 -0.029526554332406748 0.034335691643633905 0.045386471484045121 -0.052649968722142754
leaf_weight=0.94246595352888096 0.63186609023250662 0.93167080241255096 3.3367962194606697 3.000101600773633 1.7246656641364086 0.68042200431227673 0.40295070968568314 0.68086238391697407 0.46279134321957816 0.67121740803122509 0.68461886327713706 0.85659819468855858 4.3711758293211505 0.4746021032333374
leaf_count=13 15 18 43 187 66 14 6 6 8 11 10 10 54 14
internal_value=0.00580454 0.0113897 -0.000709006 -0.0253408 -0.0251157 0.02629 0.0214473 0.0107213 -0.0398526 0.0309934 0.0316348 0.00596766 0.0390795 -0.0221522
internal_weight=19.8528 16.8154 9.28013 4.39456 3.03739 7.53528 4.88557 1.31273 3.46289 4.00801 6.85486 1.54122 5.31364 0.877553
internal_count=475 388 287 213 87 101 74 21 195 54 87 20 67 20
is_linear=0
shrinkage=0.05


Tree=113
num_leaves=15
num_cat=0
split_feature=179 162 114 166 139 141 32 54 13 119 176 148 108 138
split_gain=1.09296 1.20237 1.07937 1.10088 0.89938 0.984402 0.872102 0.847602 0.738268 0.792941 0.719069 0.89322 0.595694 0.591869
threshold=0.071884563760560669 -0.063949299287932013 -0.14832701986134203 0.051619746098010087 0.028061784489051875 0.068670031802375062 2.5000000000000004 23.500000000000004 1355.5000000000002 0.050936700586780723 0.027830534152710355 0.039352588068593111 0.0048416037519630863 -0.058456453812761572
decision_type=2 2 2 2 2 2 8 2 2 2 2 2 2 2
left_child=1 -1 7 4 10 -6 -5 -3 -2 -10 13 -12 -9 -4
right_child=8 2 3 6 5 -7 -8 12 9 -11 11 -13 -14 -15
leaf_value=-0.033552868185308921 0.04536608962584518 0.040260833314690936 -0.052045179414374344 0.037403277933845319 -0.047643806992952509 0.04244501589501757 -0.053334415498162493 -0.04127744449720764 -0.037236627508588437 0.038726522108889543 -0.052405452592455971 0.036172605034974749 0.026919623034154808 0.030268765781143327
leaf_weight=2.1240855075884637 2.7422282677143803 3.2660368867218486 0.23127704649232139 0.32043589698150721 1.2738780000945551 0.39795685792341817 1.5254008173942566 0.65086591616272904 0.69217924377880968 0.68204787233844399 0.73808518692385383 0.46322960546240211 0.63029637932777405 3.9170413298998028
leaf_count=83 37 43 9 8 54 7 59 11 27 10 34 9 9 79
internal_value=0.00746883 0.00140019 0.00693475 -0.00322177 0.00581112 -0.0261994 -0.0375824 0.0267406 0.0303764 0.000464931 0.0158149 -0.0182496 -0.00772638 0.0256796
internal_weight=19.655 15.5386 13.4145 8.8673 7.02147 1.67183 1.84584 4.5472 4.11646 1.37423 5.34963 1.20131 1.28116 4.14832
internal_count=479 405 322 259 192 61 67 63 74 37 131 43 20 88
is_linear=0
shrinkage=0.05


Tree=114
num_leaves=15
num_cat=0
split_feature=39 32 80 27 25 61 63 92 40 139 162 85 95 114
split_gain=1.05044 1.14996 1.15414 0.834481 1.51087 1.05083 0.785265 0.684473 0.651333 0.62823 0.608748 0.601095 0.514278 0.511531
threshold=0.098006065628809771 2.5000000000000004 0.030428640900630105 1.5000000000000002 -13437.499999999998 382.50000000000006 888.50000000000011 -1.0000000180025095e-35 0.061350087461309537 -0.055961249816925171 -0.063949299287932013 0.060004796643940178 -0.007269050962853088 -0.1664373562520011
decision_type=2 8 2 2 2 2 2 2 8 2 2 2 2 2
left_child=1 10 3 8 -5 6 7 -6 12 -4 11 -1 -3 -8
right_child=-2 2 9 4 5 -7 13 -9 -10 -11 -12 -13 -14 -15
leaf_value=-0.052643908975919695 0.039015528221804749 0.032366258485780085 0.02485499664438974 0.039020437353846832 -0.0261105355999844 -0.041642724170346063 0.036951695086965629 0.040174132524835593 0.039693930760315348 -0.040617881193888372 0.035870724803477881 0.033125049288376326 -0.052668411434039636 -0.053058819306631366
leaf_weight=0.43202022439800192 2.4691981207579365 0.32050876505672932 0.42956693191081319 1.5230773976072693 0.54313131351955268 2.4342935384484008 0.19984261505305767 1.3765760778915108 2.2985607460141186 2.4909265704918644 3.4347174731083276 0.38751175603829324 0.39935000822879196 0.75104769971221674
leaf_count=14 35 7 14 21 22 83 4 21 30 101 56 9 16 30
internal_value=0.00853925 0.00411816 -0.003384 0.0048034 -0.00487456 -0.0174772 0.00301544 0.0214206 0.0266959 -0.0309877 0.0266319 -0.0120885 -0.0148077 -0.0341419
internal_weight=19.4903 17.0211 12.7669 9.84639 6.82797 5.30489 2.8706 1.91971 3.01842 2.92049 4.25425 0.819532 0.719859 0.95089
internal_count=463 428 349 234 181 160 77 43 53 115 79 23 23 34
is_linear=0
shrinkage=0.05


Tree=115
num_leaves=15
num_cat=0
split_feature=29 162 35 95 104 44 128 5 79 97 135 111 98 54
split_gain=1.11527 0.937649 0.897586 0.829331 0.794562 0.858629 0.770551 0.807575 0.752373 0.685042 1.1311 0.581892 0.576772 0.500467
threshold=3.5000000000000004 0.016718202815645591 3.5000000000000004 -0.056332321722251645 0.0091502677262591224 919.00000000000011 0.0084003668174777116 3.5000000000000004 -0.073677471822447341 0.048593381969534742 0.0058799438995975608 0.021934405560094124 0.030630225383303639 25.500000000000004
decision_type=2 2 2 2 2 2 2 10 2 2 2 2 2 2
left_child=1 4 3 -2 5 11 -6 -8 -5 -3 -11 -1 -10 -4
right_child=2 9 13 8 6 -7 7 -9 12 10 -12 -13 -14 -15
leaf_value=-0.022659885050157078 -0.0537965646626032 0.036139548279985279 -0.044928240100743165 -0.042573326288445353 0.036335560255023401 -0.048088486080934884 -0.052534658797409109 0.045707577333299318 0.031187026417972191 -0.05362362672692627 0.041043878096453656 0.046863873297464768 -0.030376962036585371 0.01946745923356576
leaf_weight=0.62605298589915237 0.52530678920447815 5.8611448223236948 1.8488114933716135 0.51629714295268092 2.0098487243521963 1.2754340795800088 0.60852626827545453 0.31875648070126772 2.7090661723632361 0.60738002858124651 0.65666191419586539 0.57959629409015179 0.44259977433830489 0.36056042823474843
leaf_count=19 18 96 68 14 37 58 27 5 52 19 11 8 22 9
internal_value=0.00835167 0.0170188 -0.00862799 0.00496097 0.00134214 -0.0194906 0.0189402 -0.0187636 0.0133759 0.0289398 -0.00444445 0.0107625 0.0225414 -0.0344191
internal_weight=18.946 12.5434 6.40264 4.19327 5.41821 2.48108 2.93713 0.927283 3.66796 7.12519 1.26404 1.20565 3.15167 2.20937
internal_count=463 280 183 106 154 85 69 32 88 126 30 27 74 77
is_linear=0
shrinkage=0.05


Tree=116
num_leaves=15
num_cat=0
split_feature=32 35 48 145 111 114 161 50 54 120 12 47 50 119
split_gain=1.15527 0.994997 0.992429 1.01479 0.813755 0.977308 1.27481 1.06604 1.03806 0.787006 0.610947 0.665369 0.570579 0.85496
threshold=3.5000000000000004 4.5000000000000009 164.16666666666671 -0.01631132209286856 0.021730771088945489 -0.051476309085755706 -0.11381271475167702 0.032220600110230029 23.500000000000004 -0.046495718920568578 4986.0000000000009 10.623422523385672 0.012063426676513432 -0.0098145079790606642
decision_type=10 2 10 2 2 2 2 2 2 2 2 10 2 2
left_child=1 4 -2 -4 5 8 -7 -8 10 -3 -1 -12 13 -6
right_child=2 9 3 -5 12 6 7 -9 -10 -11 11 -13 -14 -15
leaf_value=0.046951089671175193 -0.053514727051056914 0.022117299134348709 -0.052556956804040988 0.030492157201754397 0.037189294346952138 0.051202035751043741 -0.051906559182680383 0.027622312118652254 -0.035171597671598463 -0.043109046248480415 -0.026713370293392297 0.039176581695495004 0.039553932107921269 -0.052157879928590722
leaf_weight=2.3734351848252122 1.3316431043203913 0.71559247141703997 0.53877210407517839 1.1592947840690611 0.63366944971494377 0.56384113151580129 1.7440536526264643 0.55560748884454358 0.69718657620251168 1.3073306954465795 0.76117205154150702 0.77148133143782616 4.6099004836287349 0.46365780115593203
leaf_count=33 46 13 22 26 14 6 107 12 15 51 15 12 68 23
internal_value=0.00699283 0.0126134 -0.0211998 0.00414187 0.0176268 0.00676247 -0.0161728 -0.0326921 0.0210295 -0.0200358 0.0310607 0.00645321 0.0318407 -0.000562902
internal_weight=18.2266 15.1969 3.02971 1.69807 13.174 7.46678 2.8635 2.29966 4.60328 2.02292 3.90609 1.53265 5.70723 1.09733
internal_count=463 369 94 48 305 200 125 119 75 64 60 27 105 37
is_linear=0
shrinkage=0.05


Tree=117
num_leaves=15
num_cat=0
split_feature=49 156 0 155 171 113 37 66 14 148 114 115 118 173
split_gain=0.836552 0.79889 0.765969 0.993929 0.962895 0.887448 0.947817 0.783179 0.770413 0.638245 0.629331 0.831698 0.508643 0.38321
threshold=-642.99999999999989 0.15109197541915056 982.00000000000011 -0.051138825492182495 -0.06591069712076035 0.28148492151741622 0.53695519754084853 12.500000000000002 3801981.5000000005 0.031123839313554686 0.068403296892008428 -0.0062550126831280419 -0.038396718915005644 -0.083981320183022401
decision_type=2 2 2 2 2 2 2 2 2 2 2 2 2 2
left_child=13 2 3 4 -2 12 8 -5 9 -7 -8 -12 -4 -1
right_child=1 -3 5 7 -6 6 10 -9 -10 -11 11 -13 -14 -15
leaf_value=0.040125251094307653 -0.053001208773323788 -0.051600708631476935 -0.0033517409106533316 -0.046635773379724299 0.030685054227680354 -0.052245453031937443 0.034419351714476187 0.010372741468193968 0.051434032522331599 0.0082481648046398206 0.024741462411951021 -0.052081751332261818 0.04250974345182186 -0.052022001724028592
leaf_weight=0.12888235575519502 0.41709579434245858 0.58302750799339342 0.73980423063039769 1.8629520987160479 1.9539803946390746 1.3549126577563586 2.4653889832552527 0.89039014000445593 0.31431956589221943 0.64291887870058406 0.85069990996271272 0.60134660475887436 3.3077420340850932 0.90568325074855482
leaf_count=5 10 45 15 74 38 55 42 14 4 18 12 32 50 52
internal_value=0.00303053 0.0058507 0.00802553 -0.00776537 0.0159638 0.0158992 0.00405598 -0.0282001 -0.0213301 -0.0327781 0.0190394 -0.00707389 0.0341273 -0.0405426
internal_weight=17.0191 15.9846 15.4016 5.12442 2.37108 10.2771 6.22959 2.75334 2.31215 1.99783 3.91744 1.45205 4.04755 1.03457
internal_count=466 409 364 136 48 228 163 88 77 73 86 44 65 57
is_linear=0
shrinkage=0.05


Tree=118
num_leaves=15
num_cat=0
split_feature=78 20 41 186 29 117 32 86 126 173 166 35 124 122
split_gain=1.0556 0.973674 0.702891 1.21734 0.943559 1.02062 0.841504 0.761147 0.710773 0.57691 0.502823 0.606331 0.586114 0.506899
threshold=-0.11317404496317361 2217.0000000000005 0.20378451712959106 0.037796294109814277 2.5000000000000004 -0.045771705443862019 2.5000000000000004 0.060549067340039363 -0.046723678530872177 -0.066114541897796406 0.013759561803969249 3.5000000000000004 0.016587583700944545 -0.016594814043159042
decision_type=2 2 8 2 2 2 10 2 2 2 2 2 2 2
left_child=-1 9 3 4 6 -6 8 -4 -3 -2 11 -5 -13 -12
right_child=1 2 7 10 5 -7 -8 -9 -10 -11 13 12 -14 -15
leaf_value=0.034883668912426231 0.020875163079428521 -0.053203231787159334 0.03248958106054408 0.050151451948988623 0.021331027712884611 -0.052632951846254321 -0.052469947047572518 -0.031416577645129506 0.026225181759064631 -0.052231402914555018 0.027607615214958456 -0.052379997510337721 0.04161412297389238 -0.034041468851437759
leaf_weight=2.6074663458857712 0.34390968363732088 0.32497001881711263 3.1993406889960165 1.6749500276055194 0.58862456399947349 2.2462208212818959 0.557153996429406 0.54535491066053499 2.1131684617139381 1.2532755862921465 0.64363117842003703 0.3384507696609943 0.32522118091583252 0.69183856016024925
leaf_count=37 12 13 51 22 14 90 29 14 52 80 14 12 8 22
internal_value=0.00554267 0.000389421 0.0048353 -0.00239362 -0.016599 -0.0372751 0.00296964 0.0231827 0.0156385 -0.0364899 0.0201478 0.0341256 -0.00631977 -0.00432962
internal_weight=17.4536 14.8461 13.2489 9.50423 5.83014 2.83485 2.99529 3.7447 2.43814 1.59719 3.67409 2.33862 0.663672 1.33547
internal_count=470 433 341 276 198 104 94 65 65 92 78 42 20 36
is_linear=0
shrinkage=0.05


Tree=119
num_leaves=15
num_cat=0
split_feature=159 139 57 50 53 81 152 39 105 171 114 29 41 37
split_gain=0.860644 0.804456 0.798662 1.29679 0.890231 1.08712 0.850809 0.757093 0.559475 0.475907 0.474763 0.422948 0.6533 0.395759
threshold=-0.14021240664624185 0.085383531006260394 -1.0000000180025095e-35 0.010481873571210642 -1.6987216459873276 -0.028150359276707022 0.042079055061512771 0.092491287953967341 -0.034631447525545464 -0.063328878742922964 -0.10743654532930202 4.5000000000000009 0.1384253428350822 0.52661780206365194
decision_type=2 2 2 2 2 2 2 2 2 2 2 2 8 2
left_child=-1 2 3 -2 8 9 11 -7 -4 -6 -8 -5 -13 -11
right_child=1 -3 4 6 5 7 10 -9 -10 13 -12 12 -14 -15
leaf_value=-0.05286393548006333 -0.037248732833618299 -0.053076235591921983 -0.03028822617275255 0.03765641951636782 -0.051676378777522604 -0.05113673327726162 0.026315080360431588 0.0046768442304572638 0.032716281716007108 -0.032869193433660793 -0.052414446437034905 -0.051736634485193111 0.041374405094653996 0.031509237356864395
leaf_weight=0.6292013146448906 0.88798454869538712 0.54292601416818875 0.42670356133021448 5.6119973134482279 0.25278070359490845 2.0631213262677126 0.31430832296609879 0.86121629085391749 2.0221770058851707 0.28250358719378965 0.49003478721715499 0.35384629340842355 0.40287753939628601 1.5403148044715633
leaf_count=25 44 16 12 93 14 91 6 15 41 23 18 20 6 41
internal_value=0.0044999 0.00674832 0.00884249 0.0197492 -0.00296071 -0.0150578 0.0268053 -0.0346997 0.0217381 0.012616 -0.0216498 0.0329249 -0.00216459 0.0215318
internal_weight=16.682 16.0528 15.5099 8.06105 7.44882 4.99994 7.17306 2.92434 2.44888 2.0756 0.804343 6.36872 0.756724 1.82282
internal_count=465 440 424 187 237 184 143 106 53 78 24 119 26 64
is_linear=0
shrinkage=0.05


Tree=120
num_leaves=15
num_cat=0
split_feature=156 87 51 47 189 29 182 145 38 161 132 117 147 135
split_gain=0.663854 0.696759 0.711901 1.30806 0.843676 1.35981 0.868745 0.614472 0.591982 0.72262 0.574011 0.566715 0.547958 0.469898
threshold=0.15354134287175594 -0.097060949121464471 -0.0073132362802012909 21.340137003098913 -0.003822245069199402 3.5000000000000004 -0.06092181397238218 -0.059862129892708539 0.14349705149523465 -0.030684013178487176 0.028774088653106541 0.045947608828374946 0.076030636837122592 -0.04635289113832617
decision_type=2 2 2 8 2 2 2 2 2 2 2 2 2 2
left_child=1 -1 4 12 5 8 -6 -8 9 -3 -5 -11 -4 -7
right_child=-2 2 3 10 6 13 7 -9 -10 11 -12 -13 -14 -15
leaf_value=-0.039790221323416156 -0.051403223843751539 0.031601015141965255 -0.051794583342687273 0.030571692191621598 -0.040834515477188145 0.015461008384816075 -0.023722367017121528 0.038311378032757956 0.049884525697997055 -0.052410309617383612 -0.027103974525915321 0.018436192399779335 0.022309478976595278 -0.052257014581920974
leaf_weight=0.70896481466480032 0.47270230349386011 1.2567705647088612 1.4787532994523616 1.8583370258565994 0.41486540343612421 0.32650994532741595 0.42945085570681829 5.666350733023136 1.0762492441572247 0.6818409692496068 0.56181472912430752 0.48168133338913321 0.30008480953983951 1.1891957964980973
leaf_count=25 44 22 92 36 15 9 12 92 15 29 13 11 9 46
internal_value=0.00701568 0.00869634 0.0108828 -0.00674247 0.0173055 0.00188591 0.0291763 0.0339411 0.0190326 0.00531345 0.0171828 -0.0230809 -0.0392934 -0.0376693
internal_weight=16.9036 16.4309 15.7219 4.19899 11.5229 5.01225 6.51067 6.0958 3.49654 2.42029 2.42015 1.16352 1.77884 1.51571
internal_count=470 426 401 150 251 132 119 104 77 62 49 40 101 55
is_linear=0
shrinkage=0.05


Tree=121
num_leaves=15
num_cat=0
split_feature=32 188 178 179 71 29 189 184 106 117 46 92 53 190
split_gain=0.934614 0.845482 0.79207 0.732409 0.724627 0.601271 1.47062 0.672103 0.539048 0.521636 0.502002 0.498332 0.38821 0.349887
threshold=3.5000000000000004 -0.027096193703886547 -0.10328767764614531 -0.11050728045032217 38.625000000000007 3.5000000000000004 -0.0024444689057119364 -0.083839063550660439 -0.07037107874053021 -0.074796788172286452 40.530945926154466 -0.027876816465078138 -0.85979507586501747 0.073577401086248675
decision_type=10 2 2 2 10 2 2 2 2 2 2 2 2 2
left_child=2 10 -1 -4 5 7 9 -5 12 -7 -2 -8 -9 -10
right_child=1 -3 3 4 -6 6 11 8 13 -11 -12 -13 -14 -15
leaf_value=-0.038049975833912258 0.045077270772549694 -0.044183628216881238 -0.051623867180407013 -0.026518186420647922 -0.041339073127030668 0.030253829557758502 -0.019700891208447945 0.032301327327949048 0.038072843506169546 -0.052233795854024094 -0.022164812908170312 0.036620374339351329 -0.052076681699565509 -0.0077676404524569505
leaf_weight=0.79537254641763766 0.56690413551405094 1.6629988733911893 0.41807098919525643 0.55209060013293765 0.53193812537938434 0.22932685166597355 0.48951802588999327 0.23647970007732511 5.9795704449061349 1.1668611881323161 0.54383107891771942 1.9867452537873755 0.32183489925227693 0.44741058279760171
leaf_count=23 10 63 19 20 33 3 22 6 119 47 20 42 15 15
internal_value=0.00475291 -0.0216231 0.0103142 0.0134265 0.0157039 0.0183633 0.00234989 0.0265904 0.0307879 -0.038685 0.0121546 0.0254866 -0.0163375 0.0348817
internal_weight=15.929 2.77373 13.1552 12.3598 11.9418 11.4098 3.87245 7.53739 6.9853 1.39619 1.11074 2.47626 0.558315 6.42698
internal_count=457 93 364 341 322 289 114 175 155 50 30 64 21 134
is_linear=0
shrinkage=0.05


end of trees

feature_importances:
今後のDX展望_svd1=117
アンケート７=55
売上高経常利益率=47
ROA=33
有利子負債比率=31
組織図_svd3=31
従業員数=28
売上高営業利益率=28
アンケート８=27
減価償却費率=26
企業概要_svd7=24
組織図_svd9=23
組織図_svd26=23
負債比率=22
アンケート４=21
戦略実感ギャップ=20
今後のDX展望_svd3=19
組織図_svd36=19
自己資本比率=18
ソフトウェア投資対有形固定資産比=17
今後のDX展望_svd2=17
今後のDX展望_svd35=17
企業概要_svd9=16
営業CF=15
フリーCF=15
企業概要_svd4=15
企業概要_svd14=15
アンケート１０=14
ROE=14
企業概要_svd29=14
今後のDX展望_svd7=14
組織図_svd8=14
企業概要_svd2=13
企業概要_svd8=13
企業概要_svd11=13
今後のDX展望_svd21=13
今後のDX展望_svd25=13
組織図_svd33=13
無形固定資産変動率=12
企業概要_svd5=12
企業概要_svd26=12
企業概要_svd31=12
営業利益=11
有利子負債=11
事業所あたり従業員数=11
DX前向きスコア合計=11
今後のDX展望_svd0=11
今後のDX展望_svd15=11
組織図_svd6=11
組織図_svd10=11
組織図_svd30=11
経常利益=10
一人当たり営業利益=10
企業概要_svd15=10
企業概要_svd30=10
企業概要_svd38=10
今後のDX展望_svd4=10
今後のDX展望_svd9=10
組織図_svd21=10
組織図_svd25=10
企業概要_svd3=9
企業概要_svd13=9
企業概要_svd34=9
今後のDX展望_svd18=9
今後のDX展望_svd27=9
今後のDX展望_svd33=9
組織図_svd18=9
組織図_svd34=9
組織図_svd35=9
組織図_svd39=9
DX部署有無_組織図=8
企業概要_svd17=8
今後のDX展望_svd8=8
今後のDX展望_svd13=8
今後のDX展望_svd38=8
組織図_svd2=8
組織図_svd13=8
組織図_svd37=8
自己資本=7
アンケート２=7
今後のDX展望_len=7
企業概要_svd28=7
企業概要_svd32=7
企業概要_svd37=7
今後のDX展望_svd5=7
今後のDX展望_svd6=7
今後のDX展望_svd14=7
今後のDX展望_svd22=7
今後のDX展望_svd32=7
今後のDX展望_svd37=7
組織図_svd0=7
組織図_svd5=7
組織図_svd20=7
組織図_svd32=7
総資産=6
長期借入金=6
DXキーワード数_DX展望=6
企業概要_svd22=6
企業概要_svd33=6
今後のDX展望_svd11=6
今後のDX展望_svd26=6
今後のDX展望_svd30=6
今後のDX展望_svd36=6
今後のDX展望_svd39=6
組織図_svd16=6
組織図_svd17=6
組織図_svd19=6
組織図_svd29=6
組織図_svd31=6
純資産=5
売上=5
無形固定資産変動(ソフトウェア関連)=5
店舗数_事業所数比=5
企業概要_svd1=5
企業概要_svd19=5
企業概要_svd39=5
今後のDX展望_svd19=5
今後のDX展望_svd24=5
今後のDX展望_svd34=5
組織図_svd11=5
組織図_svd12=5
組織図_svd24=5
事業所数=4
工場数=4
資本金=4
当期純利益=4
アンケート１=4
DX抵抗感=4
組織図_len=4
企業名_len=4
工場数_事業所数比=4
企業概要_svd6=4
企業概要_svd16=4
企業概要_svd18=4
企業概要_svd20=4
今後のDX展望_svd10=4
今後のDX展望_svd17=4
今後のDX展望_svd28=4
組織図_svd1=4
組織図_svd4=4
組織図_svd22=4
流動資産比率=3
有形固定資産変動率=3
企業概要_len=3
企業概要_svd10=3
企業概要_svd12=3
企業概要_svd23=3
企業概要_svd25=3
企業概要_svd27=3
企業概要_svd35=3
今後のDX展望_svd12=3
今後のDX展望_svd16=3
今後のDX展望_svd20=3
今後のDX展望_svd23=3
今後のDX展望_svd29=3
今後のDX展望_svd31=3
組織図_svd14=3
組織図_svd38=3
業界=2
店舗数=2
固定資産=2
負債=2
短期借入金=2
有形固定資産変動=2
一人当たり売上=2
企業概要_svd24=2
組織図_svd15=2
組織図_svd23=2
組織図_svd27=2
組織図_svd28=2
上場種別=1
運転資本変動=1
投資CF=1
アンケート３=1
アンケート５=1
アンケート１１=1
DXキーワード数_企業概要=1
組織図行数=1
企業概要_svd0=1
企業概要_svd21=1
企業概要_svd36=1
組織図_svd7=1

parameters:
[boosting: gbdt]
[objective: binary]
[metric: binary_logloss]
[tree_learner: serial]
[device_type: cpu]
[data_sample_strategy: bagging]
[data: ]
[valid: ]
[num_iterations: 1000]
[learning_rate: 0.05]
[num_leaves: 15]
[num_threads: 0]
[seed: 42]
[deterministic: 0]
[force_col_wise: 0]
[force_row_wise: 0]
[histogram_pool_size: -1]
[max_depth: -1]
[min_data_in_leaf: 10]
[min_sum_hessian_in_leaf: 0.001]
[bagging_fraction: 0.8]
[pos_bagging_fraction: 1]
[neg_bagging_fraction: 1]
[bagging_freq: 1]
[bagging_seed: 400]
[bagging_by_query: 0]
[feature_fraction: 0.8]
[feature_fraction_bynode: 1]
[feature_fraction_seed: 30056]
[extra_trees: 0]
[extra_seed: 12879]
[early_stopping_round: 0]
[early_stopping_min_delta: 0]
[first_metric_only: 0]
[max_delta_step: 0]
[lambda_l1: 0]
[lambda_l2: 0]
[linear_lambda: 0]
[min_gain_to_split: 0]
[drop_rate: 0.1]
[max_drop: 50]
[skip_drop: 0.5]
[xgboost_dart_mode: 0]
[uniform_drop: 0]
[drop_seed: 17869]
[top_rate: 0.2]
[other_rate: 0.1]
[min_data_per_group: 100]
[max_cat_threshold: 32]
[cat_l2: 10]
[cat_smooth: 10]
[max_cat_to_onehot: 4]
[top_k: 20]
[monotone_constraints: ]
[monotone_constraints_method: basic]
[monotone_penalty: 0]
[feature_contri: ]
[forcedsplits_filename: ]
[refit_decay_rate: 0.9]
[cegb_tradeoff: 1]
[cegb_penalty_split: 0]
[cegb_penalty_feature_lazy: ]
[cegb_penalty_feature_coupled: ]
[path_smooth: 0]
[interaction_constraints: ]
[verbosity: -1]
[saved_feature_importance_type: 0]
[use_quantized_grad: 0]
[num_grad_quant_bins: 4]
[quant_train_renew_leaf: 0]
[stochastic_rounding: 1]
[linear_tree: 0]
[max_bin: 255]
[max_bin_by_feature: ]
[min_data_in_bin: 3]
[bin_construct_sample_cnt: 200000]
[data_random_seed: 175]
[is_enable_sparse: 1]
[enable_bundle: 1]
[use_missing: 1]
[zero_as_missing: 0]
[feature_pre_filter: 1]
[pre_partition: 0]
[two_round: 0]
[header: 0]
[label_column: ]
[weight_column: ]
[group_column: ]
[ignore_column: ]
[categorical_feature: 1,2,3]
[forcedbins_filename: ]
[precise_float_parser: 0]
[parser_config_file: ]
[objective_seed: 16083]
[num_class: 1]
[is_unbalance: 0]
[scale_pos_weight: 3.14525]
[sigmoid: 1]
[boost_from_average: 1]
[reg_sqrt: 0]
[alpha: 0.9]
[fair_c: 1]
[poisson_max_delta_step: 0.7]
[tweedie_variance_power: 1.5]
[lambdarank_truncation_level: 30]
[lambdarank_norm: 1]
[label_gain: ]
[lambdarank_position_bias_regularization: 0]
[eval_at: ]
[multi_error_top_k: 1]
[auc_mu_weights: ]
[num_machines: 1]
[local_listen_port: 12400]
[time_out: 120]
[machine_list_filename: ]
[machines: ]
[gpu_platform_id: -1]
[gpu_device_id: -1]
[gpu_device_id_list: ]
[gpu_use_dp: 0]
[num_gpu: 1]

end of parameters

pandas_categorical:[["\u5316\u5b66", "\u904b\u8f38\u30fb\u7269\u6d41", "\u5efa\u8a2d\u30fb\u5de5\u4e8b", "\u6a5f\u68b0", "\u533b\u7642\u30fb\u798f\u7949", "\u98df\u54c1", "\u88fd\u9020", "\u81ea\u52d5\u8eca\u30fb\u4e57\u308a\u7269", "\u6a5f\u68b0\u95a2\u9023\u30b5\u30fc\u30d3\u30b9", "\u5916\u98df", "\u5c0f\u58f2", "\u30a8\u30f3\u30bf\u30e1", "\u305d\u306e\u4ed6\u30b5\u30fc\u30d3\u30b9", "\u30b3\u30f3\u30b5\u30eb\u30c6\u30a3\u30f3\u30b0", "\u751f\u6d3b\u7528\u54c1", "\u30a8\u30cd\u30eb\u30ae\u30fc", "\u30a2\u30d1\u30ec\u30eb\u30fb\u7f8e\u5bb9", "\u96fb\u6c17\u88fd\u54c1", "IT", "\u91d1\u878d", "\u4e0d\u52d5\u7523", "\u5546\u793e", "\u901a\u4fe1", "\u4eba\u6750", "\u5e83\u544a", "\u30b2\u30fc\u30e0", "\u30de\u30b9\u30b3\u30df", "\u305d\u306e\u4ed6", "\u6559\u80b2", "\u901a\u4fe1\u6a5f\u5668", "\u5c02\u9580\u30b5\u30fc\u30d3\u30b9"], ["GR", "PR", "ST"], ["BtoB", "BtoB, BtoC", "BtoC", "BtoB, BtoC, CtoC", "CtoC", "missing"]]
